{"type":"FeatureCollection","features":[{"type":"Feature","id":0,"geometry":{"type":"Polygon","coordinates":[[[-101.98523669823869,40.003288479750417],[-101.99494579147274,40.00318847905239],[-102.0140094332403,40.003233932948532],[-102.02056398062413,40.003206659580044],[-102.03717307563029,40.003152113209033],[-102.05175489711768,40.003088475208351],[-102.05175489603998,40.000615748388682],[-102.05178216917344,39.999997566276399],[-102.05172762189785,39.985161200261992],[-102.05176398567806,39.984870290825782],[-102.05173671260081,39.978170290079206],[-102.05171853013482,39.973652107840998],[-102.05167307345543,39.961315741943466],[-102.05164579959289,39.952552104681679],[-102.05160943510762,39.943779376469855],[-102.05157307014295,39.934270284179966],[-102.0515457969699,39.92476119180197],[-102.05150034064059,39.912552098431028],[-102.05148215881744,39.908106643742464],[-102.05151852244879,39.907215734643401],[-102.05150943152525,39.905306643426279],[-102.05146397601537,39.896733914651648],[-102.05142761081711,39.888161185948334],[-102.05136397347715,39.874997548188205],[-102.05144579036198,39.86623390977293],[-102.05151851655953,39.857461181351098],[-102.05158215171487,39.849815725608103],[-102.0516639700562,39.847733907657869],[-102.05151851537794,39.847552089144934],[-102.05146396940799,39.844024815977065],[-102.05137306083671,39.843479361236803],[-102.05135546604558,39.839545702110819],[-102.0513276045494,39.833315723647253],[-102.05130942245786,39.82877935943138],[-102.05129123986234,39.825224813256845],[-102.05126396727225,39.818997540033166],[-102.05120032862571,39.804661174381351],[-102.05113669074233,39.790206626827803],[-102.05108214414527,39.777524806595807],[-102.05103668828413,39.764833895313174],[-102.0510185057862,39.761579349071297],[-102.05096395859033,39.750933893824893],[-102.05096395897779,39.749997529518104],[-102.05089602980317,39.743870549585715],[-102.05087304895227,39.741797528226364],[-102.05078213921982,39.732497527176641],[-102.05069122881693,39.723197525513442],[-102.05065486414883,39.719097524758062],[-102.0507548630649,39.707542977630951],[-102.0507003164423,39.696942976085296],[-102.05067304354765,39.691070247959175],[-102.05060940510184,39.6765702465933],[-102.05060031383492,39.675597519041702],[-102.05059122268179,39.674670246271347],[-102.05054576823349,39.670733881959805],[-102.05051849438811,39.661124789085434],[-102.05051849384868,39.66094297146627],[-102.05029122090512,39.657188425330951],[-102.05010031119139,39.654033879580403],[-102.05025485558886,39.646352059649573],[-102.05031849271779,39.646242968939752],[-102.05042758339818,39.646052060154069],[-102.050309400776,39.640961149751028],[-102.05029121784601,39.633197512422718],[-102.05028212635362,39.625442965585641],[-102.05030030853271,39.624997511653902],[-102.05028212622314,39.6206793289224],[-102.05025485216805,39.611206600252316],[-102.05025485199428,39.6110247823596],[-102.05020030628573,39.60615205404369],[-102.05005485037898,39.59382477941579],[-102.04996394099363,39.592333869941619],[-102.04993666802891,39.590488415081971],[-102.04987303038172,39.582270232234698],[-102.04981848462963,39.574061140508427],[-102.04977302971498,39.56817932113691],[-102.04976393781125,39.562361138457206],[-102.04965484464304,39.548961136148485],[-102.0495639351761,39.538942953069025],[-102.04968211679609,39.536697498792471],[-102.04962756986188,39.521761132194058],[-102.04965484155213,39.513979313153939],[-102.0496912044968,39.506188403370793],[-102.0497821122228,39.500306584267221],[-102.04974574854735,39.499997492893144],[-102.04968211244756,39.495606583030295],[-102.04965497145842,39.490697740756367],[-102.04960029276032,39.480806581124483],[-102.0496912006556,39.47737930787504],[-102.04957301933638,39.47552476202339],[-102.04960029067594,39.471161124801029],[-102.04960029081683,39.467042942472276],[-102.04945483588359,39.466542942356192],[-102.04951847263465,39.465352033342647],[-102.04949119877435,39.454297486186036],[-102.04946392426898,39.443242938997471],[-102.04941846875187,39.433288392566716],[-102.04938210362431,39.423342936675816],[-102.04938210329824,39.418215662553941],[-102.04917301099213,39.408524752676598],[-102.04917301070466,39.403606569665925],[-102.04919119198435,39.394070204208525],[-102.04920028163178,39.384533839848991],[-102.04920937144902,39.375006565162515],[-102.04897300731889,39.373715656401728],[-102.04902755276497,39.371961110286982],[-102.04879118847832,39.365324745896551],[-102.04888209690426,39.359815654036311],[-102.04889118730591,39.350852016402783],[-102.04884573111484,39.34156110556021],[-102.04862754802467,39.332115650238336],[-102.04864573005813,39.33187019571168],[-102.04863663950941,39.33152474128044],[-102.0486820939884,39.329861103872744],[-102.04868209347366,39.329570195445584],[-102.04865482127146,39.32794292175236],[-102.04862754720136,39.32354292141207],[-102.0485730014251,39.317342920943148],[-102.04845481868745,39.307488373939442],[-102.04845481857761,39.306761100936249],[-102.04846390898641,39.303142918774817],[-102.04834572529576,39.288642916741104],[-102.04822754224863,39.274142914062246],[-102.04807299535088,39.263633821851826],[-102.04790935824489,39.253124729158991],[-102.04808208446151,39.250006546862082],[-102.04802753836462,39.243070182748539],[-102.0478548105273,39.234588363029182],[-102.04784571930526,39.234115635938331],[-102.04776389946669,39.22029745154596],[-102.0477047562881,39.211507586247969],[-102.04769117161536,39.209488358800996],[-102.04762753424232,39.198670176189658],[-102.04755480557826,39.186079265021668],[-102.04747298598699,39.17347926303988],[-102.04739116625763,39.160879261434204],[-102.04731843774888,39.148288350089381],[-102.04728207371268,39.147733804278793],[-102.04727298243294,39.14391562248823],[-102.04725480024111,39.139388349064738],[-102.04726389036901,39.137024711765839],[-102.04720025465352,39.136861075560169],[-102.0471729809633,39.133151984460007],[-102.0471457079707,39.129706529182506],[-102.04711843439553,39.12500652832567],[-102.04701843400288,39.121251982579189],[-102.04693661436991,39.107051980393194],[-102.04691843253504,39.10420652503494],[-102.04685479531028,39.093497433185881],[-102.04679115726724,39.08279743102382],[-102.04672752006991,39.072088338987157],[-102.04666388230824,39.061379246310345],[-102.04665479102785,39.060215609402121],[-102.04658206245431,39.047042880820669],[-102.04655478916411,39.042233788690602],[-102.04654569859193,39.040988334536465],[-102.04649115270304,39.032770150672413],[-102.04640933233327,39.017970149113786],[-102.04643660522015,39.016970148588854],[-102.04636387658128,39.008488329750712],[-102.04629114850161,39.000015601052851],[-102.04617296549489,38.990897417912684],[-102.0460547830131,38.981779234720143],[-102.04606387269341,38.974397414845825],[-102.04605478235949,38.973261051029503],[-102.04600932643653,38.964633777212207],[-102.04596387123492,38.955997412088898],[-102.04591841546912,38.947361047566538],[-102.04588205095658,38.938733773325765],[-102.0458745507219,38.937255129381015],[-102.0458275044919,38.927979226626249],[-102.04577295855667,38.917233770470688],[-102.04572750277151,38.909515586874342],[-102.04569113779411,38.90179740472982],[-102.04565477397487,38.89407922155668],[-102.04561840906489,38.886361038214332],[-102.04546386287011,38.875015582179955],[-102.04560022609168,38.873006490786246],[-102.04556386187797,38.870579217972626],[-102.04538204291957,38.858206488716256],[-102.04537295123497,38.857597398027764],[-102.04536386108846,38.856906488225299],[-102.04541840485042,38.842788304794304],[-102.04540931245138,38.830688302913245],[-102.04540931205314,38.829061029467702],[-102.04540931171736,38.825979211098677],[-102.04540021995352,38.81339739144552],[-102.04545476528908,38.812670118667235],[-102.04534567237863,38.799470116626857],[-102.04534567228973,38.799033752586801],[-102.04540021715327,38.791251933435163],[-102.04545476180746,38.783461023022305],[-102.04537294228128,38.76949738475642],[-102.04530021383448,38.755533746408823],[-102.04530021327103,38.755333746212287],[-102.04538203178708,38.754342837131155],[-102.04530930390477,38.750015563610333],[-102.04540930310181,38.742224652699086],[-102.04536384769655,38.734261015326148],[-102.04532748379394,38.726297378042013],[-102.04529111894665,38.718851922263141],[-102.04521838965846,38.704524647414573],[-102.04521838958161,38.697570100793072],[-102.04516384249567,38.688751917718584],[-102.04516384308333,38.688561008417459],[-102.04513656983679,38.686733735432753],[-102.04516384208128,38.683261007670303],[-102.0451729327804,38.675224642717801],[-102.04510929655052,38.674951916129203],[-102.04509111330837,38.670424642555261],[-102.04508202293832,38.669624642026704],[-102.04520020401823,38.65873373115955],[-102.04512747627633,38.654615549265294],[-102.04511838460472,38.654342821958828],[-102.04509111103792,38.642042820182574],[-102.0450638370461,38.629733726994566],[-102.04498201785445,38.625451908574192],[-102.04500929040756,38.625015544327049],[-102.04500929000352,38.615415543542063],[-102.0453001990205,38.615251906748391],[-102.04524565218512,38.605406450784429],[-102.04519110578433,38.595560994416907],[-102.04520928721982,38.586006447290814],[-102.04521837776898,38.581088264967207],[-102.0451092858837,38.57374280972752],[-102.04516383076844,38.569624626796404],[-102.04508201282732,38.567179172407187],[-102.04496383102776,38.567088263372298],[-102.04508201269459,38.566606444871468],[-102.04513655722002,38.560688262538406],[-102.04514564812852,38.560115534307393],[-102.04520019334863,38.558742806813044],[-102.0452365555612,38.543806441279195],[-102.04520019193855,38.543551896238725],[-102.04517291947559,38.543251896211203],[-102.04511837288528,38.538242803755907],[-102.04518200845003,38.529442802721739],[-102.04511837132506,38.523788256165524],[-102.04512746252068,38.522697347596456],[-102.04520018868926,38.514115527754001],[-102.04527291492502,38.505542799237745],[-102.04527291455099,38.505406435140635],[-102.0453274602332,38.500170071234407],[-102.04533655113164,38.500024616952622],[-102.04500927796974,38.499942798730807],[-102.04502745924317,38.494479160894876],[-102.04506382234482,38.485933705666412],[-102.04512745804288,38.485751887151878],[-102.04512745741866,38.472315521456039],[-102.04513654792757,38.468688248463494],[-102.04528200139109,38.463779156489863],[-102.04530927454019,38.462970065600814],[-102.0453365471497,38.46197006561971],[-102.045336546111,38.45365188244017],[-102.0452820006376,38.450851881379229],[-102.04510927273033,38.448124608680835],[-102.04488199845643,38.436579152782343],[-102.04497290704697,38.427951878094795],[-102.04494563419877,38.422097331786496],[-102.04494563323478,38.419970058703917],[-102.04494563295778,38.419688240398386],[-102.04445472360021,38.415806421731986],[-102.04443654124002,38.407570057299679],[-102.0449092683295,38.404279147680775],[-102.04489108681908,38.403870056516688],[-102.04483654050448,38.401397328633962],[-102.04491835829606,38.398770055946819],[-102.04495472248128,38.397533692302083],[-102.04503653976626,38.396570055640069],[-102.04506381346033,38.396142782997359],[-102.04489108527071,38.392933691302126],[-102.04486381164675,38.384588235707945],[-102.04495472140071,38.38442459869627],[-102.04498648143003,38.382372265351329],[-102.04510017463336,38.375024597292828],[-102.04488199186473,38.365242778279892],[-102.04466380924305,38.355470048826596],[-102.04453653566647,38.349424593983628],[-102.04455471608661,38.340151865422655],[-102.04457289681839,38.330879136159794],[-102.04460016890087,38.321606407356938],[-102.04461834932781,38.312333678625926],[-102.04461834967512,38.312042770094365],[-102.04448198533683,38.306179132720594],[-102.04448198457155,38.297824586097903],[-102.04448198317587,38.283460947375531],[-102.04460016491451,38.28332458350831],[-102.044545619004,38.277060946526333],[-102.04451834566613,38.268915490977513],[-102.04458198187743,38.268824581733263],[-102.04451834524399,38.268706399702488],[-102.04440925392306,38.26248821706325],[-102.04438197941232,38.250306396948005],[-102.04440925310712,38.250024578450905],[-102.04449107032522,38.250024578448119],[-102.0444547063602,38.244606395893847],[-102.04449106936863,38.239042758871342],[-102.04445470598166,38.233479121875313],[-102.04449106933235,38.231851848733626],[-102.04450015965972,38.231606394117286],[-102.04447288774692,38.231342757691365],[-102.04446379567399,38.22719730206024],[-102.04449106806486,38.224642756256827],[-102.04445470380305,38.221533665213684],[-102.04443652169208,38.218460937876202],[-102.04442743075029,38.217197300714417],[-102.04437288519399,38.210833663953494],[-102.04436379357666,38.20442457130293],[-102.04437288426297,38.201651843633456],[-102.04433652030961,38.196151843076251],[-102.04432742917702,38.193597297301693],[-102.04430924587469,38.187442750736437],[-102.04430924585834,38.181506386471867],[-102.04431833556686,38.17556093117166],[-102.04433651832042,38.174288203611781],[-102.04435469914506,38.172788202879296],[-102.04438197225466,38.169670021085381],[-102.04439106230481,38.166688202667657],[-102.04439106244062,38.161215474432133],[-102.04437288028753,38.158897292137176],[-102.04436378879963,38.155342746211076],[-102.04438197030484,38.150097290576525],[-102.04440924275438,38.146197289941412],[-102.04434560549157,38.144424562490663],[-102.04426378739706,38.141788198370762],[-102.04428196857086,38.13806092477698],[-102.04430015067186,38.134451833360998],[-102.04430015017815,38.131442742217779],[-102.04429105838466,38.129306378714993],[-102.04428196763827,38.12859728757779],[-102.04460014969938,38.125024559278764],[-102.04426378433588,38.113015466667676],[-102.04428196562624,38.109451829750199],[-102.04431832915147,38.100851828520767],[-102.04436378211186,38.092251827030985],[-102.04440014481419,38.083660916804703],[-102.04443650827533,38.075060915642503],[-102.04453650709293,38.061606367962895],[-102.04462741499052,38.048160911790326],[-102.04463650526203,38.047788183884876],[-102.04465468678714,38.045542729348149],[-102.04466377732322,38.044742728633473],[-102.04471832335277,38.041260910646933],[-102.04470014054313,38.038906364606461],[-102.04467286737564,38.035842727784356],[-102.04462741247646,38.030806363453017],[-102.04461832132445,38.030197272502654],[-102.04461832199037,38.02969727181047],[-102.0445910490937,38.02695181694947],[-102.04459104819107,38.024606362218769],[-102.04458202263483,38.019705827641111],[-102.0445728658634,38.014733633595092],[-102.04456377331452,38.00486999595941],[-102.04452740956607,38.000015449790453],[-102.04452740887741,37.992297266323312],[-102.04452740784573,37.984579083596877],[-102.04442740779663,37.976197263795598],[-102.04432740611396,37.967815444758415],[-102.04422740543841,37.959424534071452],[-102.0441274050156,37.951042714898833],[-102.04410553869107,37.949293612701432],[-102.04402740377343,37.943042713483152],[-102.04385467495752,37.928106347491585],[-102.04385467500285,37.926142710787985],[-102.04370012775371,37.914006345494563],[-102.04358194494702,37.904260889532878],[-102.04346376248975,37.894515433131637],[-102.04333648926594,37.884769977177257],[-102.04321830603217,37.875015430525792],[-102.04322739596518,37.867933611385546],[-102.0431183042092,37.853915427377515],[-102.04320921281982,37.853360881222912],[-102.04312739408235,37.845415425790272],[-102.04305466666112,37.8374699697968],[-102.04295466534279,37.826851786697389],[-102.04286375617292,37.826742695436863],[-102.04290011950557,37.824333604688761],[-102.04304557437104,37.82415178612451],[-102.04295466529169,37.824088149488688],[-102.04292739109962,37.810888147576762],[-102.04284557277228,37.807042692776243],[-102.04290011765454,37.80366087412304],[-102.0429637541625,37.803542692479738],[-102.04270920656239,37.790451780745677],[-102.04268193405299,37.78876087180987],[-102.04250920659203,37.781924506956628],[-102.04259102437918,37.781560870500222],[-102.04245465993938,37.774560869454739],[-102.04216374928183,37.760169958360308],[-102.04218193068353,37.750015411484853],[-102.04235465738729,37.748215410540254],[-102.04216374718395,37.738551773340582],[-102.04202738279575,37.731133590294917],[-102.04188192710174,37.723879043378226],[-102.04176374386714,37.710297222949933],[-102.04163647033222,37.696706312290992],[-102.04161828735327,37.689251765339897],[-102.04160919727153,37.687506310949033],[-102.04149101520116,37.68736994650375],[-102.04158192312192,37.680442672963885],[-102.04170010342276,37.665688125611375],[-102.04161828470171,37.660079033964792],[-102.04159101223492,37.658915397466345],[-102.04170919407875,37.658642669583379],[-102.04161828457777,37.658369942520892],[-102.04159101161545,37.654506305341052],[-102.04159101123467,37.650406304767927],[-102.04159101135993,37.644288122466264],[-102.04160010085452,37.638142666944852],[-102.04160010071541,37.636906302779288],[-102.04160010038194,37.625024482736464],[-102.04161828071337,37.616451754447382],[-102.04162737097752,37.60786993419039],[-102.041681916123,37.607806297957218],[-102.04180009808957,37.601242660579707],[-102.04181827857404,37.590133568371947],[-102.04183645858255,37.579024475230185],[-102.04183645961488,37.578660838871983],[-102.04187282171938,37.568324473825896],[-102.041900093709,37.557979017939196],[-102.04190918387488,37.550224470761293],[-102.04190918277581,37.542460833515584],[-102.04190918256839,37.541197197207474],[-102.04202736403874,37.535269923747478],[-102.04197281850037,37.528851740087184],[-102.04190918095881,37.520624466449036],[-102.04184554394149,37.512388101968448],[-102.04179099802813,37.506069918893779],[-102.04183645200912,37.506033555045526],[-102.04197281553996,37.50555173699766],[-102.04183645130568,37.500024463735926],[-102.04174554218353,37.499660827061604],[-102.04174554253562,37.495415371353388],[-102.04171826849618,37.491088098041622],[-102.04171826848733,37.490488098461746],[-102.04174554082643,37.484733551690908],[-102.0417182685877,37.481851732828694],[-102.04175463108572,37.476906278211416],[-102.04180917640886,37.469860821823282],[-102.04180917612686,37.46962445823759],[-102.04180917623788,37.469497185517319],[-102.0418455390361,37.462406275336583],[-102.04187281111302,37.456451729696269],[-102.04187281065292,37.455860820430352],[-102.04181826512465,37.445360818316729],[-102.04176371847872,37.434860816972986],[-102.04168190010873,37.434751725792793],[-102.04168189875249,37.427542633515394],[-102.04175462621397,37.419006268855171],[-102.04182735173626,37.41047899455549],[-102.04182735212365,37.410151721927356],[-102.04168189709901,37.409906267081119],[-102.04180007883836,37.407133540202757],[-102.04172735130243,37.398160811108504],[-102.0416546231958,37.389197172890128],[-102.04160916826704,37.384042627159907],[-102.04160007718787,37.383415354290655],[-102.04160007677207,37.382715354195561],[-102.04153643926121,37.375024443870288],[-102.04181825753115,37.363924442468281],[-102.04210007389209,37.352824439952997],[-102.04198189241187,37.352615349086292],[-102.04190007373863,37.345824439086392],[-102.04184552782374,37.338506256329914],[-102.04179098148404,37.334524437168241],[-102.04185461731741,37.324024435457439],[-102.04182734337464,37.309497161189874],[-102.04167279625672,37.297660795101002],[-102.04177279606184,37.294788067946129],[-102.04195461231319,37.280006247621891],[-102.04189097597235,37.272369882487048],[-102.04195461179872,37.265851699582278],[-102.04194551972671,37.258406243903352],[-102.04197279268516,37.258169879938805],[-102.04202733834752,37.255424424961404],[-102.04213642821108,37.250024424582094],[-102.04215460955494,37.239151695669825],[-102.04218188097278,37.228269875717594],[-102.04219097162137,37.22566078395144],[-102.04198188047728,37.22205169236004],[-102.04197278961867,37.221915328837746],[-102.04197278815153,37.213833509936229],[-102.04198187898234,37.20776987246493],[-102.04198187796011,37.196651688631263],[-102.04199096771788,37.185533504965683],[-102.04199096681886,37.174588048701381],[-102.04200005622916,37.163642592312534],[-102.04200914687286,37.1526971361668],[-102.04200914586121,37.141751680196855],[-102.04207278157828,37.134333496935149],[-102.04212732577952,37.126724405188533],[-102.04213641716348,37.125842586236232],[-102.04214550802246,37.125024404542231],[-102.04210005249142,37.12502440443825],[-102.04208187103133,37.124315313638718],[-102.04187229336385,37.114508917943247],[-102.0418182332487,37.111978948361923],[-102.04193641524353,37.108824401871374],[-102.04187277819432,37.107333492572934],[-102.04194550573528,37.106878947476744],[-102.04199095995087,37.106560765910828],[-102.04204550546565,37.105151674533715],[-102.04204550451567,37.090933490138596],[-102.04205459504469,37.083024398539521],[-102.0420636846078,37.075115306368936],[-102.04206510236992,37.074040769518938],[-102.04207277512513,37.068224395854322],[-102.04207277452821,37.065142577059596],[-102.04208186514093,37.056242576062999],[-102.04210004590055,37.047351665055487],[-102.04192731795735,37.035088026662841],[-102.04199095386936,37.034906208732167],[-102.04190004456422,37.034715299203079],[-102.04176368051438,37.034406208531294],[-102.04192731752343,37.032188026208921],[-102.0420727720244,37.031615298819268],[-102.04210004425704,37.031106208538681],[-102.041963680683,37.030815299093589],[-102.04207277178341,37.028342571453166],[-102.04205458975669,37.025542571248465],[-102.0419636799441,37.024751661758302],[-102.04207277127769,37.024406207235764],[-102.04210004425005,37.023442570574332],[-102.042218225083,37.018369842230449],[-102.04208186054352,37.010515296056532],[-102.04227276857027,37.000024385253958],[-102.04224549501515,36.993088020071539],[-102.02821821948164,36.993133475622663],[-102.02693640055224,36.993133476182336],[-102.02599094592743,36.993133475622898],[-102.01661821646478,36.993169840380382],[-102.01030912480776,36.9931880223197],[-102.00770912385163,36.993188022562464],[-102.00138184894963,36.993297113345896],[-102.00052730374334,36.993251659405495],[-102.00045457621985,36.99325165948126],[-101.99206366558968,36.993260750138084],[-101.98935457381633,36.993288023527882],[-101.98221494258908,36.993309931617205],[-101.98044548064445,36.993315296437402],[-101.97689093459326,36.993324387555113],[-101.97412729744819,36.993333478640679],[-101.97118184180071,36.993342569937752],[-101.96710911365666,36.993433479018634],[-101.95797274837372,36.993397116280171],[-101.95603638436504,36.993388025378138],[-101.95330001920595,36.993460752755681],[-101.93808183463763,36.993533481202924],[-101.93522728837017,36.993542572174633],[-101.93350910581979,36.993551662845661],[-101.92040910235686,36.993551664218145],[-101.92007273910819,36.993551664254788],[-101.91716364732396,36.993760755386049],[-101.91293637414458,36.993706210088348],[-101.91253637354261,36.993706209431942],[-101.91086364616481,36.993688028447444],[-101.90516364405252,36.993651664441998],[-101.90407273478192,36.993642574348662],[-101.90220909826554,36.993642574474158],[-101.90073637126088,36.993669846641616],[-101.90050909836502,36.993688028918186],[-101.89906364295001,36.993688029274132],[-101.89316364166076,36.993715301511472],[-101.89202727834774,36.993715301654994],[-101.89096364091999,36.993724392863491],[-101.88990909509914,36.993724392905662],[-101.88433636654453,36.993751665869929],[-101.8810636383409,36.993724393817807],[-101.87545454603419,36.993742575956304],[-101.87495454653407,36.99374257549389],[-101.86864545418189,36.993760757992042],[-101.86594545341505,36.993769848519939],[-101.86255454321777,36.993797121675868],[-101.84809090310382,36.993869849892121],[-101.84467272146316,36.993897122707047],[-101.83909999222062,36.993924395764274],[-101.83357271799616,36.993951669423382],[-101.83216362731183,36.993960760091255],[-101.83009999062219,36.993969850925431],[-101.82966362688293,36.993969850784325],[-101.82661817072588,36.993988032819416],[-101.82099998766505,36.994033488137326],[-101.81754544179877,36.994124397177927],[-101.81329089552791,36.994097124428166],[-101.80873634864481,36.994060761131863],[-101.79435452757137,36.994133489923392],[-101.79191816343878,36.994160762547331],[-101.78542725256344,36.994242580764826],[-101.77632725061586,36.994215308862742],[-101.77265452211078,36.994306218389532],[-101.76734542990178,36.9942789460573],[-101.75833633672529,36.994351673846353],[-101.75445451760429,36.994415310117688],[-101.7504454257537,36.994397128610927],[-101.73998178629751,36.994415310624426],[-101.73627269465159,36.994460766009688],[-101.72175450972973,36.994588039250274],[-101.71824541829129,36.994606221648873],[-101.71279996239808,36.994588039428379],[-101.70372723255544,36.994615313049486],[-101.70016359527754,36.994706222063193],[-101.69488177599843,36.994660768543085],[-101.68589995525761,36.994733495768848],[-101.68201813606524,36.994778950938255],[-101.67289086116773,36.994797132741418],[-101.66778176949506,36.994797133645164],[-101.66390904088878,36.994797133672364],[-101.65471813035546,36.994842588859242],[-101.64981812930193,36.99484258884091],[-101.64565449107729,36.994888044030645],[-101.64049085360958,36.994897135257986],[-101.63833630836319,36.994906226117671],[-101.63224539701643,36.994924408141692],[-101.63081812449089,36.994878953438423],[-101.62839085070598,36.994851681228923],[-101.62690903252363,36.994851681130022],[-101.62544539570581,36.994860771877235],[-101.61432721150616,36.994978954827694],[-101.61377266564868,36.994988045451088],[-101.61341812058956,36.994997136719441],[-101.60953630077978,36.995015319005304],[-101.6042272089461,36.994978955781278],[-101.60159993502677,36.995106228073048],[-101.60040902627807,36.995160773356126],[-101.59844538967668,36.995115319061014],[-101.59520902477294,36.995051683101096],[-101.59270902405576,36.995142592033375],[-101.59170902386148,36.995188046761186],[-101.58214538575172,36.995233501868036],[-101.57751811098692,36.995251684684305],[-101.57336356538322,36.995260775051847],[-101.56420901783576,36.995397139323174],[-101.55993628946248,36.995342594060986],[-101.55927265251592,36.995333503855178],[-101.55534537856069,36.995415321784314],[-101.55524537909825,36.995424412732326],[-101.54641810450948,36.995406231916583],[-101.54309992182795,36.995397140334688],[-101.54124537586915,36.995397141135285],[-101.54045446664662,36.995415322455926],[-101.53716355682408,36.995488049789977],[-101.52355446168563,36.995506232902251],[-101.52329991649999,36.995506233157919],[-101.51907264266264,36.995551687358876],[-101.51454536904508,36.995597142587449],[-101.51146354973567,36.9955698699465],[-101.50515445783037,36.995524415585834],[-101.50101809288029,36.995588052200866],[-101.5004453661552,36.995542597839652],[-101.48716354416766,36.995660780331782],[-101.48533627064222,36.995615325896267],[-101.48316354321982,36.995615326429515],[-101.47395444982436,36.995642599265175],[-101.46939081277948,36.995624417512012],[-101.45640899119077,36.995515327921545],[-101.44697262523312,36.995642600903771],[-101.42873625755976,36.995878965513846],[-101.42873625704837,36.995951692708807],[-101.41501807231082,36.995969875707381],[-101.41388170834578,36.996015330065809],[-101.41073625274937,36.996133512253806],[-101.40710897903186,36.996115330842258],[-101.40197261510001,36.996088058496468],[-101.40102715975215,36.996069876797165],[-101.39704534101878,36.99601533132671],[-101.39421806766418,36.996097149470636],[-101.39261806715247,36.996151694961604],[-101.37898169963532,36.99618805970595],[-101.378190791175,36.996169877995143],[-101.37544533515477,36.996106241928764],[-101.37434533527039,36.996097150725845],[-101.36527260539337,36.996233514503274],[-101.36119078687743,36.996188060186441],[-101.35968169576489,36.996242605999392],[-101.35788169512216,36.996215333874503],[-101.35780896780997,36.996278969866296],[-101.33969078099194,36.996378970609797],[-101.32157259578429,36.996478972145923],[-101.30976350137878,36.996551699747435],[-101.29795440752198,36.996615336919035],[-101.29723622592664,36.996615337107755],[-101.28321804040941,36.996706247444706],[-101.2659362181918,36.996815339305442],[-101.25238166965637,36.996951703437098],[-101.25044530512457,36.996924430409784],[-101.24779985034775,36.996897158360945],[-101.24772712272014,36.996897158282195],[-101.23887257594251,36.996878977312122],[-101.23876348392682,36.996878976737818],[-101.22664529990516,36.996942614134902],[-101.2145180244593,36.997006250893378],[-101.21291802373686,36.997051705726513],[-101.21149075089725,36.997133523922258],[-101.20241802122489,36.997188070401194],[-101.19037256368998,36.997269888611839],[-101.17993619782679,36.997215344128314],[-101.17539983318009,36.99726079899996],[-101.16207255670378,36.997369890287139],[-101.14412709774884,36.997478982613252],[-101.1391907329191,36.997524437137834],[-101.12623618466579,36.997542620173824],[-101.12545436589808,36.997542620047213],[-101.1209089109266,36.997569892735747],[-101.11702709160875,36.99761534733743],[-101.11189072693175,36.997660802624381],[-101.10766345294364,36.997760802406901],[-101.10281799658057,36.997715348743384],[-101.09357253996727,36.997788076429536],[-101.08980890312299,36.997824439796879],[-101.0872925928899,36.997839650014086],[-101.08529071992049,36.997851713061081],[-101.07177253460625,36.997906259693622],[-101.06675435242865,36.997924441703091],[-101.06261456006094,36.997938901336909],[-101.05359980311383,36.997969897196121],[-101.05019980206126,36.998015351483062],[-101.04880889296545,36.998024442359409],[-101.03649979947618,36.998088079381546],[-101.03576343531049,36.99810626140269],[-101.03471798080871,36.998097171005917],[-101.03189070654557,36.998115352509302],[-101.03068161604605,36.998178989358053],[-101.02644525143806,36.998142625750184],[-101.02175434132339,36.998106262116302],[-101.01779070353847,36.998078990033775],[-101.01265433878879,36.99817898999779],[-101.00080888116632,36.998278991141213],[-101.00045433548206,36.998278991263042],[-100.9977997894448,36.99801535442819],[-100.99650888038363,36.998051718769474],[-100.98004524006582,36.998106264626088],[-100.96358159956331,36.998151720615382],[-100.96346341754837,36.998088084298502],[-100.96332705432474,36.998151720174313],[-100.9612725084226,36.998151720172721],[-100.95899068973061,36.998206266180439],[-100.9582725074127,36.998206266540869],[-100.95166341439786,36.998215357300985],[-100.94569068636602,36.998224448983592],[-100.94557250466795,36.998160811856479],[-100.94468159483581,36.998169903290567],[-100.93236340970141,36.998342631142222],[-100.92797250006596,36.998315359145188],[-100.92239977089896,36.998388086499496],[-100.9171815882344,36.998415359763619],[-100.90987249579166,36.998451723440411],[-100.9045997672666,36.998569905504304],[-100.90428158491676,36.998751723913159],[-100.891672490915,36.998606269836479],[-100.89109976412692,36.998651724773758],[-100.88285430725189,36.998651725218423],[-100.87545430537604,36.998660816421292],[-100.87437248683999,36.998633543539619],[-100.87388157753783,36.998624453240062],[-100.87365430525146,36.998697179935817],[-100.86825430402375,36.998715362732298],[-100.8610633923909,36.998678999014267],[-100.85572702841758,36.998697181480289],[-100.85564521005958,36.998633544945932],[-100.8500633902546,36.998669908971223],[-100.84905429916634,36.998669908568651],[-100.83602702266352,36.998751727866519],[-100.82299065681377,36.998833547048136],[-100.81428156369168,36.99908809242968],[-100.80856057691439,36.999094528471815],[-100.80612701567571,36.999097184408157],[-100.79596337683719,36.999115366682631],[-100.78580882914862,36.999142639766546],[-100.77565428145549,36.999160822572136],[-100.76549064271285,36.999188095995748],[-100.76498155138503,36.999369913680624],[-100.75972700443567,36.999433550416086],[-100.75799064020842,36.999433550319111],[-100.75729973083982,36.999433550605559],[-100.75689973069503,36.999360823471761],[-100.75044518442324,36.999297187239584],[-100.73452699848247,36.999060824850261],[-100.73428154341276,36.999069915291201],[-100.72410881385969,36.999206279477441],[-100.71392699318406,36.999333553356898],[-100.70374517261422,36.999469917366305],[-100.69356335190032,36.99960628121984],[-100.67556334812868,36.999697191881054],[-100.67504516524647,36.99969719153556],[-100.66910880062025,36.999706282659645],[-100.65743607056444,36.999715374615718],[-100.63939970210083,36.99975173971071],[-100.63333606533111,36.999942649019076],[-100.63058151852195,37.000033557896842],[-100.63035424579563,37.000033557768525],[-100.62978151871866,37.000033557935666],[-100.62655612967843,37.000033573276156],[-100.62544515385217,37.000033558237782],[-100.62186333492002,37.000106286084119],[-100.61635424243281,37.000215377510806],[-100.61377242336594,37.000269922274917],[-100.60568151276772,37.00026992346438],[-100.59947242004091,37.000279014564498],[-100.5984996922833,37.000279014599279],[-100.59765423814484,37.000279014656201],[-100.59141787245522,37.000406287794618],[-100.59133605424594,37.00037901480291],[-100.58740878130342,37.000369924102422],[-100.577890596629,37.000415379189739],[-100.56328150195475,37.000479016915989],[-100.55380877297993,37.000697198617551],[-100.55333604516328,37.000715380677185],[-100.55269059097409,37.000742653298126],[-100.55215422723201,37.000606290283542],[-100.5516087723437,37.000624471846528],[-100.55093604523366,37.000624472132571],[-100.55052695406373,37.00061538047774],[-100.5493542262375,37.000633562364008],[-100.54561786107925,37.000669926867744],[-100.54381786133976,37.000624471833987],[-100.54358149728148,37.000624471936455],[-100.5400905869883,37.000642654343409],[-100.53499058608028,37.000669927562015],[-100.52763603883271,37.000715382389522],[-100.52251785613315,37.000797201131007],[-100.52031785545978,37.000815382309639],[-100.51602694522502,37.000851746317018],[-100.5064905794617,37.000933565408921],[-100.50154512333813,37.000979020360077],[-100.50043603201888,37.000988111413143],[-100.49889057717475,37.000860838113987],[-100.49401784921139,37.000860838808173],[-100.49203602993838,37.000879020292111],[-100.48999966651218,37.000888111347713],[-100.48532693733705,37.000906293975206],[-100.47528148117705,37.000951748593344],[-100.46618147847985,37.000988112802744],[-100.46490875130273,37.000988112740664],[-100.46052693139418,37.001006295694765],[-100.45409056662795,37.0010335682394],[-100.45166329370494,37.001079023161822],[-100.44891783834321,37.00108811371971],[-100.44294510863463,37.001115387179759],[-100.44241783676735,37.001115386914911],[-100.43678147181588,37.001133569021292],[-100.43435419799005,37.001115388011968],[-100.43253601544195,37.001106296754145],[-100.42908146897001,37.001079024060154],[-100.42337237716957,37.001115388132753],[-100.41672692149146,37.001169934573404],[-100.41376328382815,37.001188116096472],[-100.41253601089468,37.001188115785467],[-100.40466328210495,37.001224480283511],[-100.39609964331973,37.001260844401187],[-100.3892632775751,37.001288117423343],[-100.37543600174365,37.001351754720638],[-100.370936000513,37.001442664499599],[-100.36804163532773,37.001462855815113],[-100.35914508884369,37.001524482706408],[-100.34258144772686,37.001551756278793],[-100.32552689885415,37.001669939286344],[-100.32524508025013,37.001669939321182],[-100.31320871424589,37.001769939796979],[-100.30847234950903,37.001806303970952],[-100.30735416646324,37.001824486426067],[-100.30504507570764,37.001824485797464],[-100.29737234600749,37.001824486234717],[-100.29684507340333,37.001824486450772],[-100.29455416328864,37.001833577795644],[-100.29382689114389,37.0018335780954],[-100.28199961554206,37.001842669225766],[-100.27978143264045,37.001851759978379],[-100.27049961290221,37.001888124250243],[-100.26999961204356,37.001897215177358],[-100.26431779328678,37.001915397928578],[-100.26161619036377,37.001930941602673],[-100.26081312754097,37.002143429929532],[-100.25522242311651,37.002746022759723],[-100.25043769433275,37.002560617331639],[-100.24615282200212,37.002379769244698],[-100.24100801671513,37.002300441350364],[-100.23642880122902,37.002459020244551],[-100.23271587311167,37.005477105824014],[-100.22377703668923,37.005869514905392],[-100.21947440730655,37.006983706870585],[-100.21536258941101,37.009349602586084],[-100.21481999744498,37.01473431249012],[-100.21767863452291,37.019061065992638],[-100.21964051544168,37.022227611430601],[-100.22267571424852,37.025285100168908],[-100.22715552237987,37.027647617388062],[-100.23310000467437,37.032125034380293],[-100.23528453180842,37.034718471840534],[-100.23810816091049,37.037661317999891],[-100.24150611731197,37.04043650429972],[-100.24569362451989,37.042988423023139],[-100.25003192490878,37.044909554779892],[-100.25480143964579,37.046662352410962],[-100.2597864656597,37.048417395743606],[-100.26403596520368,37.049013445377895],[-100.26865979311803,37.053038891482316],[-100.27369481440915,37.057812348315196],[-100.27754082594751,37.061481962205853],[-100.28231155172271,37.065392274899892],[-100.28730121129912,37.069134974360381],[-100.29181432013996,37.071893807088202],[-100.29692338107141,37.073691043096588],[-100.30441304420123,37.074660629731341],[-100.30956670866674,37.074562938262012],[-100.31500235838338,37.073340397827948],[-100.32085708577246,37.072150658252021],[-100.32538902247364,37.071440175437075],[-100.33026810327452,37.070096179276049],[-100.33615529580668,37.068128384782398],[-100.34276289404163,37.065649728903928],[-100.35030146444987,37.063004290855034],[-100.35563472706308,37.062625619716258],[-100.36096395026955,37.062440037718176],[-100.36702899366153,37.063796671701517],[-100.37424683271516,37.064355226022577],[-100.38039161865146,37.06550170476838],[-100.38458936445232,37.060178793983511],[-100.38685312384554,37.055607180766081],[-100.38946837670935,37.05172851639329],[-100.39271236400518,37.049168194650129],[-100.40063842359875,37.050303550966738],[-100.40254022412731,37.053122240928516],[-100.4083162580733,37.054759846449329],[-100.41247426007482,37.053752554949895],[-100.41600263502053,37.051569819917987],[-100.41832343704255,37.048058621118393],[-100.42444461792097,37.050901255431938],[-100.42957141975879,37.053105505537964],[-100.43735741123383,37.054010214166823],[-100.44144339509997,37.05485510229758],[-100.4477663739093,37.057334037201684],[-100.45165651142042,37.061881294279559],[-100.45033309797596,37.065655715498941],[-100.4472893357263,37.069821802259661],[-100.44524868538466,37.073762141380378],[-100.44420414884439,37.078226423116327],[-100.44517057935116,37.081898620769579],[-100.44699918700599,37.085174998489734],[-100.450030150629,37.089947148200558],[-100.44899227404886,37.093723254833797],[-100.4458824862273,37.097201469745272],[-100.43996203240978,37.103502225376012],[-100.44148876009392,37.108275075964549],[-100.44431426461925,37.112177089011652],[-100.44745494389461,37.116246137579331],[-100.44917407176645,37.119679522578814],[-100.45294983031698,37.121533939017951],[-100.45870991352618,37.12239152184867],[-100.46475143231014,37.12442109424147],[-100.47164457353462,37.126805293490548],[-100.47725224549629,37.125100140427882],[-100.48296905142389,37.126161447712768],[-100.48860886394995,37.12779488164707],[-100.49468216714969,37.131326162072057],[-100.49681577092709,37.134988077773833],[-100.5010643545092,37.137221083421707],[-100.5069747875749,37.139346207225287],[-100.50865719182558,37.143910368461086],[-100.51256986615661,37.148545460074445],[-100.51563113366103,37.152823558234516],[-100.5178302692518,37.15726333937981],[-100.51919744483989,37.160376143432366],[-100.51963391180067,37.163475711282182],[-100.51951201470868,37.169319961567282],[-100.51848022042766,37.174119384471773],[-100.51687891571,37.178739043409038],[-100.51455510740712,37.183637985769359],[-100.51202160908596,37.188303478015065],[-100.50927968117657,37.192622655593894],[-100.50712387587754,37.196320189652241],[-100.50547880275171,37.199564251686738],[-100.50374506291638,37.20361006477723],[-100.50192137784677,37.208514628035879],[-100.49952322123674,37.213468442177863],[-100.49669569259308,37.218359927617968],[-100.49345531230929,37.222443655888156],[-100.4895095592186,37.225943624018441],[-100.48550280728868,37.228927571428933],[-100.48150201904687,37.231625250013366],[-100.47786558411194,37.234041278211016],[-100.47466133796797,37.236348578315628],[-100.47203050623118,37.238663609734566],[-100.4699593179399,37.241616785072374],[-100.46821422578763,37.246061009400471],[-100.46774853791531,37.251039824022364],[-100.468674219495,37.254664044167072],[-100.47030732817549,37.258753562685492],[-100.4715797107434,37.26295349593623],[-100.47261608128916,37.2681236475375],[-100.47342865579684,37.273692902913126],[-100.47381653206284,37.279026545552298],[-100.47348302101962,37.28452419545922],[-100.47222575495231,37.28960699064983],[-100.47011237720818,37.29444887550688],[-100.46671010500434,37.299160640083166],[-100.46310182741307,37.303409754365411],[-100.46082180950275,37.305957136995119],[-100.45825377244506,37.308559743047859],[-100.45539606034826,37.311272302806863],[-100.45247479402171,37.313581765237579],[-100.44941247172713,37.315775733463099],[-100.44606806042644,37.317736526053238],[-100.44243512820613,37.319750220368569],[-100.43888251464946,37.321363323663647],[-100.43460702064559,37.323198160639336],[-100.43069437632417,37.324863250539131],[-100.4265645643611,37.326583046787214],[-100.42287290801337,37.327966219173277],[-100.41564141384482,37.330331386513244],[-100.40862237760727,37.332812325393533],[-100.40382638620294,37.335384059367293],[-100.40061978050953,37.337514946873021],[-100.39774198619756,37.340972677303832],[-100.39795645687292,37.344183077519546],[-100.40093749955315,37.348534852971618],[-100.40222207214713,37.355702921563271],[-100.40452265726587,37.358553944322296],[-100.40678801816806,37.362118646265721],[-100.40912201211337,37.365081167081613],[-100.41241368280286,37.368849661134391],[-100.4158972230981,37.373710979617066],[-100.41840446561343,37.377242097298797],[-100.4201197329463,37.380873514260784],[-100.42065695280985,37.38581073781814],[-100.42076853460313,37.393083861670831],[-100.41564472393725,37.401214220711367],[-100.41493655159975,37.404546354220003],[-100.41426365271313,37.407710804545324],[-100.41215240023826,37.410562422629944],[-100.40912605998068,37.413286436168356],[-100.40281277625921,37.415878366429439],[-100.39811918537691,37.417139459455385],[-100.39388246827062,37.418277752771537],[-100.39092942287404,37.422107420244998],[-100.38710299761276,37.424701195238377],[-100.38380594728817,37.427416426650467],[-100.3793942618416,37.430025499292768],[-100.37413032969125,37.431427893128195],[-100.36652907162409,37.429318671014563],[-100.3595370690937,37.428741429687925],[-100.3554402200225,37.431835155021666],[-100.35313069618486,37.435353743580528],[-100.35110543098193,37.438993848843914],[-100.35034860418854,37.443738565459057],[-100.35116015914801,37.44907917123026],[-100.35201515878262,37.452527806654345],[-100.35363474869528,37.457135978112561],[-100.35587108863058,37.463069735941083],[-100.3570249487164,37.466067695344393],[-100.35853533671759,37.469182399330329],[-100.36089749451416,37.472825889966202],[-100.36347378063252,37.476529756182224],[-100.36632741954695,37.480694839773868],[-100.36910964613867,37.484860158855966],[-100.37188567305162,37.489309292296511],[-100.37472108782949,37.494335725743703],[-100.37706221744965,37.498952239503858],[-100.37898512759013,37.502989778105778],[-100.3810510669654,37.507086884193939],[-100.38289718336755,37.511353786747819],[-100.38473968738043,37.515791637885734],[-100.38622002408218,37.520337428506409],[-100.38733836125111,37.524994540565572],[-100.38831387298369,37.529590897965818],[-100.38900750257598,37.533957386050027],[-100.38918760822634,37.538716426791325],[-100.38865775467872,37.543062293416888],[-100.38720340556532,37.546882093382806],[-100.38533156846445,37.55006373836072],[-100.38105430352101,37.554532334315041],[-100.37549097504325,37.558522226020749],[-100.37263367752125,37.560660481829544],[-100.36977272706235,37.562969614529209],[-100.36705511789265,37.565281364213327],[-100.36411643879661,37.56781868042939],[-100.36110405399768,37.570413282225786],[-100.35816617409338,37.572892370949624],[-100.35465235735415,37.575364062505479],[-100.35150861077717,37.577382500000432],[-100.34822042887211,37.579398193639456],[-100.34398583397245,37.581859577081829],[-100.33990009108305,37.584094434737089],[-100.33589020285474,37.586156711390267],[-100.33217699596945,37.58782310434345],[-100.32599832327412,37.590197839047903],[-100.32171960096751,37.591397177009782],[-100.31692988636533,37.592876900054542],[-100.31192397623883,37.594350643483239],[-100.30757018639687,37.595662651570791],[-100.30364835283085,37.596981591737048],[-100.29987191590776,37.59824385574742],[-100.29623800076359,37.599566861493955],[-100.29238208459056,37.60111642374094],[-100.28837695335747,37.602889955724002],[-100.28442954250227,37.605238537273088],[-100.2805485509252,37.607817992108842],[-100.27651886098933,37.610565550804147],[-100.27227174968455,37.613369728176885],[-100.26729666388916,37.61644709951053],[-100.26196640348985,37.619291083199883],[-100.25706722684865,37.622196768734412],[-100.25223905836278,37.62510536792216],[-100.24791817044542,37.627906697445773],[-100.24147585428268,37.631935152292833],[-100.23840038305967,37.63389445363908],[-100.23510807638489,37.635851186004118],[-100.23188926975369,37.637750570591876],[-100.22610263336952,37.641444949492218],[-100.22308139907281,37.644093044946914],[-100.21909106508089,37.647984892226489],[-100.21421749259332,37.652609399429622],[-100.20947445618319,37.657752774664949],[-100.2045113878645,37.663004022520788],[-100.20021105490245,37.667694063441402],[-100.19650405798315,37.671706989076036],[-100.19418843121036,37.674880403435814],[-100.19236834320611,37.678405098219457],[-100.19019212983657,37.681752216400653],[-100.18836888825685,37.685391940869394],[-100.1851624304727,37.689524610193907],[-100.18326205640602,37.693334349336588],[-100.18100732791683,37.696910597094977],[-100.17801901332771,37.700932831608526],[-100.17441216907247,37.703742520218817],[-100.16819802329221,37.706911466749489],[-100.16235118206743,37.709799582752311],[-100.1569557618587,37.711950803471666],[-100.15250258229662,37.713943553070656],[-100.14891317520363,37.71600607562722],[-100.1455384214669,37.718130408617697],[-100.14157606863938,37.720647480039069],[-100.13804323902094,37.723283795465704],[-100.13294052474076,37.728375695705004],[-100.12433830841728,37.730255614219089],[-100.12056637379892,37.731943854473606],[-100.11294396453212,37.732086225415628],[-100.10588169013867,37.730390689805681],[-100.09855237193503,37.729126853975494],[-100.09394828179728,37.728534680013929],[-100.08877458810677,37.72764997775996],[-100.08374090701311,37.726936766237898],[-100.07906804643656,37.726229120862357],[-100.07395609279833,37.725743632400842],[-100.06912691157055,37.725492964129813],[-100.06161872370154,37.725542399774923],[-100.05705629593095,37.726097308234287],[-100.05277778121284,37.72682677502209],[-100.04638827396471,37.728211185907526],[-100.04115105519831,37.729673140831629],[-100.03642526922005,37.730911423727619],[-100.03200023571038,37.731695267607471],[-100.02477233991668,37.732033425591993],[-100.0207361470363,37.731793734956099],[-100.0156197563241,37.731626320778823],[-100.01161675906636,37.732057264083451],[-100.00462374031252,37.733710451328314],[-100.00013007803501,37.734943009027127],[-99.995673794144764,37.738959400412305],[-99.994218609487689,37.742554711632636],[-99.992261791839482,37.746154143846603],[-99.991814813454354,37.750222119414275],[-99.991877227572957,37.754910795270298],[-99.990981158124995,37.762879319318614],[-99.989593982410867,37.771647501761571],[-99.988190744419711,37.779220619958281],[-99.988782506733514,37.785982794083218],[-99.988856503185843,37.791554065811667],[-99.989432286351715,37.797120099774041],[-99.989522362625593,37.803885247887813],[-99.989116741991424,37.811053978100482],[-99.988715955471449,37.818619907539329],[-99.987338376020162,37.828182386716648],[-99.988479740700598,37.838519919251915],[-99.989140729020562,37.850454890302728],[-99.990719282722793,37.856571911360824],[-99.991971934590012,37.859847470413918],[-99.99383921454654,37.865493997327071],[-99.995062534362361,37.870902581137884],[-99.997015483461567,37.876093037811358],[-100.00032491418972,37.881936762435714],[-100.00226487556844,37.885007774994278],[-100.00391443517667,37.888129542701947],[-100.00563804386474,37.89119755057483],[-100.00757534946653,37.894382413958262],[-100.00980509454142,37.897454966851825],[-100.01225415482676,37.900475619992704],[-100.01449389073336,37.903209547179586],[-100.01870521348452,37.90791916985529],[-100.02327562767243,37.91275529543303],[-100.02587533284667,37.915607759617281],[-100.02824822069242,37.918795866797439],[-100.03018417678771,37.922095441039595],[-100.03162326959692,37.925042993481362],[-100.03277197321462,37.930680337993337],[-100.03233819031419,37.935942320363871],[-100.03089302934566,37.941133803461774],[-100.02855273323894,37.947282439099844],[-100.02752523788227,37.950418437161119],[-100.02648406764803,37.954069476492805],[-100.0260322943342,37.957327158782419],[-100.02543948591459,37.963104448041726],[-100.02565157724291,37.968550493859176],[-100.02747705088306,37.973280372413207],[-100.03147969860629,37.977878229391806],[-100.03438043771716,37.980389119077415],[-100.03892473279207,37.983728682595277],[-100.04492737864553,37.986754216357149],[-100.04857927361749,37.988303409830429],[-100.05331593447384,37.989928198373832],[-100.0573337179956,37.99137012657463],[-100.06201094050014,37.992535516371426],[-100.07016109826125,37.99387217680006],[-100.07783674828465,37.993996163782811],[-100.08515938882132,37.993770885954042],[-100.09269306732926,37.99377812989615],[-100.09810754210322,37.994543551459316],[-100.10410389918499,37.997406868466101],[-100.10751319214168,37.999479345500603],[-100.11041190975989,38.001768699053642],[-100.11880365779071,38.007159702476756],[-100.12264385900554,38.009159235469909],[-100.12499419089224,38.013490629055447],[-100.13400435820284,38.0171663417294],[-100.13779832507491,38.020234192666123],[-100.14254633834902,38.023803267089747],[-100.14380976421413,38.02968933781667],[-100.1463561819358,38.033053703502191],[-100.14878250524571,38.036012387694541],[-100.15260206409896,38.039882714524857],[-100.15681990230431,38.044337786678845],[-100.15927849015678,38.046782791998339],[-100.16263808255719,38.049887023856051],[-100.16690975785848,38.052282541892545],[-100.17184614738115,38.054476634325681],[-100.1774398767578,38.056580043183551],[-100.183917970376,38.058425269283603],[-100.19021089733457,38.059749566670014],[-100.19675459878792,38.060512364937097],[-100.20085615101723,38.060947790544908],[-100.20880417994447,38.061245373378775],[-100.21546527646795,38.061266341130775],[-100.22263543961512,38.061245969484389],[-100.22676769694829,38.061171523769104],[-100.23089313408173,38.06120993741888],[-100.23545878084312,38.061148135388926],[-100.23958760762851,38.061126963797911],[-100.24719453086399,38.061064355811467],[-100.25458852379255,38.060936094515185],[-100.25865499280886,38.060744528461512],[-100.26592157664652,38.060324177061737],[-100.27269191917252,38.059714164245207],[-100.27699546854782,38.059181025651291],[-100.28100994882628,38.058642205554634],[-100.28890071358417,38.057442857253946],[-100.29641996773731,38.056400036796958],[-100.30086407808822,38.055931464900659],[-100.30624773128258,38.055497771399878],[-100.31197901994103,38.055303917803947],[-100.31893187579621,38.055271012913288],[-100.32502068886946,38.05514766996928],[-100.33126448625579,38.054856664613673],[-100.3367030273287,38.054709961710273],[-100.34198421559832,38.054788526667373],[-100.3472518639682,38.055094008942127],[-100.35178392144017,38.055600649180334],[-100.35623040402638,38.056333455880967],[-100.36009882960856,38.057045414025673],[-100.36774416380436,38.058809357417651],[-100.37151423823018,38.059976615976844],[-100.37535347092427,38.061202699697148],[-100.38180731501882,38.063556533106699],[-100.38659211787846,38.065959782329621],[-100.39166399651964,38.068432961605254],[-100.39711018423345,38.070693769516637],[-100.40301994918454,38.072447553045656],[-100.40888675217035,38.073689026280896],[-100.41555568691055,38.07484327970954],[-100.42260590355644,38.075664084079584],[-100.4289657993323,38.075893157765506],[-100.43490556545058,38.075870273894253],[-100.4404208463488,38.07566823224483],[-100.44667239293902,38.075257233758755],[-100.45256489374121,38.074775209338583],[-100.45876289111432,38.074017183818441],[-100.46547658984873,38.073109422179904],[-100.47097113713738,38.071982283065793],[-100.47696489727122,38.07099184317731],[-100.48267579796622,38.069869662729388],[-100.4890690449065,38.068203032903348],[-100.49276577956635,38.06684488516624],[-100.49638988928997,38.065478154213977],[-100.5006050032912,38.063906461456583],[-100.50519712747004,38.062062839674269],[-100.51081978376074,38.059904202421244],[-100.51557199666834,38.057779604064308],[-100.52032715124292,38.055595540892462],[-100.52406699579862,38.053434268678167],[-100.52780089258148,38.051384746080082],[-100.53123537222375,38.049496924093354],[-100.53763277588583,38.04639386111662],[-100.54354535916401,38.044190497406007],[-100.54928175208364,38.042555011148089],[-100.55455252775425,38.0414769787442],[-100.55974452038215,38.040506569267421],[-100.56647293744003,38.039249778340221],[-100.57313743006917,38.037812982983731],[-100.57956953064088,38.036659210173774],[-100.5843875331376,38.035904938158637],[-100.58884431106158,38.035141708529451],[-100.59707524145891,38.034160712639519],[-100.60184912158192,38.034208015646406],[-100.60679909671593,38.035005511768162],[-100.61132565654844,38.036935408921273],[-100.61439215248008,38.039102144157333],[-100.61793317354757,38.041860571855871],[-100.62202486199701,38.04514749031754],[-100.62411197253638,38.048025409369693],[-100.62601826880486,38.051585649058751],[-100.62814695351699,38.055039204421476],[-100.62986538165202,38.059390359919711],[-100.63135201843336,38.064024928231646],[-100.63218787082197,38.068636087376504],[-100.63283523512952,38.072727347969149],[-100.63299016340891,38.077890174868202],[-100.63331838105607,38.083860453047514],[-100.63335247318884,38.087239052814368],[-100.63350636042419,38.091085460238645],[-100.63386498581725,38.09516309573867],[-100.6344494088038,38.09907916956184],[-100.63498046180381,38.102650026363619],[-100.63579436670761,38.106341913793514],[-100.63661774485348,38.109868182467196],[-100.6375232652334,38.113221660785172],[-100.63847892294751,38.116975196039327],[-100.63951664863184,38.120565927839799],[-100.64034036350533,38.124086599013332],[-100.64148077731127,38.129798323437576],[-100.64187203722715,38.134622752089484],[-100.64142759734227,38.140166702646709],[-100.64110296556019,38.146169462986684],[-100.64063965117826,38.152055759680806],[-100.63958250613155,38.155518085512838],[-100.63755397890131,38.159515137705625],[-100.63508468006663,38.163614781958621],[-100.63254584314176,38.167655575391628],[-100.63046276170746,38.171307288258291],[-100.62804118687227,38.177184779676558],[-100.62637136766125,38.182574926470018],[-100.62525372479784,38.1858037642018],[-100.62388086706879,38.18970656220494],[-100.62214035779014,38.193718106421379],[-100.62003119406822,38.197829474168344],[-100.61816028108524,38.201545490320477],[-100.61633665257614,38.204409988792854],[-100.61210195009217,38.208905962199239],[-100.60914707842365,38.211213272453996],[-100.60292187573958,38.214957376347932],[-100.59934304414789,38.21672730161194],[-100.59371112319451,38.218885517216883],[-100.58854776636531,38.220429687744641],[-100.5845459847835,38.221952594784597],[-100.58062313187339,38.22468610676394],[-100.57563283476657,38.228353595507656],[-100.57083669607854,38.231112605925958],[-100.56534162839711,38.233389406876469],[-100.55926023077622,38.235759167495473],[-100.55309005751212,38.238414392425689],[-100.54937330199459,38.240009235136696],[-100.54565001705768,38.241711412213519],[-100.5418509267995,38.243474310387548],[-100.53797960895396,38.245233083393728],[-100.53454227272988,38.247003590944978],[-100.52840477645688,38.250346300125493],[-100.52282674942244,38.25404990939969],[-100.51708116272324,38.258147953336888],[-100.51403279190413,38.26073865968452],[-100.5110634332609,38.263214772541623],[-100.50579795774685,38.267788099893302],[-100.50310806622903,38.270444649502117],[-100.50033265583278,38.273328669745595],[-100.4976160928789,38.276440474652482],[-100.49527843536677,38.279281546399922],[-100.49088712553046,38.28377187993641],[-100.48842318416156,38.286267985225429],[-100.48527780192799,38.289249998375816],[-100.48198063948682,38.292346855830566],[-100.47848507471903,38.295090241573355],[-100.47286931488937,38.29935991128071],[-100.46952744044611,38.301938893481335],[-100.46676217181962,38.304591703523883],[-100.46398758788594,38.307420069287289],[-100.45872229519026,38.311875009739488],[-100.45516877533821,38.314329478252759],[-100.45192135885712,38.316510369318436],[-100.44847208401173,38.318391488854431],[-100.44492739521822,38.320674512656382],[-100.44193023626509,38.323549439060933],[-100.43930194502671,38.326321682411375],[-100.43589615535639,38.329986007021965],[-100.43342525206639,38.332535807214988],[-100.43074024117882,38.335019582536447],[-100.42805804037626,38.337445138079836],[-100.42301877541669,38.34042102323572],[-100.41771498787385,38.342923845258795],[-100.41375302674781,38.346107365727448],[-100.40964599946103,38.350549668069583],[-100.40436798141047,38.355119728480901],[-100.4015491198662,38.357365338072526],[-100.39693638579234,38.361732590651805],[-100.39438426080015,38.364390497177673],[-100.39204282755347,38.367171410457814],[-100.39027216250449,38.370148513972786],[-100.38883704733725,38.373589198482577],[-100.38744541245191,38.377553025784614],[-100.38613589187551,38.381345314036253],[-100.38506078406074,38.384863523940389],[-100.3830582205412,38.390577303585182],[-100.38206812330468,38.393865807766204],[-100.38119702950539,38.397615640858895],[-100.38053719300626,38.401489657444621],[-100.37998908006655,38.405939120892668],[-100.37975117807288,38.410054888598289],[-100.37951355363811,38.414176211371341],[-100.37934195569167,38.418410200027822],[-100.37954278322003,38.422484672439701],[-100.37995884016674,38.426625169294553],[-100.38066832129674,38.430717266726191],[-100.38181078906719,38.434885519605203],[-100.38318724084208,38.438771874165433],[-100.38447158131126,38.441739347774046],[-100.38596412679804,38.444889201685093],[-100.38879458342865,38.450086860079608],[-100.39015244568049,38.452550330568833],[-100.39169396079016,38.455346771222167],[-100.39312491619157,38.458322349782208],[-100.39490543902292,38.461536636287967],[-100.39682132134169,38.46492916613731],[-100.3986750880125,38.468146381089944],[-100.40052877523452,38.471359094148376],[-100.40192711870105,38.474907397792791],[-100.40322937497628,38.478847604057478],[-100.40395760626386,38.482655369616133],[-100.40424052333066,38.489140646816544],[-100.40471837712603,38.494771585711156],[-100.40544040919883,38.499958373159075],[-100.40561438126703,38.505808957507448],[-100.40514333940359,38.510203309654997],[-100.40497954624739,38.514323222815584],[-100.40471322767988,38.518954759126174],[-100.40435419790273,38.522666321078425],[-100.4036553303378,38.527226220883236],[-100.40232102304185,38.531419186302003],[-100.40083459470213,38.534459840783313],[-100.39883568752361,38.538800403039367],[-100.39826496147411,38.542389960500891],[-100.39792181246321,38.545818480550025],[-100.39743323922848,38.549239907781292],[-100.39702067623692,38.552606134937584],[-100.39638363624442,38.556078603253447],[-100.39561706532895,38.559259838997022],[-100.39369682247597,38.563490299052916],[-100.392526791736,38.568605005850621],[-100.39174361290763,38.572070387274572],[-100.39087797858345,38.575708370001415],[-100.39011755252723,38.578776570461031],[-100.38930773901544,38.582701704064966],[-100.3885576380945,38.586855806217692],[-100.38797223608454,38.590674701942255],[-100.38804601407809,38.594458995817739],[-100.38881082580617,38.59890082078612],[-100.38990340761033,38.602718074541102],[-100.39110843257592,38.60585811038716],[-100.39309812525518,38.609308487550358],[-100.39532936241014,38.612363968045216],[-100.39778898260354,38.615258298647866],[-100.40068924105309,38.618112341297952],[-100.40430819011276,38.621163942116787],[-100.40808907126797,38.623930555484833],[-100.41197279081918,38.626185423942083],[-100.41873043109284,38.629231578785991],[-100.42657691695209,38.631109614246746],[-100.43273472935479,38.631898981460935],[-100.43976960049632,38.632659877606635],[-100.44418619754498,38.633272401084774],[-100.44817263607902,38.633754001887191],[-100.45260543178044,38.634082069001671],[-100.45703834658322,38.634405492349075],[-100.46205063801897,38.634811665042577],[-100.46882403117668,38.635046701833836],[-100.4752433024895,38.635096573668399],[-100.48035084430096,38.63509997190301],[-100.48517105787376,38.635038786658242],[-100.49039374415611,38.634300699811106],[-100.49629064799376,38.633243073054345],[-100.50249536441613,38.631907106398174],[-100.50877532796763,38.63051893851263],[-100.51405187139358,38.628810978378475],[-100.51925220163736,38.627153582090592],[-100.52431599145369,38.625321210394326],[-100.52900303975171,38.623705654257755],[-100.53309711442827,38.622241212253677],[-100.53733380055075,38.620838383181486],[-100.54192143221763,38.619674805360731],[-100.546667946862,38.618291943561232],[-100.55262950988782,38.616032270235102],[-100.55901464339836,38.615329820738772],[-100.56636277010621,38.615691165158388],[-100.57322978251638,38.616842574340922],[-100.57982796658602,38.618897897082384],[-100.5838812088365,38.620808500865728],[-100.58827650937303,38.623131674866926],[-100.59267246740455,38.625460266512],[-100.59997523893051,38.627996370363022],[-100.60423135771427,38.628883864728209],[-100.60964642054343,38.629922205038874],[-100.61514716124231,38.630734925590133],[-100.62066684463852,38.631208373665686],[-100.6261351767748,38.631275945536778],[-100.63490308288326,38.631050836570289],[-100.64219529618816,38.631119525758159],[-100.65005212933157,38.631553998118179],[-100.65542591089331,38.632014639005419],[-100.66058470705023,38.632413954952611],[-100.66690564169359,38.63290981680408],[-100.67402784698422,38.633429697323848],[-100.67955367995285,38.633783077285067],[-100.68421559705646,38.633936721756662],[-100.68914660130825,38.63450094262155],[-100.69385657661728,38.63511356937606],[-100.69891828766409,38.635963863236739],[-100.70476035588527,38.637244256293506],[-100.71159452347354,38.639068250704973],[-100.7181469186477,38.640715082222989],[-100.72362222460943,38.642041006810267],[-100.72844812409924,38.64322631418095],[-100.73340178057336,38.644761624016752],[-100.73920254886515,38.646838169523129],[-100.74398042382107,38.64893924056453],[-100.74839504168959,38.651030676962009],[-100.75193202077037,38.653150164743543],[-100.7552597760521,38.655091152611412],[-100.7587338348837,38.657035361415645],[-100.76228358847754,38.658924043558464],[-100.76585174175084,38.660469109794604],[-100.77278149977407,38.663329139040052],[-100.78040344299839,38.665519908539835],[-100.78437230851877,38.666387926978786],[-100.78856876444442,38.667093986007643],[-100.79363710294302,38.667885564135851],[-100.79899958730473,38.668633107546512],[-100.80443202656852,38.669432428542414],[-100.80936067732917,38.670103737897975],[-100.81481134286476,38.670564648591572],[-100.82048965549643,38.670859003363809],[-100.82625207384595,38.670926476805462],[-100.83122836339017,38.67068270543372],[-100.83613992533513,38.670262652193813],[-100.84142542495603,38.669684776494023],[-100.84657033741003,38.668986009338347],[-100.85105358102948,38.668383369719272],[-100.85569142596395,38.667611441219101],[-100.86306584185935,38.66612410705811],[-100.86823970899567,38.664852648400171],[-100.8735615823346,38.663528212653887],[-100.87794555686553,38.663435473583647],[-100.88246302783135,38.663575173192598],[-100.88698111647689,38.663718020557518],[-100.89156846745993,38.6639137948141],[-100.89716154744539,38.664431339402604],[-100.90390952875589,38.665214326577761],[-100.91024332141939,38.665525409424866],[-100.91527410174395,38.665623380735298],[-100.91950627100842,38.665634606761017],[-100.92594113121656,38.665375820830214],[-100.93232688940972,38.664652948736332],[-100.9384065485159,38.664209995746241],[-100.94493447745047,38.663552271720931],[-100.95057663765832,38.663093855694683],[-100.95556811771225,38.662500500981231],[-100.96113727358501,38.662037855372432],[-100.96551485746016,38.662059521930992],[-100.97111986880381,38.662343187161035],[-100.97764956192934,38.663111966145507],[-100.98212467816398,38.664108541783278],[-100.98782164255441,38.665479939344408],[-100.99480282302387,38.667470348357959],[-101.00205856260025,38.669805495836947],[-101.0058533859501,38.671295595372854],[-101.00949972714699,38.672836293792486],[-101.01527911116574,38.675525432203244],[-101.01940853573473,38.677653755960293],[-101.02423565401415,38.680434820412664],[-101.02814378715048,38.682610974905025],[-101.03198490589112,38.684675813332646],[-101.0376821967447,38.687590684606413],[-101.04123768454133,38.689528454791457],[-101.04482772086961,38.692273261006555],[-101.05018313070777,38.699243328994974],[-101.05651573372599,38.701150858917387],[-101.05944769126654,38.703927816466503],[-101.06251201357387,38.706996385087614],[-101.06486944853559,38.70958569438703],[-101.06908797265893,38.714462968089734],[-101.07098636374593,38.717497645605079],[-101.0734350770739,38.721233414448697],[-101.0770940540512,38.725638667439213],[-101.08190593610044,38.730359392982066],[-101.08583082938254,38.733795254437119],[-101.09027832248388,38.737017370854346],[-101.09681430585194,38.74075744098819],[-101.10173599762602,38.746588711003817],[-101.11366830130027,38.752941901699046],[-101.11881585034249,38.756790861300047],[-101.12571938526236,38.763235010019841],[-101.14112836624345,38.773463453087722],[-101.15310798436285,38.78112801623913],[-101.17188075996035,38.79129092179263],[-101.18222863173077,38.800297808200867],[-101.19601585498623,38.811865784032577],[-101.20804833440148,38.820833521194153],[-101.22339974243296,38.828425905018264],[-101.24559424087956,38.839828093971406],[-101.2559166107855,38.847512560607726],[-101.26959984068485,38.855131460412089],[-101.28341186815447,38.866687510776977],[-101.29899310071426,38.880835010913323],[-101.30735694779618,38.898910585895095],[-101.31000783606002,38.909521287729582],[-101.30530625869852,38.920124280177383],[-101.28875192786765,38.928335025047552],[-101.26860116323049,38.929385734935103],[-101.24844981798624,38.9304331708367],[-101.2240943815701,38.931558029642886],[-101.19973819427803,38.932678105697072],[-101.19075286624296,38.934315904411179],[-101.16829207974628,38.935437995014325],[-101.13971172665022,38.935767382757199],[-101.11113111755816,38.936090184805622],[-101.10685188351559,38.936568179464814],[-101.10107926357654,38.93721250587118],[-101.09310269151682,38.937436756791136],[-101.07778516253371,38.940001471410525],[-101.06246655479295,38.942564295273222],[-101.0470527372464,38.943899983798261],[-101.0316383545337,38.945233757208229],[-101.01622340743486,38.946565615397532],[-101.00080789673012,38.947895558260733],[-100.98268879946689,38.950097272336059],[-100.96518759931793,38.952762967747141],[-100.95075240496119,38.956790128110853],[-100.9344984290517,38.960844426650681],[-100.91523846966037,38.96589800535898],[-100.90199675668883,38.969425282111352],[-100.89177144613004,38.972430058382933],[-100.88338801474421,38.976355365381323],[-100.86711280073979,38.979927855471686],[-100.85208479145074,38.9848977638527],[-100.8286176232244,38.991895396577142],[-100.81518456631198,39.000152013503829],[-100.80174846021239,39.008407187352269],[-100.79103741729448,39.016613644601577],[-100.78332122351672,39.023359176726785],[-100.7797538985081,39.026251548113017],[-100.77500859548319,39.030586092716902],[-100.77145227594225,39.033951246308931],[-100.76495445925188,39.039172412648945],[-100.75739276768631,39.0426930869112],[-100.75057566977794,39.045647618897711],[-100.74472825314848,39.047807640920993],[-100.73725125977995,39.05064039676526],[-100.72890010148194,39.053058174920501],[-100.72025416663703,39.055474322135126],[-100.71242143721331,39.057607687804037],[-100.70622339701794,39.058847841518691],[-100.69980811120102,39.059914979784899],[-100.69376445924468,39.060754468074862],[-100.68883157452268,39.061208875020561],[-100.68390372557705,39.061374810440888],[-100.67942305741811,39.061264630561588],[-100.6750250651952,39.060692241481405],[-100.67099849419225,39.059952739163023],[-100.66712207799139,39.059044452037952],[-100.66288927770468,39.057613427702535],[-100.65641162960648,39.054610548314699],[-100.65215720035486,39.050714515574761],[-100.64750026200545,39.048532876055852],[-100.64230103684876,39.047664451584694],[-100.63745865349345,39.047313978301503],[-100.63306183849042,39.046740125699841],[-100.62843656623528,39.046565390482954],[-100.62132104675794,39.046016534081332],[-100.61736534797885,39.045444679205012],[-100.61127042647554,39.045250320785129],[-100.60598025075925,39.045236821453763],[-100.6006859901875,39.045395218631953],[-100.59502243616166,39.045661980951337],[-100.59083270261026,39.045724335501063],[-100.58656567381905,39.045949095226391],[-100.58023921716402,39.046264232598432],[-100.57523893659895,39.046427432281696],[-100.56898984913585,39.046569424920392],[-100.56303830603386,39.046546062069048],[-100.55782271802063,39.046476419937051],[-100.55193710679389,39.046794016285006],[-100.54605628316961,39.046885614985364],[-100.54024763233492,39.047034582354065],[-100.53487840916003,39.047244274331035],[-100.53047095349226,39.047185271837748],[-100.52312242474046,39.047196468660715],[-100.51849025187363,39.047301538601204],[-100.51334028867551,39.047576007066766],[-100.50870694299626,39.047738811451268],[-100.50384778426073,39.048126252124973],[-100.49692108369675,39.048945730998334],[-100.48939331840242,39.050325791269508],[-100.4851859972508,39.051127709900122],[-100.48097677092683,39.051983146374255],[-100.47432990851759,39.053374039413079],[-100.47027018447245,39.054118755106167],[-100.46539960300443,39.054963966351259],[-100.45979688483618,39.055683445320504],[-100.45456431071085,39.056293368774668],[-100.44822812823014,39.056949310063828],[-100.44241138947721,39.057377544952089],[-100.43490059220673,39.057952003367959],[-100.4276867821559,39.058419417655955],[-100.42010207135282,39.058993379296808],[-100.41267032572837,39.059341494921838],[-100.40538526628454,39.059690649369337],[-100.39846434887448,39.060160468773596],[-100.39205929805594,39.060575899899995],[-100.3860965503583,39.060944126388144],[-100.37939314552513,39.061532471178424],[-100.37269096068142,39.062057871445028],[-100.36656821507545,39.062936532579435],[-100.36044094739523,39.063990353467304],[-100.3554108939293,39.065228651562265],[-100.35118778571662,39.066538958378288],[-100.34435558809326,39.069299168319517],[-100.34026438934971,39.071180563818295],[-100.33550440702807,39.073343064046703],[-100.32812520968692,39.077293687478594],[-100.32561623005259,39.080520564639308],[-100.32328382525459,39.085471709318725],[-100.32157753852407,39.091803290956662],[-100.32105152865032,39.095116217130212],[-100.32110022012365,39.098958452373608],[-100.32144892782692,39.102572571964394],[-100.32216076349644,39.106367147123663],[-100.32303295277225,39.109645964819805],[-100.32501894391447,39.115408060597247],[-100.32641517906136,39.118352679128954],[-100.329313042066,39.122978799828978],[-100.33237196216476,39.127096869238997],[-100.33443766607547,39.129763520796907],[-100.33650334032812,39.132433480819628],[-100.33878607239222,39.135273352871671],[-100.34292907813993,39.1402085753069],[-100.34716617628062,39.14434545859605],[-100.35004683666254,39.146852753438537],[-100.35343534063043,39.149655926914804],[-100.35711947842537,39.152407362632395],[-100.360657166832,39.155154894450028],[-100.36390620056081,39.157666847892706],[-100.36946601739261,39.161989972119649],[-100.3724316038589,39.164099737613846],[-100.37546953313468,39.166267117750934],[-100.37923762894198,39.168673350547223],[-100.3834503192917,39.170970062923026],[-100.3877385553066,39.173212550699574],[-100.39137573774822,39.174988913969727],[-100.39537731952781,39.176937618201642],[-100.40265304547724,39.180485278240369],[-100.40614505014501,39.182200484542669],[-100.4097863017774,39.183860068667478],[-100.41393853661586,39.185696806457813],[-100.41787589917826,39.187303235609058],[-100.42210607346368,39.188972825985388],[-100.42655925431309,39.190585208205135],[-100.43182591584446,39.192034474071903],[-100.43731126533568,39.193606346868293],[-100.4433188303901,39.194896958106348],[-100.44910041677564,39.196415321977646],[-100.45518335514114,39.197651314915497],[-100.46097891472155,39.198592505282889],[-100.46677337598086,39.199596011564729],[-100.47169119283652,39.200295786282226],[-100.47594519574915,39.201043838263267],[-100.48079487866721,39.201513477850597],[-100.48938470632157,39.202669781054219],[-100.49349960897641,39.203072786356771],[-100.49856611609749,39.203714799489333],[-100.50466636533066,39.204262223221058],[-100.51121123682528,39.204696099121691],[-100.51738154674169,39.205413439897001],[-100.52251558519201,39.206345695117143],[-100.52727643928444,39.207500113248635],[-100.53122025337974,39.208988972124601],[-100.53544155929023,39.211222399874529],[-100.53980273808239,39.213804561178868],[-100.54394575129734,39.216268361014833],[-100.5479423047701,39.218729592114812],[-100.55172051087473,39.221075880379487],[-100.555496265355,39.223530416066403],[-100.55926407844581,39.226331296679724],[-100.56368850901472,39.229488779878707],[-100.56846800257533,39.233218184741126],[-100.57369346471543,39.236841724216411],[-100.57883490689717,39.240921479146792],[-100.58397488825962,39.245113888634222],[-100.58830705361474,39.249181806703412],[-100.59168511446323,39.253122890027399],[-100.59446505523864,39.257458934086685],[-100.59665628816157,39.261785400017416],[-100.59877122633507,39.26622632539592],[-100.60098447262916,39.269520161028673],[-100.60253670935006,39.272746838943043],[-100.60430125584963,39.276381039517538],[-100.6053065629461,39.281034889425065],[-100.6060822890849,39.286083600373715],[-100.60634828547254,39.29084632308102],[-100.60648069145483,39.294970812927687],[-100.60496657244215,39.30022258800296],[-100.60273075976049,39.304718250372694],[-100.60034830095489,39.309152276607975],[-100.59786970042241,39.314619370296825],[-100.59550180941552,39.318369375979472],[-100.59231131472886,39.322625340915856],[-100.5888239342657,39.326930114213461],[-100.5860935953781,39.330332589319603],[-100.58337109492626,39.333388538818305],[-100.58036032916991,39.336101030828765],[-100.5763789751073,39.33931251452568],[-100.57233153622886,39.342179012310183],[-100.56813976116023,39.344870882475036],[-100.56403268873348,39.347052548599621],[-100.55948775919229,39.348992112792132],[-100.5536810938894,39.351263503803736],[-100.54832048357173,39.353367580865083],[-100.54318334570833,39.355359426409173],[-100.53834371754336,39.357238605269124],[-100.53239298443052,39.35927745497758],[-100.52643890308589,39.361432296726363],[-100.52145458949211,39.363137377371572],[-100.51691317353756,39.364849658424632],[-100.5121535027037,39.366385432499989],[-100.50821356889942,39.36759435423938],[-100.50293451199796,39.369234502198729],[-100.4978816867873,39.37065636026805],[-100.49164436549835,39.372227865999605],[-100.4858572838948,39.373463505094151],[-100.47999314577474,39.374813319471059],[-100.47449288375083,39.376396524482438],[-100.46913850450801,39.378036815366258],[-100.46468198097871,39.379174605792215],[-100.45749679011998,39.38016083011707],[-100.45283159805639,39.380723918060902],[-100.4462297917491,39.382004631972045],[-100.44095504873533,39.383358313976274],[-100.43612306828464,39.38472059405575],[-100.42756125862476,39.387632120071572],[-100.42390825038375,39.389064808063623],[-100.4200235202167,39.390900882375497],[-100.41643334927238,39.392796736588267],[-100.41238962876267,39.395084800891325],[-100.40833872911659,39.397656605872271],[-100.40435449814521,39.40052069508824],[-100.40050901529672,39.403729235105828],[-100.39785332420041,39.406613204299518],[-100.39541207942221,39.40978322780667],[-100.39288919841887,39.413241909086061],[-100.39095588030867,39.416764632180787],[-100.38893687579304,39.420744782551651],[-100.38781409515967,39.424334977369988],[-100.38705731524057,39.428047382210089],[-100.38659789173214,39.431711389513616],[-100.38689527883882,39.437614296904947],[-100.38802274148352,39.442844895244527],[-100.39033537479368,39.447980211746795],[-100.39345950185104,39.453181860320619],[-100.39711661115099,39.457765066770818],[-100.40001220315762,39.460271377566393],[-100.40364398768179,39.462903514956878],[-100.40757299465116,39.465482639360332],[-100.41419773101194,39.469703783480874],[-100.419597564881,39.472648147799667],[-100.42398904841407,39.474491346885841],[-100.4283903510392,39.475927602499546],[-100.4325005835163,39.477193126220179],[-100.43647686063953,39.477882644267218],[-100.44052437789324,39.478684543888548],[-100.4452397759684,39.47938212673855],[-100.45290503736004,39.480413197215064],[-100.46079649037466,39.481269354774454],[-100.46831850515575,39.482124816774586],[-100.47259910793166,39.48247178681698],[-100.47776086788566,39.483059502490462],[-100.48321888077267,39.483652007856818],[-100.48889874419838,39.484250792181747],[-100.49487716508803,39.484732516630338],[-100.50056236788856,39.485101666919654],[-100.50550710678354,39.485515169985611],[-100.51118872675811,39.486053720740841],[-100.51679723293806,39.486531009821185],[-100.5221831874358,39.487064124743902],[-100.52749265860936,39.4877103469167],[-100.53206034645365,39.488461413834472],[-100.53662558350547,39.489324094999311],[-100.54501591950516,39.491100472281161],[-100.55222858897696,39.492631124481257],[-100.55627312679401,39.493662828432356],[-100.56031747337819,39.494689973150088],[-100.56677270510538,39.497067124302497],[-100.57173112834587,39.500284914398705],[-100.57644392895767,39.504590286067057],[-100.57897796000884,39.507088156632477],[-100.58180390815804,39.509757294379945],[-100.58448497393992,39.512315562013661],[-100.58895887539899,39.517471301336087],[-100.59268876956838,39.522848567709175],[-100.59641821654152,39.528284940837999],[-100.5994169201863,39.533307054611583],[-100.60197627679413,39.538155442007948],[-100.60381346927153,39.542188395313097],[-100.60557896487798,39.546106714995524],[-100.60577385615333,39.550806587646314],[-100.60568512690401,39.554930612188741],[-100.60604133092502,39.559002507523779],[-100.6069051492795,39.563593971412757],[-100.60798327370122,39.568534894588431],[-100.60949362335907,39.574055144108002],[-100.61137524282437,39.57952033175026],[-100.6133459011108,39.58430439631033],[-100.61519254588346,39.587990760713382],[-100.61668484369824,39.590934149089748],[-100.62014203778412,39.595503562150974],[-100.62275154284978,39.598175549724424],[-100.62602481534923,39.600967039192078],[-100.63126503537303,39.605331741428941],[-100.63550317215613,39.60807835582829],[-100.64135724794018,39.611473984182055],[-100.64751090336242,39.614761107897671],[-100.65133046062917,39.61629653416523],[-100.65515086672065,39.617837386947038],[-100.65912172367329,39.619261993590484],[-100.66338983279567,39.620634071640836],[-100.66721404421847,39.62199799037797],[-100.67141450891762,39.623081933144917],[-100.67576544359612,39.624050708715373],[-100.68012370623308,39.624677306567428],[-100.68552638339318,39.624977617146151],[-100.69092486519747,39.625444249437393],[-100.69647763891604,39.625624549668906],[-100.70166236922798,39.625687780520956],[-100.70937944370107,39.625097051859072],[-100.7162938418623,39.623864906465123],[-100.72306915859208,39.62216966281413],[-100.7273898756426,39.62096108612765],[-100.73178512654188,39.61969705096881],[-100.73707951111764,39.617924128433842],[-100.7417069531177,39.616147234103764],[-100.74640757220084,39.614428835285558],[-100.75125982265298,39.612481081389809],[-100.75655872011366,39.610423455438863],[-100.76261169379002,39.607633281574891],[-100.76859936809224,39.60437955225084],[-100.77451668859511,39.600898141123167],[-100.77909084698715,39.597913393496285],[-100.78472412324771,39.593740932036411],[-100.7886301519724,39.590805962251309],[-100.79223182669814,39.588268945063227],[-100.79710606226519,39.585003951285202],[-100.80145105571799,39.582305190818609],[-100.80610178122943,39.57903501930722],[-100.81060773326476,39.5755904014555],[-100.81473383631612,39.572661725911011],[-100.81841181948758,39.56989646127203],[-100.82178846831454,39.567410768063922],[-100.82501404405325,39.565098359368314],[-100.82794003023484,39.562958230253379],[-100.83116195059959,39.560816660648591],[-100.83468478076615,39.55839196175846],[-100.83827585807778,39.556253763910561],[-100.84208585379146,39.554292396931224],[-100.84589682284904,39.552271667141476],[-100.85008029543086,39.550083339579153],[-100.85389051072542,39.548063507713188],[-100.85740155101996,39.546214895968106],[-100.86128460466946,39.544251174248238],[-100.86583810397754,39.542011064249792],[-100.8701698960059,39.539707896306574],[-100.87457534910692,39.537465358605168],[-100.87882799416187,39.535449792754093],[-100.88278255168092,39.533544006092058],[-100.88643883201161,39.531750288234427],[-100.89024310863437,39.529958463505992],[-100.89449881263376,39.527713226508403],[-100.89860334532544,39.525636878318586],[-100.90271155131326,39.523331232196298],[-100.90688772605446,39.521370147477697],[-100.91098959476909,39.519410731864525],[-100.91509022361555,39.517505941364433],[-100.91911676324987,39.515600570988838],[-100.92306686582472,39.513805304193411],[-100.92716529487825,39.512017463289219],[-100.93163471366391,39.510114297479006],[-100.9361767846309,39.508272903290646],[-100.94049411048574,39.506596547182923],[-100.94785977832807,39.503923643373419],[-100.95477056740884,39.501874846308823],[-100.95877732220099,39.501055690026703],[-100.96307468801058,39.500527544554835],[-100.9709954972745,39.499974541466145],[-100.97875399714023,39.500338969423368],[-100.98598361320326,39.501386343087468],[-100.99238986913006,39.503051522841957],[-100.99952325508021,39.505528349390914],[-101.00613546633716,39.508283695140307],[-101.01200991661229,39.510916442044014],[-101.01736906841766,39.513432204846744],[-101.02234223817477,39.517031116847889],[-101.02700950732776,39.521314584581198],[-101.03121906417221,39.52650771929563],[-101.03331975790468,39.529389787531649],[-101.03556706322102,39.532391028238024],[-101.0378052807323,39.535964489839955],[-101.04003460923583,39.540164932628556],[-101.04196741450373,39.54441975877166],[-101.04360696671179,39.548503217557588],[-101.04565302873607,39.555048885469994],[-101.04741446234114,39.560910150118595],[-101.04832741613937,39.564123746234323],[-101.04930652210069,39.567913320454714],[-101.05005713818214,39.572103019493589],[-101.05081156719304,39.576062493631134],[-101.05112196286912,39.580016474526808],[-101.05106198992213,39.583968659461185],[-101.05100576258225,39.587690579374716],[-101.05073452079843,39.590952068149001],[-101.05039117865789,39.594098054667242],[-101.05011749552301,39.597472452859797],[-101.0497641973482,39.601248826714986],[-101.04926118747171,39.605140740418854],[-101.04831042235418,39.609257390475335],[-101.04698492195166,39.613654984581117],[-101.04521215572436,39.618218078816859],[-101.04344011324827,39.622726370552641],[-101.0419667136255,39.627068454848342],[-101.04086508089321,39.63129499396311],[-101.04020723889383,39.635581852365874],[-101.03944695480126,39.641703634097915],[-101.03932443263039,39.644913299982768],[-101.03927434332739,39.648174838956798],[-101.0388969698644,39.653497079159322],[-101.03874936860807,39.658306259545157],[-101.03867359219852,39.663290185512622],[-101.03868019607066,39.667699997821337],[-101.0390526286875,39.672454770065187],[-101.0402556995585,39.676190867852021],[-101.04287295648633,39.679595197066497],[-101.04640014147203,39.681632414495319],[-101.05014691978816,39.683899715757555],[-101.05537376272078,39.686351793978858],[-101.06193789169096,39.688645716672745],[-101.06850299757599,39.690880064169711],[-101.07256288610687,39.692123116848549],[-101.07706713209872,39.693362561489757],[-101.0818727535174,39.694325990762458],[-101.08978356674544,39.695882421542763],[-101.09703832151419,39.696693170232514],[-101.10504295508704,39.696935614651743],[-101.10971383986433,39.696976299793022],[-101.11446351133277,39.696673998728663],[-101.12151781984767,39.695933196576803],[-101.12895129661615,39.694562004868168],[-101.1331916795741,39.69357047493353],[-101.1378062579749,39.69229198267724],[-101.14205121377641,39.690893342327286],[-101.14585097155108,39.689553046618968],[-101.15286281456171,39.68640478439773],[-101.15644456920184,39.684658689381187],[-101.16047467323359,39.682687325211674],[-101.16473011462283,39.680431728206109],[-101.16868704785799,39.678344674818135],[-101.17518378006555,39.674731507824092],[-101.18138271749061,39.671173904560263],[-101.18765140419107,39.667902398933293],[-101.19450853115293,39.664922294460013],[-101.20159259916018,39.661544719550726],[-101.20517599964516,39.659512203361743],[-101.20861279524924,39.657302465308959],[-101.21205401184706,39.654755066844373],[-101.21534893358213,39.652030448685089],[-101.21841931066919,39.649475979882148],[-101.22171828214363,39.646412507633286],[-101.22486298266105,39.643803369439894],[-101.22808116082382,39.641191075394715],[-101.23159118821459,39.638926222501738],[-101.23524647722159,39.636896468771688],[-101.23897484407765,39.634918293461936],[-101.24285253241078,39.632829825385016],[-101.24658056219776,39.630852549166484],[-101.25015449936879,39.629332929826191],[-101.25402421595233,39.627875637509973],[-101.25841061473039,39.626532806152497],[-101.26301740474304,39.625307879246861],[-101.26710545867522,39.624075569319253],[-101.27379646246294,39.62194914762415],[-101.27773375039321,39.620948522128216],[-101.28263005397359,39.620239055797725],[-101.28767435565879,39.619532042537259],[-101.29182496499726,39.619215737485767],[-101.29604356569237,39.619475073643947],[-101.30018324406858,39.620136451421644],[-101.30491031196618,39.621258766700237],[-101.30963299707487,39.622724077700788],[-101.31700861827021,39.625405938544766],[-101.3210669062975,39.626810811429884],[-101.325491261232,39.62856085550753],[-101.32953962572944,39.630821679203677],[-101.33247527365194,39.633303023360753],[-101.33526319469016,39.635724674667408],[-101.33745285631947,39.638717003378105],[-101.3392731682524,39.641594365547128],[-101.34292328810155,39.646543127881372],[-101.3462936976818,39.650002199699244],[-101.34965953598319,39.653916089587462],[-101.35235594142738,39.658114414917357],[-101.35468731614175,39.661854622457234],[-101.35739070963436,39.665480541645913],[-101.35919728615801,39.669786144130519],[-101.35989497461837,39.673857670132108],[-101.36125749556784,39.6781588006045],[-101.36210832514978,39.6818305246574],[-101.3632343383791,39.687505989343499],[-101.36413522796821,39.693469299942272],[-101.36467090095793,39.698908646898005],[-101.36505126851658,39.705040646559318],[-101.36536465275343,39.710480597331021],[-101.36518259310843,39.713687138658656],[-101.36514909006475,39.716895139660181],[-101.36511361456179,39.720274179275144],[-101.36468381091905,39.725881200186656],[-101.36396030683665,39.73120248558206],[-101.36301255274091,39.736695377791143],[-101.36161785658237,39.742295681323064],[-101.35985840747487,39.747321648014164],[-101.35802165908862,39.752639165096099],[-101.35611386642462,39.757605503905573],[-101.35391321248382,39.762172041405378],[-101.35178962619221,39.766454818318408],[-101.34981879157853,39.770336625276862],[-101.34769176579091,39.774902152678749],[-101.34600707403706,39.779702394209274],[-101.34424816953278,39.784499060410312],[-101.34272972094361,39.787637449566859],[-101.34098193975143,39.791348720550275],[-101.3396818033946,39.794892287345817],[-101.33853341980365,39.798091957241674],[-101.33543472932908,39.803108673922623],[-101.3333208561629,39.806241009182152],[-101.33007101168918,39.811432729926516],[-101.32674835655568,39.81644978187127],[-101.32342575766283,39.821408658690615],[-101.31973011454983,39.826478221752971],[-101.31641457152928,39.830692456093011],[-101.31221441269625,39.834271480801043],[-101.30637579269779,39.838185573136606],[-101.30039229661141,39.841750220714324],[-101.29396746380677,39.84479689108359],[-101.28717705115825,39.84732678869748],[-101.27964478558039,39.849736707192783],[-101.27576650582218,39.850912120762708],[-101.27159230263972,39.852024978602891],[-101.26719239997321,39.853368433376907],[-101.26264336422486,39.854709013637375],[-101.25816832827418,39.856048554072238],[-101.25369288023325,39.857450525931561],[-101.24944172286844,39.858736790283622],[-101.2421332925958,39.860800972197396],[-101.23653517283066,39.862760862493559],[-101.22959135289533,39.865345331809046],[-101.22585547532564,39.866916531438513],[-101.21890791607804,39.869729556478163],[-101.21218146491157,39.872655899771949],[-101.20851572016011,39.874460504815723],[-101.20185660758223,39.877843758197635],[-101.19556990530333,39.881116288455303],[-101.19212702878441,39.882920068039567],[-101.18815597166673,39.885296418564408],[-101.18418047743418,39.88795212766891],[-101.18057613830334,39.890673922555195],[-101.17771654201167,39.893285579645003],[-101.17485974962182,39.895668014514271],[-101.17117017410382,39.899133791547165],[-101.16761805677119,39.903457352337206],[-101.16586863519122,39.906363771961338],[-101.16411694627895,39.909441180819108],[-101.16175109094068,39.913944838506062],[-101.16049902945517,39.918571369399501],[-101.16057532189973,39.924015860359027],[-101.16118441866924,39.928545804297443],[-101.16269229749327,39.9326209535609],[-101.1647288263222,39.936132509543903],[-101.16676972356029,39.939296405639965],[-101.16903780661444,39.942236409376513],[-101.1718257232358,39.945238774599417],[-101.17527802414767,39.94864164164813],[-101.17917299824417,39.952397116411547],[-101.18432332355357,39.956962091468156],[-101.18697173370377,39.959331981082983],[-101.19146647401661,39.962859033693732],[-101.19559132979352,39.96621354374836],[-101.20045602576948,39.969971927942339],[-101.20428722606604,39.973093657569613],[-101.20738083278871,39.975696160019311],[-101.21136042763217,39.97887747791313],[-101.21474711055806,39.981939125582031],[-101.21843036516464,39.985057725972915],[-101.22196939213353,39.987831369345216],[-101.22565646593948,39.990725002841373],[-101.22882522868623,39.993439028277422],[-101.23288353511043,39.996445541668699],[-101.23763150435636,40.001749481177448],[-101.24003644844927,40.002561977344342],[-101.2435728812884,40.002570347963967],[-101.24881833652778,40.002570347287254],[-101.25407288357924,40.002561256346468],[-101.25635470199073,40.002570346882386],[-101.25815470302895,40.002552164837169],[-101.26713652301363,40.002561255825931],[-101.28013963328155,40.00255547477073],[-101.28649107303272,40.002552163189065],[-101.29428198430257,40.002552162424536],[-101.31331835229034,40.002761252494118],[-101.32404562811155,40.002706706445096],[-101.32944562945517,40.002697614637356],[-101.33590926750665,40.002688523526764],[-101.33790017628479,40.002679432630131],[-101.33956381349192,40.002679432679912],[-101.3432183597327,40.002633977280716],[-101.34647290637544,40.00263397779608],[-101.36161836417079,40.002652157869598],[-101.37444564037672,40.002643066146589],[-101.37563654919499,40.002670339507446],[-101.38358200607746,40.002633974789056],[-101.3895729168899,40.002615792970168],[-101.39636382782557,40.00260670150837],[-101.39943655500483,40.002597610039743],[-101.41005474042198,40.002588518219483],[-101.41100019463973,40.002615791271509],[-101.41243655904336,40.002533973026239],[-101.41689110544208,40.002533972696845],[-101.41785474129226,40.002570336215406],[-101.41830928713898,40.002588517952432],[-101.42083656077793,40.002606699303144],[-101.42274565208052,40.002606699537537],[-101.43015474468892,40.002624880805129],[-101.43403656449165,40.002606699192235],[-101.4358274729405,40.002606698692176],[-101.43977292937647,40.002597607197039],[-101.45170020462844,40.002624879358251],[-101.45532747824491,40.002561242947493],[-101.46624566277258,40.002597606102526],[-101.47100930079125,40.002624877825035],[-101.47136384553636,40.002624878126277],[-101.47337293727948,40.002624878036109],[-101.481018393658,40.002606695439646],[-101.48357293966507,40.002633968583957],[-101.48760021377375,40.002633967597141],[-101.49357294247395,40.002652149270197],[-101.50457294436238,40.002661239357003],[-101.50548203602072,40.002688512383592],[-101.52176385812844,40.002679419830955],[-101.5235093135269,40.00266123874237],[-101.5277638602531,40.002688510524763],[-101.53131840612765,40.002688510231614],[-101.53352749723629,40.002688509952328],[-101.54230931769118,40.002679418951828],[-101.55677295726258,40.002733963483848],[-101.55700932127701,40.002733963002093],[-101.55746386658205,40.00273396361726],[-101.56241841322451,40.002715781296786],[-101.56885477935998,40.002697598724147],[-101.57965478121018,40.002724871274232],[-101.59110023924394,40.00271577940314],[-101.60255478681333,40.002706687762739],[-101.61400024421327,40.002697595882807],[-101.62471842916369,40.002815776868793],[-101.62551842892152,40.002824868270388],[-101.62675479314693,40.002797595246221],[-101.63906388731817,40.002824866665854],[-101.65310934443453,40.00284304774236],[-101.66205480211426,40.002770319946272],[-101.66321843886719,40.002733955955101],[-101.67560935016647,40.002879410117067],[-101.68571844331592,40.002888500461573],[-101.68639117068265,40.002888499918591],[-101.69165480879148,40.002897590276596],[-101.69937299220706,40.002888499680836],[-101.70121844822002,40.002888499167184],[-101.70195481181874,40.002888498972325],[-101.71274572302531,40.002879407549464],[-101.71362754156655,40.002879407410632],[-101.71454572322391,40.002888498456052],[-101.73029118254476,40.002870314937581],[-101.74619118587015,40.002897587432557],[-101.74637300412377,40.002897587233058],[-101.74849118671665,40.002924859498634],[-101.75046391471716,40.002943041634566],[-101.76935482805484,40.002879403639966],[-101.7806002856873,40.002906675505152],[-101.78344574040756,40.00298849371385],[-101.79405483344229,40.002833947652562],[-101.80599120053334,40.002943037843714],[-101.80676392754953,40.002915764413387],[-101.81281847453312,40.002861218979177],[-101.82292756801918,40.002970308948996],[-101.83217302543342,40.002943035735832],[-101.84078211776065,40.002861217409759],[-101.84103666303123,40.002788489457622],[-101.8552184850937,40.00301576127864],[-101.86175485072808,40.003024851752613],[-101.8654457598949,40.00303394242016],[-101.87257303449807,40.003024851656612],[-101.88293667396641,40.003170304707758],[-101.89360031327541,40.003170304323127],[-101.90413667856571,40.003088485399843],[-101.91047304464428,40.003070303133235],[-101.91630031811185,40.003088484914471],[-101.92001850102265,40.003124848129602],[-101.93181850415095,40.003024847034425],[-101.93323668661512,40.003024847362511],[-101.93565486864945,40.003097574577275],[-101.94240941598655,40.003106664842655],[-101.94960941689033,40.003015755454626],[-101.95927305554198,40.003143027133632],[-101.9734003323935,40.003106662234785],[-101.97359124155885,40.003088480665987],[-101.98523669823869,40.003288479750417]]]},"properties":{"FID":0,"US_L3CODE":"25","US_L3NAME":"High Plains","NA_L3CODE":"9.4.1","NA_L3NAME":"High Plains","NA_L2CODE":"9.4","NA_L2NAME":"SOUTH CENTRAL SEMI-ARID PRAIRIES","NA_L1CODE":"9","NA_L1NAME":"GREAT PLAINS","STATE_NAME":"Kansas","EPA_REGION":6,"L3_KEY":"25  High Plains","L2_KEY":"9.4  SOUTH CENTRAL SEMI-ARID PRAIRIES","L1_KEY":"9  GREAT PLAINS"}},{"type":"Feature","id":1,"geometry":{"type":"Polygon","coordinates":[[[-99.202651098674821,37.578890927029448],[-99.210266199123964,37.578125594399935],[-99.214565688143068,37.572898496766129],[-99.219989644018696,37.569327817239405],[-99.223967194509797,37.566661232532184],[-99.228448174329941,37.56388407290612],[-99.234082761764412,37.560657546801856],[-99.23841600499216,37.558220940677408],[-99.243471372557636,37.555389936855406],[-99.247869918132537,37.553585160206055],[-99.254212337945972,37.551218182445382],[-99.259252432750316,37.549819894327214],[-99.263139043371794,37.548868625165269],[-99.268538570802974,37.547412312077746],[-99.272283719347229,37.546232416501852],[-99.276534305857197,37.544768695569893],[-99.280496410889128,37.54336171430193],[-99.284387790155378,37.541838194980841],[-99.288209314524195,37.540143461648249],[-99.292316901474152,37.538506686452187],[-99.296928981198221,37.536642944256137],[-99.301179843573195,37.535007557762597],[-99.305431451985541,37.533257056243073],[-99.309541876104873,37.531220055864416],[-99.313579836852995,37.529237332282108],[-99.317618313685415,37.527198670940194],[-99.321224125776254,37.525330157626165],[-99.325118565046509,37.523290686860577],[-99.328939652532995,37.521364700285837],[-99.332616909708022,37.519436945203744],[-99.336151784677341,37.517396932398817],[-99.342499117910634,37.513823009270119],[-99.348049353381512,37.510989457033098],[-99.353817347313694,37.507871732908562],[-99.359580008430598,37.505324166717436],[-99.367350592619687,37.502904883128728],[-99.371737881961224,37.501667154776442],[-99.376340475049886,37.500431139627786],[-99.380440236658558,37.49930714139137],[-99.38719787997978,37.497737293829466],[-99.391293227709724,37.497069511701554],[-99.395820704777478,37.496234375332918],[-99.400847378576429,37.495744505202943],[-99.409177523794554,37.494868264724026],[-99.415349453548032,37.494727388148334],[-99.421016789367513,37.494926277375704],[-99.427184889223383,37.495298314386325],[-99.431416636433937,37.495490322080023],[-99.435791017995498,37.495854511608123],[-99.441026980411991,37.496164024223418],[-99.445473268375011,37.496529166426825],[-99.452141592974556,37.497247384924044],[-99.458092163418328,37.497961113073842],[-99.464042652183466,37.498731488154824],[-99.470994395797874,37.499965190772876],[-99.477659865458506,37.501195542279177],[-99.482962135877358,37.502364133994995],[-99.488693350252788,37.503819337924796],[-99.495716253332986,37.505337587815418],[-99.502530423970882,37.505824526112335],[-99.510426356800622,37.505569999511643],[-99.51825652891506,37.504283284187252],[-99.52508651631031,37.502250435165472],[-99.528754286034754,37.500890579683016],[-99.532351775640691,37.49924241769552],[-99.535591954395215,37.497479539868841],[-99.538904789257316,37.495432055721544],[-99.544016867414115,37.492415659023109],[-99.549699553819039,37.489917014806622],[-99.554730841666938,37.488332304181569],[-99.560189739972699,37.48726283393691],[-99.56550141985123,37.48682584316397],[-99.571247279564162,37.485700558845984],[-99.576640326833726,37.483427899413691],[-99.58196639536088,37.480181391800443],[-99.586071629249147,37.477218459096228],[-99.589386584410761,37.474366917906394],[-99.592269178870652,37.471799276615393],[-99.59543725734153,37.469462003969937],[-99.599252327499713,37.466839803122696],[-99.605794184140791,37.463940133578191],[-99.612042485256822,37.462243175319017],[-99.619077989785936,37.46083385992516],[-99.625467761912972,37.459421080190758],[-99.630711152762913,37.457720733321814],[-99.636601691947249,37.455677082075731],[-99.641773985746312,37.453687055763098],[-99.647305250177908,37.451526379946195],[-99.653769209910379,37.449311734037344],[-99.660733863815565,37.447213337417409],[-99.667050793974767,37.44562747903376],[-99.674158190025551,37.443528460395967],[-99.681121209916299,37.441540553670251],[-99.687939381151878,37.439841264038911],[-99.694611551255605,37.438770037299228],[-99.701138937534949,37.438097983072808],[-99.707061254642525,37.437737639959856],[-99.71261296720705,37.437323580824192],[-99.717991482955796,37.436935785950944],[-99.722510251175052,37.436374276779581],[-99.729180838159166,37.435527806704606],[-99.735850766446504,37.434911996190891],[-99.742376824241305,37.434296914968222],[-99.746534200580172,37.434534879255096],[-99.750472256161387,37.436088888549854],[-99.754050155985283,37.438329250663259],[-99.757697939403073,37.441199173087782],[-99.761344076210889,37.444756682101136],[-99.76512888410403,37.449860326997602],[-99.766985152234923,37.452726337444382],[-99.770053994152988,37.457828593029532],[-99.771550811441216,37.461038372241184],[-99.773758619511653,37.466597027972504],[-99.776470732931415,37.471354126950224],[-99.780329263020121,37.476687238693451],[-99.784478266736173,37.48104558437813],[-99.789634393860737,37.484490511487984],[-99.793145132047513,37.486157007832333],[-99.797230560036837,37.487767477146143],[-99.801244118884242,37.489317578271972],[-99.804828103177229,37.490640983712595],[-99.814507072118829,37.493631778499626],[-99.818953965718521,37.494497929829748],[-99.823328313735672,37.495477812777018],[-99.827847560002894,37.495941719935679],[-99.83523788150481,37.495952096798028],[-99.842414917930512,37.494815623329018],[-99.849234849000425,37.4927043086563],[-99.854261654195895,37.490363707508514],[-99.857421384446923,37.488477338260125],[-99.86065297838401,37.486533907188274],[-99.864028624465547,37.484075638973266],[-99.867619709595402,37.481617101408744],[-99.870779757682669,37.479270411611985],[-99.873939462986058,37.476812030324872],[-99.876811986960448,37.474525691341562],[-99.879684754907942,37.472178991154848],[-99.884997864210064,37.468175692267323],[-99.890883854343883,37.464345797024357],[-99.894830923819342,37.462113881907399],[-99.901719575489096,37.458798298221097],[-99.905378774882124,37.45708321137937],[-99.914919364372366,37.453940548469483],[-99.919509999449701,37.45285474479094],[-99.924745588052915,37.451712219120893],[-99.929550335842634,37.450799965841732],[-99.933781891702594,37.450112642359564],[-99.938442872342094,37.449084105932947],[-99.945327746273975,37.44742722794664],[-99.949774316752965,37.444795415135097],[-99.953504593586686,37.440901776260624],[-99.95687639876985,37.434947629268834],[-99.955588026295956,37.429852010674658],[-99.953582110740101,37.426702124315106],[-99.951433120741029,37.42395208194533],[-99.948925818264186,37.421317461622252],[-99.946131898204172,37.418798182380272],[-99.943194149287379,37.416448764948406],[-99.939826929771314,37.4142716938969],[-99.936388220437593,37.411865799164126],[-99.932663184315984,37.409686760028407],[-99.928723401438674,37.407166264707804],[-99.924067638804587,37.404530351982103],[-99.919841564382139,37.402007664627824],[-99.91575936019396,37.399772695360042],[-99.912035059848932,37.397767198898471],[-99.908167873590116,37.395529516133386],[-99.904158233486143,37.392951336872002],[-99.899432035260133,37.390427323139235],[-99.895207560465622,37.388304548288929],[-99.887686686752858,37.386640075052988],[-99.882168893638564,37.387436283760628],[-99.876652080392375,37.387603716035095],[-99.8699193325713,37.386163035771396],[-99.862544329507173,37.383522228232735],[-99.856315545511777,37.381053352877224],[-99.851162075129608,37.378471904355699],[-99.847941959139362,37.376521049525742],[-99.844506877061448,37.374684120795663],[-99.841287951221631,37.372390356832263],[-99.838073133105027,37.367976425271188],[-99.83844030144266,37.363452491549019],[-99.840953406296109,37.36024826230998],[-99.845255102675537,37.357964088660268],[-99.855427857907117,37.356201095760632],[-99.859725384307339,37.356033168039311],[-99.86438038514035,37.355980991334803],[-99.869035607397478,37.355987762418692],[-99.873261056258954,37.355818318078555],[-99.877773696070918,37.355251062334766],[-99.884865375392764,37.3541689785743],[-99.890738908877381,37.352970390745384],[-99.896326977376191,37.351430152530988],[-99.90141371339395,37.349142139152917],[-99.905068231442371,37.34714229055988],[-99.909008181495338,37.345483678940141],[-99.914953216356821,37.343713348272871],[-99.91903588871412,37.342626939338146],[-99.923332440581746,37.341827122965377],[-99.92949078497081,37.341259327111509],[-99.934217485278708,37.339828899970776],[-99.94016128976844,37.338571982183836],[-99.94438593810699,37.337943433247119],[-99.949111714212478,37.337028253211329],[-99.954195558342292,37.335885720481897],[-99.959494493133946,37.334341840300802],[-99.96429166264096,37.333082081604978],[-99.970321835756877,37.331878877462977],[-99.978291739509089,37.332007315956787],[-99.982354261451647,37.333088650441155],[-99.989080409955847,37.335040181587011],[-100.00029429656827,37.338513589949336],[-100.00797465832581,37.340951763905416],[-100.01495668730936,37.342962650017121],[-100.01971905534901,37.344763157515231],[-100.02432490790737,37.347019742640335],[-100.02885660778291,37.349389144032791],[-100.03267041059773,37.351746505703808],[-100.03568677368705,37.354374820519809],[-100.03876797070525,37.357293405118575],[-100.04207330596985,37.359871739565392],[-100.0454591655123,37.362162622109345],[-100.05057728651816,37.364141028668584],[-100.05458307495344,37.36478094225351],[-100.05976018453661,37.364579847430818],[-100.06460797715155,37.363285433215943],[-100.07064283507434,37.360578828558985],[-100.07420817674692,37.358860336661039],[-100.07842740061629,37.35686631072906],[-100.08257803228139,37.354757224057934],[-100.08643935743136,37.352700133292437],[-100.08957978680941,37.350747622015867],[-100.09251024041224,37.348558713017262],[-100.09770562596303,37.344918804721289],[-100.1027957259215,37.34253940096189],[-100.10778177920685,37.341359073725862],[-100.11378616317081,37.339680634002036],[-100.11821833229939,37.337689089043074],[-100.12312053927809,37.334215416168952],[-100.12752373572073,37.330561976065027],[-100.13153209953219,37.328276185600593],[-100.13618324258827,37.326115687946753],[-100.14206004059736,37.323745656560092],[-100.1487034703062,37.322247884507611],[-100.15047096414018,37.319451906840257],[-100.1582721087842,37.319111994996774],[-100.15976159139171,37.316143389172076],[-100.1665488730532,37.3150047917227],[-100.17002619835537,37.312567269336363],[-100.17365091452919,37.309845468359107],[-100.1773504783984,37.306837305673888],[-100.17987596106697,37.303277774717152],[-100.18266662192077,37.299345020199254],[-100.18594710989811,37.296817757042298],[-100.18770803732839,37.29373774719636],[-100.18976121825447,37.29025792678123],[-100.19288452390722,37.286898475577658],[-100.19591155159331,37.283505384844531],[-100.20020969209368,37.278071740560819],[-100.20391051583624,37.273542958402913],[-100.20670481063478,37.270837639557158],[-100.2094791616252,37.268432181994946],[-100.21236173912033,37.265834200071268],[-100.21587565168038,37.262668132917959],[-100.22140924522596,37.259372416580945],[-100.22589821675312,37.257666063131396],[-100.2310315575196,37.256024130274866],[-100.23543337768007,37.254945736034053],[-100.24209665857109,37.252081832671038],[-100.25218414877182,37.255458706080951],[-100.25767506949228,37.258265037809714],[-100.26058673016627,37.260920690844749],[-100.26708391042187,37.262085510724148],[-100.27470588983489,37.262334893126628],[-100.27839055814032,37.260068714485683],[-100.2802066448898,37.256454809990238],[-100.28210845674185,37.252669215548821],[-100.28769927952087,37.248845725377819],[-100.28889247515184,37.244726656292507],[-100.29546707753217,37.233949197177687],[-100.2993136550561,37.229841894128541],[-100.30413418433558,37.22849925140634],[-100.30987452146438,37.231277658678465],[-100.31419372260736,37.233312468765568],[-100.31614563830099,37.238662013146275],[-100.31654474687755,37.243441570628484],[-100.3134874323311,37.245750300544316],[-100.31354631840762,37.249286866342302],[-100.31359860753227,37.252445095199064],[-100.30979741456245,37.25529498747504],[-100.30834973695698,37.25907270461375],[-100.30364235910102,37.263989108777359],[-100.29957719399971,37.26902988278686],[-100.29906697344951,37.273502229265439],[-100.29497639370857,37.278474467510499],[-100.29459091873285,37.282596184458413],[-100.2930265752894,37.28801698681017],[-100.29081903748281,37.293314235143391],[-100.28788309616343,37.2990581555189],[-100.28524443221961,37.304348180160652],[-100.28039015158367,37.30894816636912],[-100.27961555770737,37.314578608552132],[-100.27796239664193,37.317648445326526],[-100.27631178023788,37.320604250947071],[-100.27436892110669,37.323784705382941],[-100.27249851156638,37.326907842133025],[-100.26877719743797,37.33235279273908],[-100.26704101421205,37.337115850255309],[-100.26520404186755,37.340553684818182],[-100.26597636284615,37.34571637932936],[-100.26999270970023,37.349225152161203],[-100.27031066766878,37.354029770749257],[-100.27440566615211,37.355081369516967],[-100.28104608844571,37.356518713298854],[-100.29142923548247,37.354441169179971],[-100.29768942568131,37.35216272701949],[-100.30001671730473,37.349543332392138],[-100.3050416756048,37.343272887790441],[-100.30864249261829,37.340680653015248],[-100.31297477693782,37.339654580130656],[-100.31727186766724,37.340118055813015],[-100.3208721934224,37.342747830606626],[-100.32345111481011,37.346051535167632],[-100.32240570507516,37.351806950252374],[-100.32494586942599,37.355424662269776],[-100.3233047369684,37.361660247993854],[-100.32228287649143,37.364855537003429],[-100.31564324284025,37.379609926712561],[-100.31858484774305,37.38196846400642],[-100.3181378627358,37.385687004474619],[-100.31769120431123,37.389405524572943],[-100.31777459714358,37.395022355984729],[-100.31882276887555,37.39933417446062],[-100.33389598598525,37.414074074871714],[-100.33496924849446,37.418764507072225],[-100.34113521785802,37.422520351724145],[-100.34469089660072,37.42417524273273],[-100.34825187503461,37.425600938161899],[-100.35203548358446,37.426742739980213],[-100.3595370690937,37.428741429687925],[-100.36652907162409,37.429318671014563],[-100.37413032969125,37.431427893128195],[-100.3793942618416,37.430025499292768],[-100.38380594728817,37.427416426650467],[-100.38710299761276,37.424701195238377],[-100.39092942287404,37.422107420244998],[-100.39388246827062,37.418277752771537],[-100.39811918537691,37.417139459455385],[-100.40281277625921,37.415878366429439],[-100.40912605998068,37.413286436168356],[-100.41215240023826,37.410562422629944],[-100.41426365271313,37.407710804545324],[-100.41493655159975,37.404546354220003],[-100.41564472393725,37.401214220711367],[-100.42076853460313,37.393083861670831],[-100.42065695280985,37.38581073781814],[-100.4201197329463,37.380873514260784],[-100.41840446561343,37.377242097298797],[-100.4158972230981,37.373710979617066],[-100.41241368280286,37.368849661134391],[-100.40912201211337,37.365081167081613],[-100.40678801816806,37.362118646265721],[-100.40452265726587,37.358553944322296],[-100.40222207214713,37.355702921563271],[-100.40093749955315,37.348534852971618],[-100.39795645687292,37.344183077519546],[-100.39774198619756,37.340972677303832],[-100.40061978050953,37.337514946873021],[-100.40382638620294,37.335384059367293],[-100.40862237760727,37.332812325393533],[-100.41564141384482,37.330331386513244],[-100.42287290801337,37.327966219173277],[-100.4265645643611,37.326583046787214],[-100.43069437632417,37.324863250539131],[-100.43460702064559,37.323198160639336],[-100.43888251464946,37.321363323663647],[-100.44243512820613,37.319750220368569],[-100.44606806042644,37.317736526053238],[-100.44941247172713,37.315775733463099],[-100.45247479402171,37.313581765237579],[-100.45539606034826,37.311272302806863],[-100.45825377244506,37.308559743047859],[-100.46082180950275,37.305957136995119],[-100.46310182741307,37.303409754365411],[-100.46671010500434,37.299160640083166],[-100.47011237720818,37.29444887550688],[-100.47222575495231,37.28960699064983],[-100.47348302101962,37.28452419545922],[-100.47381653206284,37.279026545552298],[-100.47342865579684,37.273692902913126],[-100.47261608128916,37.2681236475375],[-100.4715797107434,37.26295349593623],[-100.47030732817549,37.258753562685492],[-100.468674219495,37.254664044167072],[-100.46774853791531,37.251039824022364],[-100.46821422578763,37.246061009400471],[-100.4699593179399,37.241616785072374],[-100.47203050623118,37.238663609734566],[-100.47466133796797,37.236348578315628],[-100.47786558411194,37.234041278211016],[-100.48150201904687,37.231625250013366],[-100.48550280728868,37.228927571428933],[-100.4895095592186,37.225943624018441],[-100.49345531230929,37.222443655888156],[-100.49669569259308,37.218359927617968],[-100.49952322123674,37.213468442177863],[-100.50192137784677,37.208514628035879],[-100.50374506291638,37.20361006477723],[-100.50547880275171,37.199564251686738],[-100.50712387587754,37.196320189652241],[-100.50927968117657,37.192622655593894],[-100.51202160908596,37.188303478015065],[-100.51455510740712,37.183637985769359],[-100.51687891571,37.178739043409038],[-100.51848022042766,37.174119384471773],[-100.51951201470868,37.169319961567282],[-100.51963391180067,37.163475711282182],[-100.51919744483989,37.160376143432366],[-100.5178302692518,37.15726333937981],[-100.51563113366103,37.152823558234516],[-100.51256986615661,37.148545460074445],[-100.50865719182558,37.143910368461086],[-100.5069747875749,37.139346207225287],[-100.5010643545092,37.137221083421707],[-100.49681577092709,37.134988077773833],[-100.49468216714969,37.131326162072057],[-100.48860886394995,37.12779488164707],[-100.48296905142389,37.126161447712768],[-100.47725224549629,37.125100140427882],[-100.47164457353462,37.126805293490548],[-100.46475143231014,37.12442109424147],[-100.45870991352618,37.12239152184867],[-100.45294983031698,37.121533939017951],[-100.44917407176645,37.119679522578814],[-100.44745494389461,37.116246137579331],[-100.44431426461925,37.112177089011652],[-100.44148876009392,37.108275075964549],[-100.43996203240978,37.103502225376012],[-100.4458824862273,37.097201469745272],[-100.44899227404886,37.093723254833797],[-100.450030150629,37.089947148200558],[-100.44699918700599,37.085174998489734],[-100.44517057935116,37.081898620769579],[-100.44420414884439,37.078226423116327],[-100.44524868538466,37.073762141380378],[-100.4472893357263,37.069821802259661],[-100.45033309797596,37.065655715498941],[-100.45165651142042,37.061881294279559],[-100.4477663739093,37.057334037201684],[-100.44144339509997,37.05485510229758],[-100.43735741123383,37.054010214166823],[-100.42957141975879,37.053105505537964],[-100.42444461792097,37.050901255431938],[-100.41832343704255,37.048058621118393],[-100.41600263502053,37.051569819917987],[-100.41247426007482,37.053752554949895],[-100.4083162580733,37.054759846449329],[-100.40254022412731,37.053122240928516],[-100.40063842359875,37.050303550966738],[-100.39271236400518,37.049168194650129],[-100.38946837670935,37.05172851639329],[-100.38685312384554,37.055607180766081],[-100.38458936445232,37.060178793983511],[-100.38039161865146,37.06550170476838],[-100.37424683271516,37.064355226022577],[-100.36702899366153,37.063796671701517],[-100.36096395026955,37.062440037718176],[-100.35563472706308,37.062625619716258],[-100.35030146444987,37.063004290855034],[-100.34276289404163,37.065649728903928],[-100.33615529580668,37.068128384782398],[-100.33026810327452,37.070096179276049],[-100.32538902247364,37.071440175437075],[-100.32085708577246,37.072150658252021],[-100.31500235838338,37.073340397827948],[-100.30956670866674,37.074562938262012],[-100.30441304420123,37.074660629731341],[-100.29692338107141,37.073691043096588],[-100.29181432013996,37.071893807088202],[-100.28730121129912,37.069134974360381],[-100.28231155172271,37.065392274899892],[-100.27754082594751,37.061481962205853],[-100.27369481440915,37.057812348315196],[-100.26865979311803,37.053038891482316],[-100.26403596520368,37.049013445377895],[-100.2597864656597,37.048417395743606],[-100.25480143964579,37.046662352410962],[-100.25003192490878,37.044909554779892],[-100.24569362451989,37.042988423023139],[-100.24150611731197,37.04043650429972],[-100.23810816091049,37.037661317999891],[-100.23528453180842,37.034718471840534],[-100.23310000467437,37.032125034380293],[-100.22715552237987,37.027647617388062],[-100.22267571424852,37.025285100168908],[-100.21964051544168,37.022227611430601],[-100.21767863452291,37.019061065992638],[-100.21481999744498,37.01473431249012],[-100.21536258941101,37.009349602586084],[-100.21947440730655,37.006983706870585],[-100.22377703668923,37.005869514905392],[-100.23271587311167,37.005477105824014],[-100.23642880122902,37.002459020244551],[-100.24100801671513,37.002300441350364],[-100.24615282200212,37.002379769244698],[-100.25043769433275,37.002560617331639],[-100.25522242311651,37.002746022759723],[-100.26081312754097,37.002143429929532],[-100.26161619036377,37.001930941602673],[-100.25479051735439,37.00196994336882],[-100.25042688044802,37.001988125323102],[-100.24994506151801,37.001888125752096],[-100.23543596702368,37.001951763023442],[-100.22093596397966,37.002006308931378],[-100.21955414582703,37.002015400098728],[-100.21718141695622,37.002024490801091],[-100.20756323380002,37.002060855359517],[-100.20168141320916,37.002088128227882],[-100.19386323032309,37.002160856246547],[-100.19376322968176,37.002142674342586],[-100.19238141112493,37.002042674854614],[-100.19209050235752,37.00207903772273],[-100.19200868461472,37.00208812890353],[-100.18755413730379,37.002088129445866],[-100.17441777117247,37.002124493626376],[-100.15916322161014,37.002169949231835],[-100.14391776334114,37.002215404227492],[-100.140999580505,37.002224495898126],[-100.13032972219307,37.002256320144561],[-100.12878139618704,37.002260859527851],[-100.12542684981889,37.002269950854505],[-100.1186723020969,37.002179042437717],[-100.11690866600019,37.002197224568249],[-100.11572684740111,37.002215405839692],[-100.11387230142851,37.002324496782627],[-100.1078541174839,37.00230631543905],[-100.09769047955085,37.002260861470127],[-100.09614502451902,37.002333589218551],[-100.0895450225799,37.002315407368215],[-100.08949956762065,37.002315407254272],[-100.08270840237951,37.002258235591192],[-100.07124501791104,37.002160863534925],[-100.05299046829113,37.002015409330724],[-100.05286505399324,37.002015777184184],[-100.04357228421455,37.002042682589249],[-100.03869046443458,37.002015410536202],[-100.03106318959391,37.001988138574951],[-100.02043591500536,37.00194268411591],[-100.01430863994437,37.001915411778072],[-100.01422682197115,37.001851775642344],[-100.01117227588652,37.001797230471347],[-100.00766318357518,37.001797230011654],[-100.00571772854966,37.001733594279841],[-100.00257227399857,37.001715412759921],[-100.00129954578922,37.001706321408669],[-100.00042681842753,37.00170632158126],[-99.997599545140943,37.001669958110774],[-99.995208635736248,37.001633594771],[-99.993072270857311,37.001615412991178],[-99.978572267307158,37.001624504817435],[-99.973626811587948,37.001624505327122],[-99.95644498966216,37.001633596766354],[-99.939263166972154,37.001642688788365],[-99.922090436229297,37.001642689461157],[-99.904908613455035,37.001651782123474],[-99.887481336162423,37.001660873992968],[-99.875417696691329,37.001669964913063],[-99.856508601650901,37.001488148493905],[-99.837590415063104,37.001306330895289],[-99.836381323955379,37.001297240102737],[-99.831854050269584,37.001260876785047],[-99.827390411690516,37.001233603836006],[-99.826054048224776,37.001215422071333],[-99.816454045867232,37.001160877674621],[-99.80686313402741,37.001097241838146],[-99.7964449495,37.00101542409346],[-99.786026765341688,37.00093360698397],[-99.774826762719528,37.000851789015229],[-99.774263126292652,37.000842698088249],[-99.771999489870922,37.00083360697753],[-99.768044943040394,37.000815425344001],[-99.758708576781217,37.000788153245551],[-99.756508576491782,37.000769972179931],[-99.750417665360075,37.00076088091037],[-99.734326752812422,37.000633609519546],[-99.722508567678773,37.000515428651333],[-99.720599476907012,37.000515428160384],[-99.720426749492191,37.000479064451568],[-99.718454021883346,37.000506337917983],[-99.715317657225057,37.000497246752417],[-99.711517656215264,37.000479065688381],[-99.702008563437829,37.000442701902685],[-99.697163107061215,37.000424520948329],[-99.68563583218625,37.000424521241619],[-99.684008558824445,37.000415430430444],[-99.681744921200959,37.000415430605862],[-99.681417648868916,37.000415430234838],[-99.681117648646932,37.000415430696592],[-99.6805449214025,37.000415430307079],[-99.674835829011073,37.000288158500432],[-99.670772191204776,37.000197249119239],[-99.67068128283951,37.000188158718018],[-99.670335827627639,37.000179067529494],[-99.663808553305344,37.0001972498833],[-99.661754007488554,37.000197249711647],[-99.657663097949296,37.000206341251861],[-99.655699460865279,37.00003361360092],[-99.653772187290002,37.000033614244323],[-99.652517641406192,37.00003361379013],[-99.648663095474305,36.999615432415254],[-99.647835822529942,36.999597250714757],[-99.647444913016372,36.999597250361703],[-99.646872185130192,36.999597250384483],[-99.645872185607189,36.999597250898425],[-99.644872184837851,36.999606341421128],[-99.644563094290206,36.999606341657831],[-99.642344912032186,36.999606341466034],[-99.640844911467923,36.999606341887585],[-99.63994491154655,36.999606341760256],[-99.63301763710659,36.999606342188919],[-99.630672181166005,36.999606342320433],[-99.62540854384234,36.999679069958987],[-99.622081270219851,36.999669979533621],[-99.608508539848302,36.99965179850313],[-99.594926718086938,36.99963361711675],[-99.593226718171863,36.99963361750897],[-99.593135808206966,36.999669980835087],[-99.591408535646167,36.999669981386106],[-99.58226307868631,36.99966089024047],[-99.575181259314178,36.99965180006685],[-99.574499440277563,36.999651800085182],[-99.570044893705131,36.999651800501397],[-99.5581358003014,36.999660891828213],[-99.558081254476292,36.9996154379036],[-99.55807216402026,36.999533618988671],[-99.554144889952155,36.99956089202621],[-99.552426707557345,36.999569983568875],[-99.549263070766131,36.999542710570672],[-99.541581250964981,36.999615438780566],[-99.541126705088828,36.999615438403403],[-99.539672159393376,36.999633620514551],[-99.538635794717152,36.999642711498858],[-99.535663067411193,36.999660893314577],[-99.525626700741242,36.999751802987205],[-99.515744880255269,36.999706348731003],[-99.508581242562087,36.999660894864],[-99.508444878442589,36.999660895190992],[-99.502672149917373,36.999651804381443],[-99.500399421789766,36.999642713679556],[-99.500399422028252,36.999579076894648],[-99.490481237217566,36.999615441539873],[-99.489172146379275,36.999669986431051],[-99.484344873009363,36.999633623114413],[-99.482281235337652,36.999615441950503],[-99.480835781019735,36.999606351200363],[-99.475053961203102,36.999560896363299],[-99.471499415168239,36.999479078403851],[-99.465817595369629,36.999469987761771],[-99.463117594411344,36.999460897577073],[-99.456590320326697,36.999479079623399],[-99.456208501868645,36.99947907976032],[-99.455753955982146,36.999479079628316],[-99.442644861881988,36.999488170938854],[-99.434099405236765,36.99954271748566],[-99.417835765658637,36.999569991161096],[-99.40702667193554,36.99958817286079],[-99.396964901509975,36.999835751471316],[-99.39668121431545,36.999842719463253],[-99.392263031478038,36.999960901783112],[-99.390617576140428,36.999969992833634],[-99.390290303603734,37.000033629064042],[-99.387217576269691,37.000115447303727],[-99.386144848122584,37.000124537814976],[-99.385744847945034,37.000124538382607],[-99.380763028709183,37.000151810803388],[-99.379381210285601,37.000160902289096],[-99.377290300437465,37.000169992944812],[-99.376199391401741,37.000179083921601],[-99.375526663586612,37.000179084369059],[-99.363235751420859,37.000060903167366],[-99.36215393347166,37.00003363046951],[-99.361017568794239,36.999869994241664],[-99.357099385875941,36.999951812790805],[-99.346790293085505,36.999906358681059],[-99.340490291342505,36.999879086264336],[-99.338417563988912,36.999869995269314],[-99.333726653703451,36.999842722786397],[-99.327199378462595,36.999815450453276],[-99.322430166130232,36.999797771858496],[-99.319863013193128,36.999788178415507],[-99.310835738909958,36.999742724419889],[-99.30193573596766,36.999706361355514],[-99.293135734295305,36.999669997856707],[-99.288608460013975,36.999651816563592],[-99.284690277341525,36.999624544045119],[-99.277517548106289,36.999588180786198],[-99.27744482056741,36.999579089910974],[-99.267581182340919,36.999597271849282],[-99.266535727675134,36.999597272251251],[-99.265599363234486,36.999606363097001],[-99.252145368948987,36.999662787397838],[-99.250399359657195,36.999670000178654],[-99.248126632126343,36.999570000064693],[-99.237508447253518,36.999560910176484],[-99.2268902633908,36.999551820043244],[-99.224208444751881,36.999524547191115],[-99.222981170782944,36.99952454757743],[-99.221962989092106,36.999579092720481],[-99.219835716283299,36.999579093088556],[-99.215444805736226,36.999560911100815],[-99.208735712986723,36.999542729542746],[-99.205590257444328,36.999542730594321],[-99.19357207312062,36.999542731016469],[-99.181553887750184,36.999533640913029],[-99.171508431340854,36.99947909603064],[-99.162490247300653,36.999470005639978],[-99.155562972543535,36.99946091500351],[-99.139062968736837,36.999442734015361],[-99.129453875031928,36.999433643520078],[-99.125390237890116,36.999488189269321],[-99.12489023703391,36.999424552485905],[-99.119626599906226,36.999479099018401],[-99.111790233989566,36.999460916918842],[-99.108844779533726,36.999460916989904],[-99.105708414269216,36.999460917180656],[-99.091672046990425,36.999388191139658],[-99.075408406494532,36.999315464719729],[-99.072172042451484,36.999306374286405],[-99.054317492625998,36.999242739016516],[-99.050372036763832,36.999233647731536],[-99.049699309399017,36.999224557275973],[-99.047108400489279,36.999270011418865],[-99.044672035680534,36.999315466821358],[-99.038662052914773,36.999427638626635],[-99.035899306673272,36.999479103333179],[-99.029344758819022,36.99960637619067],[-99.022608393658302,36.999570013281257],[-99.017981119995667,36.999560922612559],[-99.013672027906907,36.999551831870804],[-99.002353843227141,36.999551832299105],[-99.001999297968027,36.999551832945627],[-99.001508388744682,36.999551832956996],[-99.000853842828604,36.99959728712976],[-99.00039020651171,36.999633650784368],[-98.99438111371235,36.999497287384585],[-98.99411747774208,36.999506377990926],[-98.977462927816646,36.999606378955789],[-98.959390196100145,36.999606379971802],[-98.958890196579176,36.999606380448341],[-98.945308374641627,36.999597290624351],[-98.94118110093082,36.999597290952366],[-98.93386291739445,36.999579108937795],[-98.923108368840772,36.999560928211132],[-98.922981096018631,36.999560927919987],[-98.916276990417941,36.999541346171121],[-98.916655096286021,36.999923312350916],[-98.917473641349957,37.000997355427849],[-98.9183237124535,37.001829523059754],[-98.919070988264224,37.002647456862405],[-98.920101649534317,37.003394891158301],[-98.920856757860633,37.003891163233021],[-98.921762541131244,37.004526656777067],[-98.923253130658864,37.005411392335013],[-98.923966856234088,37.0057546260973],[-98.925537640972294,37.006784723182619],[-98.926306735554377,37.007223691038924],[-98.926537084295603,37.007355396453129],[-98.927179242031031,37.007642309379349],[-98.92939346770784,37.009530683978355],[-98.929893595793217,37.00998844890789],[-98.929965459700611,37.010215517457389],[-98.931466922357814,37.012276293153825],[-98.931896024840228,37.012848492014022],[-98.932827347538222,37.015024660913838],[-98.933399773817655,37.015768608880691],[-98.933542676165985,37.016111148047536],[-98.934403283663329,37.018344827601439],[-98.9348323490306,37.018973948914983],[-98.935479827410006,37.021721727053141],[-98.935481022611953,37.022122410012656],[-98.935201279788473,37.024930708088547],[-98.935202290446796,37.025444090986277],[-98.935203368785224,37.025845880592485],[-98.934920955388918,37.027164196374258],[-98.93477881802562,37.027623021251756],[-98.934637049886916,37.027965784615461],[-98.933498825908543,37.029398618420458],[-98.933357003275475,37.029743610636167],[-98.933143445637356,37.030028933084388],[-98.931007364823074,37.03186435806068],[-98.930580078918283,37.032150422443529],[-98.928655252372877,37.032726139526424],[-98.928156139712698,37.032840912634995],[-98.927728420908522,37.032899271764009],[-98.92715820960278,37.033072715079001],[-98.923807892640056,37.034163930182096],[-98.923380104023366,37.034337241966206],[-98.918246065193131,37.035372135677683],[-98.917889509974998,37.03537180888371],[-98.913396046222019,37.035490308259753],[-98.913039393252333,37.035492220430129],[-98.909900877508093,37.035610291194388],[-98.909401883057811,37.035838823732554],[-98.908475065962833,37.036068736029257],[-98.907120027404105,37.036185061787776],[-98.906620768669512,37.036183676625804],[-98.903553881022191,37.036415929361581],[-98.903125915050765,37.036418400212391],[-98.900200960312915,37.03624870250416],[-98.899773094764271,37.036248929599459],[-98.898631440561545,37.036191495480985],[-98.895135923648979,37.035965055519178],[-98.894636609633551,37.03596695617491],[-98.88900062202417,37.035454547828699],[-98.887502661990197,37.035283895274894],[-98.880725008673906,37.034430026462339],[-98.880225646699941,37.034429660010986],[-98.879297906212898,37.034259813732142],[-98.874803014816493,37.033288709278089],[-98.873447216330575,37.03283099503119],[-98.869237971961368,37.032031477460229],[-98.868595766706179,37.031803421164931],[-98.868024929409387,37.031687506878427],[-98.866740664629717,37.031345214554342],[-98.863102045942966,37.03054644592634],[-98.862602570809315,37.030431044447852],[-98.861318363408287,37.03026056948223],[-98.85746574708449,37.029345047492917],[-98.856609795685429,37.029059490812905],[-98.852115538074528,37.028087540531125],[-98.85075963530366,37.027574898297139],[-98.845408938616075,37.02591530638621],[-98.843411534659992,37.025513654603067],[-98.838132501753762,37.023855413708638],[-98.837633228141797,37.02368299709557],[-98.837062486377988,37.023454222436712],[-98.832924409482104,37.021451962343242],[-98.832425108545863,37.021221490658476],[-98.827502155629688,37.018474065400007],[-98.826788619215549,37.018130266884178],[-98.823792844048555,37.016643399756703],[-98.823293417726731,37.016412872757805],[-98.822366009576882,37.016012659016269],[-98.817159101576777,37.013836195230887],[-98.816160474969564,37.013379582122894],[-98.810169216721462,37.010401899528901],[-98.809741357177998,37.010171881921913],[-98.808885404284368,37.009715225375004],[-98.806531898283055,37.008397167156815],[-98.806175158688148,37.008166610272582],[-98.805390597454377,37.007881248308848],[-98.801396938346329,37.006392470138941],[-98.800470026215379,37.006107044246477],[-98.796547948627136,37.004445680443638],[-98.795406972155476,37.003986591830532],[-98.789274944327943,37.00221095328623],[-98.788062680276042,37.002040300886108],[-98.787349811331339,37.001867027627441],[-98.780790144240711,37.001120923407719],[-98.779506853217811,37.001007626368633],[-98.773375000266086,37.000376281700731],[-98.77202037697559,37.000261188648601],[-98.77130757707873,37.00025969223249],[-98.766031499374421,37.000202091584285],[-98.764819439257749,37.000201949726609],[-98.758117301408873,37.000772655695634],[-98.757261539377282,37.001058946650978],[-98.751129575154565,37.001627388968053],[-98.749062063566527,37.002029389124516],[-98.746994101592563,37.002313045469656],[-98.742501756342449,37.003457574384939],[-98.741574787280271,37.003685106945987],[-98.737296062038197,37.004715210154735],[-98.736226311290238,37.005000614441983],[-98.735513166962704,37.005228796146717],[-98.7289523819734,37.007173017695308],[-98.727668423947776,37.007629491543007],[-98.724672542418119,37.009116754099843],[-98.723673668530452,37.0096325985782],[-98.722247247817833,37.010148007663709],[-98.717967951970294,37.011920719162063],[-98.717040627635654,37.012318808920803],[-98.711476440055918,37.014951643598451],[-98.710334470407034,37.015579961340762],[-98.708550929631983,37.016439158622788],[-98.704198855142124,37.018724116144689],[-98.703128287985422,37.019755905522835],[-98.702200000097434,37.020499882116972],[-98.697133690802772,37.023301686649781],[-98.695563532835493,37.024102344455486],[-98.694279859977684,37.024615348856358],[-98.69106891649426,37.02598824090586],[-98.689926264951296,37.026902027808134],[-98.688355865081064,37.028104396827089],[-98.683502411421472,37.030791486569399],[-98.68257495229426,37.031478355615874],[-98.681147063564282,37.032279010930445],[-98.676149900485086,37.035310519371755],[-98.675079553738584,37.035994886819452],[-98.668726467870314,37.039310508219778],[-98.668225776834149,37.039824906848388],[-98.666726985551279,37.040739655076287],[-98.661371577009177,37.043941324933321],[-98.660157862938931,37.044570700094738],[-98.654732390519513,37.04713970185437],[-98.653803725753917,37.047655623961376],[-98.65273281636378,37.048054100090496],[-98.64737960704943,37.049937076391053],[-98.645523760080593,37.050450906273646],[-98.638957290235851,37.051931486490957],[-98.6378861832479,37.052217146295199],[-98.635888593770275,37.052386842779249],[-98.628895434304042,37.052948775689366],[-98.627253991683773,37.053117267975068],[-98.622117330122862,37.053109426957008],[-98.620547750117439,37.053106657966886],[-98.61077487662098,37.052347283098882],[-98.609276979345466,37.052232323241526],[-98.607921513063687,37.051999315573667],[-98.600861968752923,37.050326818045306],[-98.600006680615209,37.050154362464816],[-98.594234286215396,37.047337797977491],[-98.592310106584506,37.04664698466037],[-98.590813590845244,37.04601506544153],[-98.586965359511183,37.044232675700989],[-98.586537797471394,37.044000772345534],[-98.585682382578057,37.04377023117226],[-98.580194631869688,37.04187203802028],[-98.579338882199821,37.041697239766393],[-98.577272044882847,37.041063953404922],[-98.570713002073688,37.039677007291509],[-98.570356059247104,37.039675662977395],[-98.569928685292865,37.039560881355278],[-98.565080818664327,37.038464208654595],[-98.564866490793918,37.038463195032733],[-98.560375161443602,37.037709171261071],[-98.559947289239318,37.037708195160377],[-98.559305261010223,37.037649267098878],[-98.55887687153637,37.037591373025165],[-98.553599538268813,37.037294580335669],[-98.553242428558008,37.037408122310524],[-98.551133214585889,37.037523024151014],[-98.548529244389442,37.037663891027989],[-98.550325200553928,37.035053640239482],[-98.55254785223535,37.030991336633612],[-98.556702565000066,37.024757675443844],[-98.559138687262035,37.020868142914793],[-98.561360308704792,37.017092471378199],[-98.561932587134649,37.016405165039167],[-98.56322236572062,37.014347770055515],[-98.563650709432935,37.014005000063712],[-98.565154982931659,37.011772291435165],[-98.566141061511246,37.009049470996949],[-98.566232698347989,37.008796420801794],[-98.566522394545544,37.007137454145209],[-98.566242850697535,37.005017382002151],[-98.566243873256639,37.004731668300302],[-98.565320837195031,37.003352905724682],[-98.565178799530784,37.003124906254612],[-98.562259000350593,37.001743889907949],[-98.559835691352461,37.001624529721866],[-98.559122549643163,37.001509082442205],[-98.553277029475325,37.001268996968527],[-98.552421478710514,37.001265894198134],[-98.547788592805176,37.000855944630388],[-98.545935014920417,37.000851513093167],[-98.527541608401108,37.000352930664128],[-98.516061470686722,37.000782402790207],[-98.514563853368557,37.000781240459396],[-98.505296457289958,37.000528597241129],[-98.49709593971572,37.000909365862078],[-98.48746555820864,37.002201811303571],[-98.486111409542815,37.002198464305287],[-98.478552880691126,37.002350489392015],[-98.477341273666653,37.002345223589472],[-98.476556397239406,37.002458398490631],[-98.470778659756149,37.003014232468239],[-98.469138261861062,37.003238624244702],[-98.467710714624161,37.003465332837649],[-98.463571383653061,37.004541963782337],[-98.461786435768119,37.005051532675239],[-98.457143818422722,37.006928302760208],[-98.45528595953806,37.007897941221408],[-98.450923052110568,37.011091217115897],[-98.449870907930332,37.01212586103469],[-98.447914147270566,37.014289245969088],[-98.44769865844664,37.014747795251218],[-98.444683020717122,37.019434573144366],[-98.44095551377049,37.023775186939787],[-98.438586259666309,37.0273204775891],[-98.435709896494231,37.032579988951412],[-98.433189532337551,37.0378412219194],[-98.431845914978879,37.040048850424277],[-98.429446164037699,37.043957195790703],[-98.424345011845105,37.049169593933378],[-98.417390976714401,37.055156487956239],[-98.413124833546533,37.057974689302995],[-98.410292571874947,37.06034343409182],[-98.407459773507654,37.062766810237044],[-98.404558489241253,37.065019606733813],[-98.401868422706187,37.067390911939391],[-98.397268560708554,37.07236774982087],[-98.395143786769808,37.075032306655679],[-98.393228462434507,37.077869000204053],[-98.390191938594526,37.08309691984681],[-98.387724828476124,37.088389379303116],[-98.385700263555208,37.093003509535606],[-98.384240713257199,37.097908827887927],[-98.383337655017414,37.103452631681954],[-98.383124037206414,37.106826890064369],[-98.383035189721568,37.111006592191991],[-98.382908754853077,37.116962455918795],[-98.383123440240652,37.120343860327992],[-98.383950799410869,37.125110314267317],[-98.385402492409867,37.130742644234516],[-98.387292815844503,37.135922205118362],[-98.388851042028406,37.139896386397417],[-98.389707277722877,37.143344339620441],[-98.390618721846081,37.147536587158015],[-98.391227585766927,37.152528219299434],[-98.391282723777351,37.156709512259745],[-98.39116258574883,37.162378333970182],[-98.391045546362719,37.167933304763025],[-98.390796853877134,37.17296861180472],[-98.390550713232088,37.177835349175581],[-98.390457597926783,37.181904564366398],[-98.391102213647798,37.18613998230105],[-98.392031925266565,37.190318422937516],[-98.393032873614317,37.19432583337408],[-98.393034435389978,37.198616329654513],[-98.392464404508701,37.203309771681134],[-98.391322662916423,37.207889529686689],[-98.390108762881539,37.212124764348303],[-98.389180825796686,37.215845509371185],[-98.387752898671621,37.219851709355261],[-98.385824084099028,37.223857729681669],[-98.383180196002911,37.22826495365436],[-98.380607864298725,37.232498863062268],[-98.377892495182408,37.236791306661047],[-98.375248258466598,37.240624796082706],[-98.372602970883236,37.244288631259835],[-98.370172891589604,37.247549809619755],[-98.367526937359472,37.250811815819837],[-98.364738430934153,37.254245039526822],[-98.362164402244304,37.257449716321347],[-98.359518271838098,37.260653483716894],[-98.356944058042842,37.263741994885315],[-98.354154754669509,37.266832392638229],[-98.351221850326723,37.269692275312963],[-98.348432238975477,37.272268138867148],[-98.345427906065837,37.274613734370604],[-98.342494474988584,37.276899879662622],[-98.339060713848866,37.279301603119009],[-98.333684590868316,37.284379554657008],[-98.329732488297253,37.287400192234323],[-98.324328390801568,37.29022316568755],[-98.320093589502918,37.293475404081832],[-98.316160440001298,37.298631991215132],[-98.313797832804667,37.301377345715295],[-98.310145029740028,37.306067536166864],[-98.307351200843129,37.310416562102361],[-98.304843301286851,37.314764535189006],[-98.301619012598763,37.31968281280853],[-98.298822741093488,37.32477476677348],[-98.297531504917472,37.328379803891792],[-98.29631137541341,37.331754734395254],[-98.294518073127634,37.335816647445483],[-98.293225797060458,37.339707270846006],[-98.293077806945391,37.344515750054619],[-98.293574962604765,37.347776703186028],[-98.294716128555436,37.352299706024752],[-98.297002553787181,37.356824435826795],[-98.300578392562855,37.360719943810189],[-98.304799580444879,37.364214800098964],[-98.309665926385065,37.367537683576678],[-98.312743119747353,37.369487486941097],[-98.31617936568135,37.371262996841061],[-98.320188321835602,37.372925927851988],[-98.330212735772193,37.374477852947422],[-98.335081235831055,37.37573995963362],[-98.339305910523521,37.376716379230857],[-98.343817502909573,37.377690467676906],[-98.349260175592605,37.378325013389471],[-98.35455928486796,37.379013432678924],[-98.360789871995834,37.379588659836593],[-98.367235410199001,37.379704145198765],[-98.372857967386352,37.379229504302039],[-98.381293283377332,37.377406249682593],[-98.39066036463953,37.375962392933609],[-98.400954228866013,37.375640923685722],[-98.418746018405074,37.373490125498684],[-98.432775529557489,37.373931682410159],[-98.449385963559166,37.373263424202925],[-98.465996098619627,37.372592893323954],[-98.473936999323257,37.374122886069038],[-98.47814419174577,37.374512411643536],[-98.485152783792842,37.375663461932071],[-98.498707818161591,37.377216252877979],[-98.515989215151478,37.381394009618916],[-98.520659603748086,37.382532390669247],[-98.525323819629847,37.384792059066164],[-98.53162092132024,37.389375311398531],[-98.534558486745269,37.393723802432476],[-98.538719553008491,37.394175802275385],[-98.541733692570247,37.396518475413345],[-98.545177237985527,37.398975951164935],[-98.548765951131543,37.401662369167866],[-98.552067082776489,37.404292228867668],[-98.555441639559774,37.407092310850558],[-98.559174782173713,37.410177080074192],[-98.562406477127453,37.41332140236733],[-98.565638555861881,37.416463446133342],[-98.56829718712217,37.419266033155282],[-98.571170805662135,37.422066263197564],[-98.575481763187852,37.426295420217926],[-98.577853630907427,37.428809279192777],[-98.582239030926985,37.433783147863842],[-98.586696787782159,37.438641508796884],[-98.590219313316965,37.442414963364975],[-98.592738539915899,37.445958672456868],[-98.593966055650114,37.448932954609333],[-98.595271085238309,37.453796902841681],[-98.596790832816993,37.458716495046268],[-98.597881965557946,37.463865040598165],[-98.598899648198227,37.468614559938842],[-98.600708855316469,37.474104795020615],[-98.602661444534149,37.479366513977119],[-98.606119200632946,37.484399564746873],[-98.610723596961989,37.488855570539378],[-98.613599505972118,37.49119725977387],[-98.61633267580784,37.493423664181655],[-98.621508072704998,37.496906260931318],[-98.626249099259624,37.498843681646228],[-98.631133439603957,37.500723132927966],[-98.63601744609258,37.502545483803829],[-98.640757356208709,37.503853043602845],[-98.645995270147381,37.504358461149486],[-98.651233358318763,37.504576879385318],[-98.656615095610093,37.50490797671138],[-98.662498582455996,37.505295934801275],[-98.668312907921333,37.506027649604512],[-98.678438911381321,37.508693933072067],[-98.684259510143363,37.511028249304339],[-98.689721551685125,37.51330549543755],[-98.695041494702949,37.515809945010602],[-98.699642415196166,37.517802355621953],[-98.703955774953855,37.5196224045227],[-98.709454785386271,37.522139008446928],[-98.714452256478424,37.524231351119454],[-98.721210069290251,37.527019485901967],[-98.727323530223074,37.529864100594622],[-98.732717757439573,37.532425551151512],[-98.739744523709419,37.534371977913054],[-98.747493370497608,37.534683707611869],[-98.752879358375395,37.534625538211145],[-98.759488188412419,37.534407703659021],[-98.766961295967917,37.534025932354588],[-98.774436538266656,37.533530938442368],[-98.782546084434543,37.533728435576656],[-98.789574554680655,37.534201261189899],[-98.793513631839204,37.534811633645376],[-98.79973578204266,37.536363576177088],[-98.805523504361844,37.538140609398475],[-98.812464550487221,37.539640744384073],[-98.819355658345131,37.539766903003169],[-98.824095704131693,37.53969934786317],[-98.828547642817739,37.53968628983192],[-98.833213905346085,37.539730578924711],[-98.837519840165328,37.539887975392638],[-98.844264751786582,37.540181268073702],[-98.849001147302545,37.540342715634758],[-98.85560450701594,37.540519294709426],[-98.86084168994384,37.540799094141867],[-98.868162135552211,37.541041819754383],[-98.875478251264553,37.541567640802626],[-98.884865633551158,37.542857430054262],[-98.8898837869625,37.543421260206557],[-98.896044964931704,37.544392874016623],[-98.900768600461703,37.545467658529404],[-98.905557415677819,37.546999340187796],[-98.911845400303648,37.549176780988198],[-98.917061816151531,37.550999076298226],[-98.92420706844517,37.553525819858081],[-98.931065716491389,37.556051246137791],[-98.935787587874159,37.557351255893551],[-98.941015341286416,37.558429073318322],[-98.946672720904957,37.55962460900961],[-98.952549424049423,37.56053445797729],[-98.959072322508362,37.561449503674709],[-98.966455197508168,37.562545235481103],[-98.973556443764991,37.563236748252201],[-98.977573401700568,37.563613911641745],[-98.981663951782721,37.563877548142024],[-98.98998831335922,37.564406431988765],[-98.997958674444163,37.564589751290569],[-99.00549803240358,37.564765319531979],[-99.011596592996284,37.565274056484824],[-99.016546022757211,37.565773040828738],[-99.021489970107936,37.56667145909239],[-99.026864200247758,37.567689552569377],[-99.030881398559416,37.568122990866442],[-99.038057486427718,37.568639280818054],[-99.045240014098482,37.568639413669658],[-99.04965602941698,37.569989605122409],[-99.055682521974205,37.57101909650153],[-99.065124362558578,37.569983740775243],[-99.06985669514323,37.567775375867527],[-99.073670244140743,37.565037612747254],[-99.077720415279984,37.561499182632758],[-99.084141453859615,37.559149306382373],[-99.08776628904549,37.556313194875955],[-99.090879339060109,37.554217582581536],[-99.094489613633726,37.552585756670517],[-99.098673928586663,37.550954827475849],[-99.10294837284242,37.551884869302725],[-99.107837978618832,37.550899631498922],[-99.113038450585307,37.546861848355007],[-99.119215089362243,37.544463839747692],[-99.125101315260764,37.54045590475576],[-99.132964186267458,37.541416493791566],[-99.136900729017427,37.542196688568801],[-99.141127815219662,37.54387207579132],[-99.145145936552183,37.543622063309222],[-99.150219136399897,37.545833260797878],[-99.154501294684266,37.548210978619359],[-99.158421804173827,37.550815535979858],[-99.162480329063385,37.553994492067368],[-99.166892848783945,37.557631718113463],[-99.171153617635952,37.562071785516487],[-99.174541540126157,37.56758131071809],[-99.178192010837662,37.568763818066223],[-99.179475575414301,37.572120719363014],[-99.184561359628134,37.574944039319703],[-99.190835053282711,37.574980568075119],[-99.195541971101079,37.576868103826371],[-99.199880796118578,37.575894752517684],[-99.202651098674821,37.578890927029448]]]},"properties":{"FID":1,"US_L3CODE":"26","US_L3NAME":"Southwestern Tablelands","NA_L3CODE":"9.4.3","NA_L3NAME":"Southwestern Tablelands","NA_L2CODE":"9.4","NA_L2NAME":"SOUTH CENTRAL SEMI-ARID PRAIRIES","NA_L1CODE":"9","NA_L1NAME":"GREAT PLAINS","STATE_NAME":"Kansas","EPA_REGION":6,"L3_KEY":"26  Southwestern Tablelands","L2_KEY":"9.4  SOUTH CENTRAL SEMI-ARID PRAIRIES","L1_KEY":"9  GREAT PLAINS"}},{"type":"Feature","id":2,"geometry":{"type":"Polygon","coordinates":[[[-100.65698182650405,40.002052205428477],[-100.66043637231134,40.00196129577877],[-100.66461819201544,40.001979477286689],[-100.67530910388379,40.002043112788563],[-100.67932728718739,40.002061293995254],[-100.68337274228594,40.002097658199951],[-100.6996636554691,40.002106747587767],[-100.71016365820444,40.002088565353581],[-100.72108184281946,40.002088563953244],[-100.72557275272251,40.002061291550227],[-100.7302000260793,40.002070381670215],[-100.73375457349125,40.002088563353205],[-100.73884548290916,40.002106744863568],[-100.74116366598801,40.002079471943638],[-100.75091821355386,40.002124925747005],[-100.75139094134359,40.002115835403501],[-100.75277275941275,40.002097653570509],[-100.7588363975393,40.002306743788644],[-100.76121821642857,40.002306743905365],[-100.76940912692338,40.002097651918945],[-100.77570912888631,40.00216128773237],[-100.78160913038899,40.002188560194831],[-100.78914549606908,40.00219765042155],[-100.7951818607585,40.002106741534156],[-100.80560004484327,40.002188558456169],[-100.81380004774806,40.002234013018423],[-100.82963641433058,40.002215830339978],[-100.83443641571294,40.002179465866824],[-100.84417278182354,40.002197647236535],[-100.84948187376538,40.00218855587142],[-100.85046369288594,40.002188555994223],[-100.85936369472338,40.002152191831641],[-100.87006369730759,40.002170373049594],[-100.87105460672224,40.002161282130203],[-100.87558188135721,40.002161281845133],[-100.87800915405025,40.002161281591881],[-100.88286370069569,40.002161280880053],[-100.88590915557342,40.002161280713061],[-100.89426370392786,40.002170370827997],[-100.90551825235367,40.002179460956668],[-100.91726370875796,40.002188551287638],[-100.92729098430667,40.002170368921952],[-100.93777280586298,40.002197641105816],[-100.94724553437284,40.002224913219258],[-100.95048189955422,40.002215821584628],[-100.95416371877978,40.002243093963799],[-100.95827280988233,40.002252184869775],[-100.96226372053592,40.002252184493429],[-100.96468190329131,40.00225218499056],[-100.96607281287896,40.002252184754674],[-100.980700088444,40.002288547517381],[-100.98120917924246,40.002270365180614],[-100.98485463526508,40.002288546636535],[-100.99413645538212,40.002288546200482],[-100.99449100100998,40.002288546557303],[-101.00008191168048,40.002297637055442],[-101.00042736611304,40.002306727352646],[-101.00074554826449,40.002315818330786],[-101.0038273674259,40.002315818596543],[-101.01877282555181,40.002324908088831],[-101.02783646406513,40.002279453302926],[-101.03821828472215,40.002279452248622],[-101.04862737829058,40.002288542556911],[-101.06040010828917,40.00238854181481],[-101.06981829237758,40.002370359473268],[-101.07210011163244,40.00235217758658],[-101.07920011249342,40.002397631185161],[-101.08385465983004,40.002424904048581],[-101.09284557072286,40.002443085007997],[-101.09800920883906,40.002433994095604],[-101.11218193948082,40.00243399308296],[-101.11634557721678,40.002443084082749],[-101.12435466938093,40.002452173899655],[-101.12544557950586,40.002470355604693],[-101.13059103427834,40.00246126421316],[-101.13106376167636,40.002470355347143],[-101.13583649102463,40.00246126416512],[-101.14415467409631,40.002552172781165],[-101.15644558617991,40.002552172184686],[-101.16873649819435,40.00255217145768],[-101.1767001373495,40.002479443597018],[-101.17817286448452,40.002470352004821],[-101.17889104619732,40.002461261420294],[-101.18690014010839,40.002488533745421],[-101.18955468514946,40.002488533343687],[-101.19241832220845,40.002506715138921],[-101.1948092329005,40.002524896538574],[-101.20594559859735,40.002524896240224],[-101.2081819634342,40.002524895527813],[-101.2102728731264,40.002515804925061],[-101.21400014678821,40.002524895135501],[-101.21509105582987,40.002524895070643],[-101.2169637832699,40.00253398581399],[-101.22194560292368,40.002552167830792],[-101.22466378534217,40.002552167425016],[-101.23001833180361,40.002570348451222],[-101.23220015024194,40.002543076091342],[-101.24003644844927,40.002561977344342],[-101.23763150435636,40.001749481177448],[-101.23288353511043,39.996445541668699],[-101.22882522868623,39.993439028277422],[-101.22565646593948,39.990725002841373],[-101.22196939213353,39.987831369345216],[-101.21843036516464,39.985057725972915],[-101.21474711055806,39.981939125582031],[-101.21136042763217,39.97887747791313],[-101.20738083278871,39.975696160019311],[-101.20428722606604,39.973093657569613],[-101.20045602576948,39.969971927942339],[-101.19559132979352,39.96621354374836],[-101.19146647401661,39.962859033693732],[-101.18697173370377,39.959331981082983],[-101.18432332355357,39.956962091468156],[-101.17917299824417,39.952397116411547],[-101.17527802414767,39.94864164164813],[-101.1718257232358,39.945238774599417],[-101.16903780661444,39.942236409376513],[-101.16676972356029,39.939296405639965],[-101.1647288263222,39.936132509543903],[-101.16269229749327,39.9326209535609],[-101.16118441866924,39.928545804297443],[-101.16057532189973,39.924015860359027],[-101.16049902945517,39.918571369399501],[-101.16175109094068,39.913944838506062],[-101.16411694627895,39.909441180819108],[-101.16586863519122,39.906363771961338],[-101.16761805677119,39.903457352337206],[-101.17117017410382,39.899133791547165],[-101.17485974962182,39.895668014514271],[-101.17771654201167,39.893285579645003],[-101.18057613830334,39.890673922555195],[-101.18418047743418,39.88795212766891],[-101.18815597166673,39.885296418564408],[-101.19212702878441,39.882920068039567],[-101.19556990530333,39.881116288455303],[-101.20185660758223,39.877843758197635],[-101.20851572016011,39.874460504815723],[-101.21218146491157,39.872655899771949],[-101.21890791607804,39.869729556478163],[-101.22585547532564,39.866916531438513],[-101.22959135289533,39.865345331809046],[-101.23653517283066,39.862760862493559],[-101.2421332925958,39.860800972197396],[-101.24944172286844,39.858736790283622],[-101.25369288023325,39.857450525931561],[-101.25816832827418,39.856048554072238],[-101.26264336422486,39.854709013637375],[-101.26719239997321,39.853368433376907],[-101.27159230263972,39.852024978602891],[-101.27576650582218,39.850912120762708],[-101.27964478558039,39.849736707192783],[-101.28717705115825,39.84732678869748],[-101.29396746380677,39.84479689108359],[-101.30039229661141,39.841750220714324],[-101.30637579269779,39.838185573136606],[-101.31221441269625,39.834271480801043],[-101.31641457152928,39.830692456093011],[-101.31973011454983,39.826478221752971],[-101.32342575766283,39.821408658690615],[-101.32674835655568,39.81644978187127],[-101.33007101168918,39.811432729926516],[-101.3333208561629,39.806241009182152],[-101.33543472932908,39.803108673922623],[-101.33853341980365,39.798091957241674],[-101.3396818033946,39.794892287345817],[-101.34098193975143,39.791348720550275],[-101.34272972094361,39.787637449566859],[-101.34424816953278,39.784499060410312],[-101.34600707403706,39.779702394209274],[-101.34769176579091,39.774902152678749],[-101.34981879157853,39.770336625276862],[-101.35178962619221,39.766454818318408],[-101.35391321248382,39.762172041405378],[-101.35611386642462,39.757605503905573],[-101.35802165908862,39.752639165096099],[-101.35985840747487,39.747321648014164],[-101.36161785658237,39.742295681323064],[-101.36301255274091,39.736695377791143],[-101.36396030683665,39.73120248558206],[-101.36468381091905,39.725881200186656],[-101.36511361456179,39.720274179275144],[-101.36514909006475,39.716895139660181],[-101.36518259310843,39.713687138658656],[-101.36536465275343,39.710480597331021],[-101.36505126851658,39.705040646559318],[-101.36467090095793,39.698908646898005],[-101.36413522796821,39.693469299942272],[-101.3632343383791,39.687505989343499],[-101.36210832514978,39.6818305246574],[-101.36125749556784,39.6781588006045],[-101.35989497461837,39.673857670132108],[-101.35919728615801,39.669786144130519],[-101.35739070963436,39.665480541645913],[-101.35468731614175,39.661854622457234],[-101.35235594142738,39.658114414917357],[-101.34965953598319,39.653916089587462],[-101.3462936976818,39.650002199699244],[-101.34292328810155,39.646543127881372],[-101.3392731682524,39.641594365547128],[-101.33745285631947,39.638717003378105],[-101.33526319469016,39.635724674667408],[-101.33247527365194,39.633303023360753],[-101.32953962572944,39.630821679203677],[-101.325491261232,39.62856085550753],[-101.3210669062975,39.626810811429884],[-101.31700861827021,39.625405938544766],[-101.30963299707487,39.622724077700788],[-101.30491031196618,39.621258766700237],[-101.30018324406858,39.620136451421644],[-101.29604356569237,39.619475073643947],[-101.29182496499726,39.619215737485767],[-101.28767435565879,39.619532042537259],[-101.28263005397359,39.620239055797725],[-101.27773375039321,39.620948522128216],[-101.27379646246294,39.62194914762415],[-101.26710545867522,39.624075569319253],[-101.26301740474304,39.625307879246861],[-101.25841061473039,39.626532806152497],[-101.25402421595233,39.627875637509973],[-101.25015449936879,39.629332929826191],[-101.24658056219776,39.630852549166484],[-101.24285253241078,39.632829825385016],[-101.23897484407765,39.634918293461936],[-101.23524647722159,39.636896468771688],[-101.23159118821459,39.638926222501738],[-101.22808116082382,39.641191075394715],[-101.22486298266105,39.643803369439894],[-101.22171828214363,39.646412507633286],[-101.21841931066919,39.649475979882148],[-101.21534893358213,39.652030448685089],[-101.21205401184706,39.654755066844373],[-101.20861279524924,39.657302465308959],[-101.20517599964516,39.659512203361743],[-101.20159259916018,39.661544719550726],[-101.19450853115293,39.664922294460013],[-101.18765140419107,39.667902398933293],[-101.18138271749061,39.671173904560263],[-101.17518378006555,39.674731507824092],[-101.16868704785799,39.678344674818135],[-101.16473011462283,39.680431728206109],[-101.16047467323359,39.682687325211674],[-101.15644456920184,39.684658689381187],[-101.15286281456171,39.68640478439773],[-101.14585097155108,39.689553046618968],[-101.14205121377641,39.690893342327286],[-101.1378062579749,39.69229198267724],[-101.1331916795741,39.69357047493353],[-101.12895129661615,39.694562004868168],[-101.12151781984767,39.695933196576803],[-101.11446351133277,39.696673998728663],[-101.10971383986433,39.696976299793022],[-101.10504295508704,39.696935614651743],[-101.09703832151419,39.696693170232514],[-101.08978356674544,39.695882421542763],[-101.0818727535174,39.694325990762458],[-101.07706713209872,39.693362561489757],[-101.07256288610687,39.692123116848549],[-101.06850299757599,39.690880064169711],[-101.06193789169096,39.688645716672745],[-101.05537376272078,39.686351793978858],[-101.05014691978816,39.683899715757555],[-101.04640014147203,39.681632414495319],[-101.04287295648633,39.679595197066497],[-101.0402556995585,39.676190867852021],[-101.0390526286875,39.672454770065187],[-101.03868019607066,39.667699997821337],[-101.03867359219852,39.663290185512622],[-101.03874936860807,39.658306259545157],[-101.0388969698644,39.653497079159322],[-101.03927434332739,39.648174838956798],[-101.03932443263039,39.644913299982768],[-101.03944695480126,39.641703634097915],[-101.04020723889383,39.635581852365874],[-101.04086508089321,39.63129499396311],[-101.0419667136255,39.627068454848342],[-101.04344011324827,39.622726370552641],[-101.04521215572436,39.618218078816859],[-101.04698492195166,39.613654984581117],[-101.04831042235418,39.609257390475335],[-101.04926118747171,39.605140740418854],[-101.0497641973482,39.601248826714986],[-101.05011749552301,39.597472452859797],[-101.05039117865789,39.594098054667242],[-101.05073452079843,39.590952068149001],[-101.05100576258225,39.587690579374716],[-101.05106198992213,39.583968659461185],[-101.05112196286912,39.580016474526808],[-101.05081156719304,39.576062493631134],[-101.05005713818214,39.572103019493589],[-101.04930652210069,39.567913320454714],[-101.04832741613937,39.564123746234323],[-101.04741446234114,39.560910150118595],[-101.04565302873607,39.555048885469994],[-101.04360696671179,39.548503217557588],[-101.04196741450373,39.54441975877166],[-101.04003460923583,39.540164932628556],[-101.0378052807323,39.535964489839955],[-101.03556706322102,39.532391028238024],[-101.03331975790468,39.529389787531649],[-101.03121906417221,39.52650771929563],[-101.02700950732776,39.521314584581198],[-101.02234223817477,39.517031116847889],[-101.01736906841766,39.513432204846744],[-101.01200991661229,39.510916442044014],[-101.00613546633716,39.508283695140307],[-100.99952325508021,39.505528349390914],[-100.99238986913006,39.503051522841957],[-100.98598361320326,39.501386343087468],[-100.97875399714023,39.500338969423368],[-100.9709954972745,39.499974541466145],[-100.96307468801058,39.500527544554835],[-100.95877732220099,39.501055690026703],[-100.95477056740884,39.501874846308823],[-100.94785977832807,39.503923643373419],[-100.94049411048574,39.506596547182923],[-100.9361767846309,39.508272903290646],[-100.93163471366391,39.510114297479006],[-100.92716529487825,39.512017463289219],[-100.92306686582472,39.513805304193411],[-100.91911676324987,39.515600570988838],[-100.91509022361555,39.517505941364433],[-100.91098959476909,39.519410731864525],[-100.90688772605446,39.521370147477697],[-100.90271155131326,39.523331232196298],[-100.89860334532544,39.525636878318586],[-100.89449881263376,39.527713226508403],[-100.89024310863437,39.529958463505992],[-100.88643883201161,39.531750288234427],[-100.88278255168092,39.533544006092058],[-100.87882799416187,39.535449792754093],[-100.87457534910692,39.537465358605168],[-100.8701698960059,39.539707896306574],[-100.86583810397754,39.542011064249792],[-100.86128460466946,39.544251174248238],[-100.85740155101996,39.546214895968106],[-100.85389051072542,39.548063507713188],[-100.85008029543086,39.550083339579153],[-100.84589682284904,39.552271667141476],[-100.84208585379146,39.554292396931224],[-100.83827585807778,39.556253763910561],[-100.83468478076615,39.55839196175846],[-100.83116195059959,39.560816660648591],[-100.82794003023484,39.562958230253379],[-100.82501404405325,39.565098359368314],[-100.82178846831454,39.567410768063922],[-100.81841181948758,39.56989646127203],[-100.81473383631612,39.572661725911011],[-100.81060773326476,39.5755904014555],[-100.80610178122943,39.57903501930722],[-100.80145105571799,39.582305190818609],[-100.79710606226519,39.585003951285202],[-100.79223182669814,39.588268945063227],[-100.7886301519724,39.590805962251309],[-100.78472412324771,39.593740932036411],[-100.77909084698715,39.597913393496285],[-100.77451668859511,39.600898141123167],[-100.76859936809224,39.60437955225084],[-100.76261169379002,39.607633281574891],[-100.75655872011366,39.610423455438863],[-100.75125982265298,39.612481081389809],[-100.74640757220084,39.614428835285558],[-100.7417069531177,39.616147234103764],[-100.73707951111764,39.617924128433842],[-100.73178512654188,39.61969705096881],[-100.7273898756426,39.62096108612765],[-100.72306915859208,39.62216966281413],[-100.7162938418623,39.623864906465123],[-100.70937944370107,39.625097051859072],[-100.70166236922798,39.625687780520956],[-100.69647763891604,39.625624549668906],[-100.69092486519747,39.625444249437393],[-100.68552638339318,39.624977617146151],[-100.68012370623308,39.624677306567428],[-100.67576544359612,39.624050708715373],[-100.67141450891762,39.623081933144917],[-100.66721404421847,39.62199799037797],[-100.66338983279567,39.620634071640836],[-100.65912172367329,39.619261993590484],[-100.65515086672065,39.617837386947038],[-100.65133046062917,39.61629653416523],[-100.64751090336242,39.614761107897671],[-100.64135724794018,39.611473984182055],[-100.63550317215613,39.60807835582829],[-100.63126503537303,39.605331741428941],[-100.62602481534923,39.600967039192078],[-100.62275154284978,39.598175549724424],[-100.62014203778412,39.595503562150974],[-100.61668484369824,39.590934149089748],[-100.61519254588346,39.587990760713382],[-100.6133459011108,39.58430439631033],[-100.61137524282437,39.57952033175026],[-100.60949362335907,39.574055144108002],[-100.60798327370122,39.568534894588431],[-100.6069051492795,39.563593971412757],[-100.60604133092502,39.559002507523779],[-100.60568512690401,39.554930612188741],[-100.60577385615333,39.550806587646314],[-100.60557896487798,39.546106714995524],[-100.60381346927153,39.542188395313097],[-100.60197627679413,39.538155442007948],[-100.5994169201863,39.533307054611583],[-100.59641821654152,39.528284940837999],[-100.59268876956838,39.522848567709175],[-100.58895887539899,39.517471301336087],[-100.58448497393992,39.512315562013661],[-100.58180390815804,39.509757294379945],[-100.57897796000884,39.507088156632477],[-100.57644392895767,39.504590286067057],[-100.57173112834587,39.500284914398705],[-100.56677270510538,39.497067124302497],[-100.56031747337819,39.494689973150088],[-100.55627312679401,39.493662828432356],[-100.55222858897696,39.492631124481257],[-100.54501591950516,39.491100472281161],[-100.53662558350547,39.489324094999311],[-100.53206034645365,39.488461413834472],[-100.52749265860936,39.4877103469167],[-100.5221831874358,39.487064124743902],[-100.51679723293806,39.486531009821185],[-100.51118872675811,39.486053720740841],[-100.50550710678354,39.485515169985611],[-100.50056236788856,39.485101666919654],[-100.49487716508803,39.484732516630338],[-100.48889874419838,39.484250792181747],[-100.48321888077267,39.483652007856818],[-100.47776086788566,39.483059502490462],[-100.47259910793166,39.48247178681698],[-100.46831850515575,39.482124816774586],[-100.46079649037466,39.481269354774454],[-100.45290503736004,39.480413197215064],[-100.4452397759684,39.47938212673855],[-100.44052437789324,39.478684543888548],[-100.43647686063953,39.477882644267218],[-100.4325005835163,39.477193126220179],[-100.4283903510392,39.475927602499546],[-100.42398904841407,39.474491346885841],[-100.419597564881,39.472648147799667],[-100.41419773101194,39.469703783480874],[-100.40757299465116,39.465482639360332],[-100.40364398768179,39.462903514956878],[-100.40001220315762,39.460271377566393],[-100.39711661115099,39.457765066770818],[-100.39345950185104,39.453181860320619],[-100.39033537479368,39.447980211746795],[-100.38802274148352,39.442844895244527],[-100.38689527883882,39.437614296904947],[-100.38659789173214,39.431711389513616],[-100.38705731524057,39.428047382210089],[-100.38781409515967,39.424334977369988],[-100.38893687579304,39.420744782551651],[-100.39095588030867,39.416764632180787],[-100.39288919841887,39.413241909086061],[-100.39541207942221,39.40978322780667],[-100.39785332420041,39.406613204299518],[-100.40050901529672,39.403729235105828],[-100.40435449814521,39.40052069508824],[-100.40833872911659,39.397656605872271],[-100.41238962876267,39.395084800891325],[-100.41643334927238,39.392796736588267],[-100.4200235202167,39.390900882375497],[-100.42390825038375,39.389064808063623],[-100.42756125862476,39.387632120071572],[-100.43612306828464,39.38472059405575],[-100.44095504873533,39.383358313976274],[-100.4462297917491,39.382004631972045],[-100.45283159805639,39.380723918060902],[-100.45749679011998,39.38016083011707],[-100.46468198097871,39.379174605792215],[-100.46913850450801,39.378036815366258],[-100.47449288375083,39.376396524482438],[-100.47999314577474,39.374813319471059],[-100.4858572838948,39.373463505094151],[-100.49164436549835,39.372227865999605],[-100.4978816867873,39.37065636026805],[-100.50293451199796,39.369234502198729],[-100.50821356889942,39.36759435423938],[-100.5121535027037,39.366385432499989],[-100.51691317353756,39.364849658424632],[-100.52145458949211,39.363137377371572],[-100.52643890308589,39.361432296726363],[-100.53239298443052,39.35927745497758],[-100.53834371754336,39.357238605269124],[-100.54318334570833,39.355359426409173],[-100.54832048357173,39.353367580865083],[-100.5536810938894,39.351263503803736],[-100.55948775919229,39.348992112792132],[-100.56403268873348,39.347052548599621],[-100.56813976116023,39.344870882475036],[-100.57233153622886,39.342179012310183],[-100.5763789751073,39.33931251452568],[-100.58036032916991,39.336101030828765],[-100.58337109492626,39.333388538818305],[-100.5860935953781,39.330332589319603],[-100.5888239342657,39.326930114213461],[-100.59231131472886,39.322625340915856],[-100.59550180941552,39.318369375979472],[-100.59786970042241,39.314619370296825],[-100.60034830095489,39.309152276607975],[-100.60273075976049,39.304718250372694],[-100.60496657244215,39.30022258800296],[-100.60648069145483,39.294970812927687],[-100.60634828547254,39.29084632308102],[-100.6060822890849,39.286083600373715],[-100.6053065629461,39.281034889425065],[-100.60430125584963,39.276381039517538],[-100.60253670935006,39.272746838943043],[-100.60098447262916,39.269520161028673],[-100.59877122633507,39.26622632539592],[-100.59665628816157,39.261785400017416],[-100.59446505523864,39.257458934086685],[-100.59168511446323,39.253122890027399],[-100.58830705361474,39.249181806703412],[-100.58397488825962,39.245113888634222],[-100.57883490689717,39.240921479146792],[-100.57369346471543,39.236841724216411],[-100.56846800257533,39.233218184741126],[-100.56368850901472,39.229488779878707],[-100.55926407844581,39.226331296679724],[-100.555496265355,39.223530416066403],[-100.55172051087473,39.221075880379487],[-100.5479423047701,39.218729592114812],[-100.54394575129734,39.216268361014833],[-100.53980273808239,39.213804561178868],[-100.53544155929023,39.211222399874529],[-100.53122025337974,39.208988972124601],[-100.52727643928444,39.207500113248635],[-100.52251558519201,39.206345695117143],[-100.51738154674169,39.205413439897001],[-100.51121123682528,39.204696099121691],[-100.50466636533066,39.204262223221058],[-100.49856611609749,39.203714799489333],[-100.49349960897641,39.203072786356771],[-100.48938470632157,39.202669781054219],[-100.48079487866721,39.201513477850597],[-100.47594519574915,39.201043838263267],[-100.47169119283652,39.200295786282226],[-100.46677337598086,39.199596011564729],[-100.46097891472155,39.198592505282889],[-100.45518335514114,39.197651314915497],[-100.44910041677564,39.196415321977646],[-100.4433188303901,39.194896958106348],[-100.43731126533568,39.193606346868293],[-100.43182591584446,39.192034474071903],[-100.42655925431309,39.190585208205135],[-100.42210607346368,39.188972825985388],[-100.41787589917826,39.187303235609058],[-100.41393853661586,39.185696806457813],[-100.4097863017774,39.183860068667478],[-100.40614505014501,39.182200484542669],[-100.40265304547724,39.180485278240369],[-100.39537731952781,39.176937618201642],[-100.39137573774822,39.174988913969727],[-100.3877385553066,39.173212550699574],[-100.3834503192917,39.170970062923026],[-100.37923762894198,39.168673350547223],[-100.37546953313468,39.166267117750934],[-100.3724316038589,39.164099737613846],[-100.36946601739261,39.161989972119649],[-100.36390620056081,39.157666847892706],[-100.360657166832,39.155154894450028],[-100.35711947842537,39.152407362632395],[-100.35343534063043,39.149655926914804],[-100.35004683666254,39.146852753438537],[-100.34716617628062,39.14434545859605],[-100.34292907813993,39.1402085753069],[-100.33878607239222,39.135273352871671],[-100.33650334032812,39.132433480819628],[-100.33443766607547,39.129763520796907],[-100.33237196216476,39.127096869238997],[-100.329313042066,39.122978799828978],[-100.32641517906136,39.118352679128954],[-100.32501894391447,39.115408060597247],[-100.32303295277225,39.109645964819805],[-100.32216076349644,39.106367147123663],[-100.32144892782692,39.102572571964394],[-100.32110022012365,39.098958452373608],[-100.32105152865032,39.095116217130212],[-100.32157753852407,39.091803290956662],[-100.32328382525459,39.085471709318725],[-100.32561623005259,39.080520564639308],[-100.32812520968692,39.077293687478594],[-100.33550440702807,39.073343064046703],[-100.34026438934971,39.071180563818295],[-100.34435558809326,39.069299168319517],[-100.35118778571662,39.066538958378288],[-100.3554108939293,39.065228651562265],[-100.36044094739523,39.063990353467304],[-100.36656821507545,39.062936532579435],[-100.37269096068142,39.062057871445028],[-100.37939314552513,39.061532471178424],[-100.3860965503583,39.060944126388144],[-100.39205929805594,39.060575899899995],[-100.39846434887448,39.060160468773596],[-100.40538526628454,39.059690649369337],[-100.41267032572837,39.059341494921838],[-100.42010207135282,39.058993379296808],[-100.4276867821559,39.058419417655955],[-100.43490059220673,39.057952003367959],[-100.44241138947721,39.057377544952089],[-100.44822812823014,39.056949310063828],[-100.45456431071085,39.056293368774668],[-100.45979688483618,39.055683445320504],[-100.46539960300443,39.054963966351259],[-100.47027018447245,39.054118755106167],[-100.47432990851759,39.053374039413079],[-100.48097677092683,39.051983146374255],[-100.4851859972508,39.051127709900122],[-100.48939331840242,39.050325791269508],[-100.49692108369675,39.048945730998334],[-100.50384778426073,39.048126252124973],[-100.50870694299626,39.047738811451268],[-100.51334028867551,39.047576007066766],[-100.51849025187363,39.047301538601204],[-100.52312242474046,39.047196468660715],[-100.53047095349226,39.047185271837748],[-100.53487840916003,39.047244274331035],[-100.54024763233492,39.047034582354065],[-100.54605628316961,39.046885614985364],[-100.55193710679389,39.046794016285006],[-100.55782271802063,39.046476419937051],[-100.56303830603386,39.046546062069048],[-100.56898984913585,39.046569424920392],[-100.57523893659895,39.046427432281696],[-100.58023921716402,39.046264232598432],[-100.58656567381905,39.045949095226391],[-100.59083270261026,39.045724335501063],[-100.59502243616166,39.045661980951337],[-100.6006859901875,39.045395218631953],[-100.60598025075925,39.045236821453763],[-100.61127042647554,39.045250320785129],[-100.61736534797885,39.045444679205012],[-100.62132104675794,39.046016534081332],[-100.62843656623528,39.046565390482954],[-100.63306183849042,39.046740125699841],[-100.63745865349345,39.047313978301503],[-100.64230103684876,39.047664451584694],[-100.64750026200545,39.048532876055852],[-100.65215720035486,39.050714515574761],[-100.65641162960648,39.054610548314699],[-100.66288927770468,39.057613427702535],[-100.66712207799139,39.059044452037952],[-100.67099849419225,39.059952739163023],[-100.6750250651952,39.060692241481405],[-100.67942305741811,39.061264630561588],[-100.68390372557705,39.061374810440888],[-100.68883157452268,39.061208875020561],[-100.69376445924468,39.060754468074862],[-100.69980811120102,39.059914979784899],[-100.70622339701794,39.058847841518691],[-100.71242143721331,39.057607687804037],[-100.72025416663703,39.055474322135126],[-100.72890010148194,39.053058174920501],[-100.73725125977995,39.05064039676526],[-100.74472825314848,39.047807640920993],[-100.75057566977794,39.045647618897711],[-100.75739276768631,39.0426930869112],[-100.76495445925188,39.039172412648945],[-100.77145227594225,39.033951246308931],[-100.77500859548319,39.030586092716902],[-100.7797538985081,39.026251548113017],[-100.78332122351672,39.023359176726785],[-100.79103741729448,39.016613644601577],[-100.80174846021239,39.008407187352269],[-100.81518456631198,39.000152013503829],[-100.8286176232244,38.991895396577142],[-100.85208479145074,38.9848977638527],[-100.86711280073979,38.979927855471686],[-100.88338801474421,38.976355365381323],[-100.89177144613004,38.972430058382933],[-100.90199675668883,38.969425282111352],[-100.91523846966037,38.96589800535898],[-100.9344984290517,38.960844426650681],[-100.95075240496119,38.956790128110853],[-100.96518759931793,38.952762967747141],[-100.98268879946689,38.950097272336059],[-101.00080789673012,38.947895558260733],[-101.01622340743486,38.946565615397532],[-101.0316383545337,38.945233757208229],[-101.0470527372464,38.943899983798261],[-101.06246655479295,38.942564295273222],[-101.07778516253371,38.940001471410525],[-101.09310269151682,38.937436756791136],[-101.10107926357654,38.93721250587118],[-101.10685188351559,38.936568179464814],[-101.11113111755816,38.936090184805622],[-101.13971172665022,38.935767382757199],[-101.16829207974628,38.935437995014325],[-101.19075286624296,38.934315904411179],[-101.19973819427803,38.932678105697072],[-101.2240943815701,38.931558029642886],[-101.24844981798624,38.9304331708367],[-101.26860116323049,38.929385734935103],[-101.28875192786765,38.928335025047552],[-101.30530625869852,38.920124280177383],[-101.31000783606002,38.909521287729582],[-101.30735694779618,38.898910585895095],[-101.29899310071426,38.880835010913323],[-101.28341186815447,38.866687510776977],[-101.26959984068485,38.855131460412089],[-101.2559166107855,38.847512560607726],[-101.24559424087956,38.839828093971406],[-101.22339974243296,38.828425905018264],[-101.20804833440148,38.820833521194153],[-101.19601585498623,38.811865784032577],[-101.18222863173077,38.800297808200867],[-101.17188075996035,38.79129092179263],[-101.15310798436285,38.78112801623913],[-101.14112836624345,38.773463453087722],[-101.12571938526236,38.763235010019841],[-101.11881585034249,38.756790861300047],[-101.11366830130027,38.752941901699046],[-101.10173599762602,38.746588711003817],[-101.09681430585194,38.74075744098819],[-101.09027832248388,38.737017370854346],[-101.08583082938254,38.733795254437119],[-101.08190593610044,38.730359392982066],[-101.0770940540512,38.725638667439213],[-101.0734350770739,38.721233414448697],[-101.07098636374593,38.717497645605079],[-101.06908797265893,38.714462968089734],[-101.06486944853559,38.70958569438703],[-101.06251201357387,38.706996385087614],[-101.05944769126654,38.703927816466503],[-101.05651573372599,38.701150858917387],[-101.05018313070777,38.699243328994974],[-101.04482772086961,38.692273261006555],[-101.04123768454133,38.689528454791457],[-101.0376821967447,38.687590684606413],[-101.03198490589112,38.684675813332646],[-101.02814378715048,38.682610974905025],[-101.02423565401415,38.680434820412664],[-101.01940853573473,38.677653755960293],[-101.01527911116574,38.675525432203244],[-101.00949972714699,38.672836293792486],[-101.0058533859501,38.671295595372854],[-101.00205856260025,38.669805495836947],[-100.99480282302387,38.667470348357959],[-100.98782164255441,38.665479939344408],[-100.98212467816398,38.664108541783278],[-100.97764956192934,38.663111966145507],[-100.97111986880381,38.662343187161035],[-100.96551485746016,38.662059521930992],[-100.96113727358501,38.662037855372432],[-100.95556811771225,38.662500500981231],[-100.95057663765832,38.663093855694683],[-100.94493447745047,38.663552271720931],[-100.9384065485159,38.664209995746241],[-100.93232688940972,38.664652948736332],[-100.92594113121656,38.665375820830214],[-100.91950627100842,38.665634606761017],[-100.91527410174395,38.665623380735298],[-100.91024332141939,38.665525409424866],[-100.90390952875589,38.665214326577761],[-100.89716154744539,38.664431339402604],[-100.89156846745993,38.6639137948141],[-100.88698111647689,38.663718020557518],[-100.88246302783135,38.663575173192598],[-100.87794555686553,38.663435473583647],[-100.8735615823346,38.663528212653887],[-100.86823970899567,38.664852648400171],[-100.86306584185935,38.66612410705811],[-100.85569142596395,38.667611441219101],[-100.85105358102948,38.668383369719272],[-100.84657033741003,38.668986009338347],[-100.84142542495603,38.669684776494023],[-100.83613992533513,38.670262652193813],[-100.83122836339017,38.67068270543372],[-100.82625207384595,38.670926476805462],[-100.82048965549643,38.670859003363809],[-100.81481134286476,38.670564648591572],[-100.80936067732917,38.670103737897975],[-100.80443202656852,38.669432428542414],[-100.79899958730473,38.668633107546512],[-100.79363710294302,38.667885564135851],[-100.78856876444442,38.667093986007643],[-100.78437230851877,38.666387926978786],[-100.78040344299839,38.665519908539835],[-100.77278149977407,38.663329139040052],[-100.76585174175084,38.660469109794604],[-100.76228358847754,38.658924043558464],[-100.7587338348837,38.657035361415645],[-100.7552597760521,38.655091152611412],[-100.75193202077037,38.653150164743543],[-100.74839504168959,38.651030676962009],[-100.74398042382107,38.64893924056453],[-100.73920254886515,38.646838169523129],[-100.73340178057336,38.644761624016752],[-100.72844812409924,38.64322631418095],[-100.72362222460943,38.642041006810267],[-100.7181469186477,38.640715082222989],[-100.71159452347354,38.639068250704973],[-100.70476035588527,38.637244256293506],[-100.69891828766409,38.635963863236739],[-100.69385657661728,38.63511356937606],[-100.68914660130825,38.63450094262155],[-100.68421559705646,38.633936721756662],[-100.67955367995285,38.633783077285067],[-100.67402784698422,38.633429697323848],[-100.66690564169359,38.63290981680408],[-100.66058470705023,38.632413954952611],[-100.65542591089331,38.632014639005419],[-100.65005212933157,38.631553998118179],[-100.64219529618816,38.631119525758159],[-100.63490308288326,38.631050836570289],[-100.6261351767748,38.631275945536778],[-100.62066684463852,38.631208373665686],[-100.61514716124231,38.630734925590133],[-100.60964642054343,38.629922205038874],[-100.60423135771427,38.628883864728209],[-100.59997523893051,38.627996370363022],[-100.59267246740455,38.625460266512],[-100.58827650937303,38.623131674866926],[-100.5838812088365,38.620808500865728],[-100.57982796658602,38.618897897082384],[-100.57322978251638,38.616842574340922],[-100.56636277010621,38.615691165158388],[-100.55901464339836,38.615329820738772],[-100.55262950988782,38.616032270235102],[-100.546667946862,38.618291943561232],[-100.54192143221763,38.619674805360731],[-100.53733380055075,38.620838383181486],[-100.53309711442827,38.622241212253677],[-100.52900303975171,38.623705654257755],[-100.52431599145369,38.625321210394326],[-100.51925220163736,38.627153582090592],[-100.51405187139358,38.628810978378475],[-100.50877532796763,38.63051893851263],[-100.50249536441613,38.631907106398174],[-100.49629064799376,38.633243073054345],[-100.49039374415611,38.634300699811106],[-100.48517105787376,38.635038786658242],[-100.48035084430096,38.63509997190301],[-100.4752433024895,38.635096573668399],[-100.46882403117668,38.635046701833836],[-100.46205063801897,38.634811665042577],[-100.45703834658322,38.634405492349075],[-100.45260543178044,38.634082069001671],[-100.44817263607902,38.633754001887191],[-100.44418619754498,38.633272401084774],[-100.43976960049632,38.632659877606635],[-100.43273472935479,38.631898981460935],[-100.42657691695209,38.631109614246746],[-100.41873043109284,38.629231578785991],[-100.41197279081918,38.626185423942083],[-100.40808907126797,38.623930555484833],[-100.40430819011276,38.621163942116787],[-100.40068924105309,38.618112341297952],[-100.39778898260354,38.615258298647866],[-100.39532936241014,38.612363968045216],[-100.39309812525518,38.609308487550358],[-100.39110843257592,38.60585811038716],[-100.38990340761033,38.602718074541102],[-100.38881082580617,38.59890082078612],[-100.38804601407809,38.594458995817739],[-100.38797223608454,38.590674701942255],[-100.3885576380945,38.586855806217692],[-100.38930773901544,38.582701704064966],[-100.39011755252723,38.578776570461031],[-100.39087797858345,38.575708370001415],[-100.39174361290763,38.572070387274572],[-100.392526791736,38.568605005850621],[-100.39369682247597,38.563490299052916],[-100.39561706532895,38.559259838997022],[-100.39638363624442,38.556078603253447],[-100.39702067623692,38.552606134937584],[-100.39743323922848,38.549239907781292],[-100.39792181246321,38.545818480550025],[-100.39826496147411,38.542389960500891],[-100.39883568752361,38.538800403039367],[-100.40083459470213,38.534459840783313],[-100.40232102304185,38.531419186302003],[-100.4036553303378,38.527226220883236],[-100.40435419790273,38.522666321078425],[-100.40471322767988,38.518954759126174],[-100.40497954624739,38.514323222815584],[-100.40514333940359,38.510203309654997],[-100.40561438126703,38.505808957507448],[-100.40544040919883,38.499958373159075],[-100.40471837712603,38.494771585711156],[-100.40424052333066,38.489140646816544],[-100.40395760626386,38.482655369616133],[-100.40322937497628,38.478847604057478],[-100.40192711870105,38.474907397792791],[-100.40052877523452,38.471359094148376],[-100.3986750880125,38.468146381089944],[-100.39682132134169,38.46492916613731],[-100.39490543902292,38.461536636287967],[-100.39312491619157,38.458322349782208],[-100.39169396079016,38.455346771222167],[-100.39015244568049,38.452550330568833],[-100.38879458342865,38.450086860079608],[-100.38596412679804,38.444889201685093],[-100.38447158131126,38.441739347774046],[-100.38318724084208,38.438771874165433],[-100.38181078906719,38.434885519605203],[-100.38066832129674,38.430717266726191],[-100.37995884016674,38.426625169294553],[-100.37954278322003,38.422484672439701],[-100.37934195569167,38.418410200027822],[-100.37951355363811,38.414176211371341],[-100.37975117807288,38.410054888598289],[-100.37998908006655,38.405939120892668],[-100.38053719300626,38.401489657444621],[-100.38119702950539,38.397615640858895],[-100.38206812330468,38.393865807766204],[-100.3830582205412,38.390577303585182],[-100.38506078406074,38.384863523940389],[-100.38613589187551,38.381345314036253],[-100.38744541245191,38.377553025784614],[-100.38883704733725,38.373589198482577],[-100.39027216250449,38.370148513972786],[-100.39204282755347,38.367171410457814],[-100.39438426080015,38.364390497177673],[-100.39693638579234,38.361732590651805],[-100.4015491198662,38.357365338072526],[-100.40436798141047,38.355119728480901],[-100.40964599946103,38.350549668069583],[-100.41375302674781,38.346107365727448],[-100.41771498787385,38.342923845258795],[-100.42301877541669,38.34042102323572],[-100.42805804037626,38.337445138079836],[-100.43074024117882,38.335019582536447],[-100.43342525206639,38.332535807214988],[-100.43589615535639,38.329986007021965],[-100.43930194502671,38.326321682411375],[-100.44193023626509,38.323549439060933],[-100.44492739521822,38.320674512656382],[-100.44847208401173,38.318391488854431],[-100.45192135885712,38.316510369318436],[-100.45516877533821,38.314329478252759],[-100.45872229519026,38.311875009739488],[-100.46398758788594,38.307420069287289],[-100.46676217181962,38.304591703523883],[-100.46952744044611,38.301938893481335],[-100.47286931488937,38.29935991128071],[-100.47848507471903,38.295090241573355],[-100.48198063948682,38.292346855830566],[-100.48527780192799,38.289249998375816],[-100.48842318416156,38.286267985225429],[-100.49088712553046,38.28377187993641],[-100.49527843536677,38.279281546399922],[-100.4976160928789,38.276440474652482],[-100.50033265583278,38.273328669745595],[-100.50310806622903,38.270444649502117],[-100.50579795774685,38.267788099893302],[-100.5110634332609,38.263214772541623],[-100.51403279190413,38.26073865968452],[-100.51708116272324,38.258147953336888],[-100.52282674942244,38.25404990939969],[-100.52840477645688,38.250346300125493],[-100.53454227272988,38.247003590944978],[-100.53797960895396,38.245233083393728],[-100.5418509267995,38.243474310387548],[-100.54565001705768,38.241711412213519],[-100.54937330199459,38.240009235136696],[-100.55309005751212,38.238414392425689],[-100.55926023077622,38.235759167495473],[-100.56534162839711,38.233389406876469],[-100.57083669607854,38.231112605925958],[-100.57563283476657,38.228353595507656],[-100.58062313187339,38.22468610676394],[-100.5845459847835,38.221952594784597],[-100.58854776636531,38.220429687744641],[-100.59371112319451,38.218885517216883],[-100.59934304414789,38.21672730161194],[-100.60292187573958,38.214957376347932],[-100.60914707842365,38.211213272453996],[-100.61210195009217,38.208905962199239],[-100.61633665257614,38.204409988792854],[-100.61816028108524,38.201545490320477],[-100.62003119406822,38.197829474168344],[-100.62214035779014,38.193718106421379],[-100.62388086706879,38.18970656220494],[-100.62525372479784,38.1858037642018],[-100.62637136766125,38.182574926470018],[-100.62804118687227,38.177184779676558],[-100.63046276170746,38.171307288258291],[-100.63254584314176,38.167655575391628],[-100.63508468006663,38.163614781958621],[-100.63755397890131,38.159515137705625],[-100.63958250613155,38.155518085512838],[-100.64063965117826,38.152055759680806],[-100.64110296556019,38.146169462986684],[-100.64142759734227,38.140166702646709],[-100.64187203722715,38.134622752089484],[-100.64148077731127,38.129798323437576],[-100.64034036350533,38.124086599013332],[-100.63951664863184,38.120565927839799],[-100.63847892294751,38.116975196039327],[-100.6375232652334,38.113221660785172],[-100.63661774485348,38.109868182467196],[-100.63579436670761,38.106341913793514],[-100.63498046180381,38.102650026363619],[-100.6344494088038,38.09907916956184],[-100.63386498581725,38.09516309573867],[-100.63350636042419,38.091085460238645],[-100.63335247318884,38.087239052814368],[-100.63331838105607,38.083860453047514],[-100.63299016340891,38.077890174868202],[-100.63283523512952,38.072727347969149],[-100.63218787082197,38.068636087376504],[-100.63135201843336,38.064024928231646],[-100.62986538165202,38.059390359919711],[-100.62814695351699,38.055039204421476],[-100.62601826880486,38.051585649058751],[-100.62411197253638,38.048025409369693],[-100.62202486199701,38.04514749031754],[-100.61793317354757,38.041860571855871],[-100.61439215248008,38.039102144157333],[-100.61132565654844,38.036935408921273],[-100.60679909671593,38.035005511768162],[-100.60184912158192,38.034208015646406],[-100.59707524145891,38.034160712639519],[-100.58884431106158,38.035141708529451],[-100.5843875331376,38.035904938158637],[-100.57956953064088,38.036659210173774],[-100.57313743006917,38.037812982983731],[-100.56647293744003,38.039249778340221],[-100.55974452038215,38.040506569267421],[-100.55455252775425,38.0414769787442],[-100.54928175208364,38.042555011148089],[-100.54354535916401,38.044190497406007],[-100.53763277588583,38.04639386111662],[-100.53123537222375,38.049496924093354],[-100.52780089258148,38.051384746080082],[-100.52406699579862,38.053434268678167],[-100.52032715124292,38.055595540892462],[-100.51557199666834,38.057779604064308],[-100.51081978376074,38.059904202421244],[-100.50519712747004,38.062062839674269],[-100.5006050032912,38.063906461456583],[-100.49638988928997,38.065478154213977],[-100.49276577956635,38.06684488516624],[-100.4890690449065,38.068203032903348],[-100.48267579796622,38.069869662729388],[-100.47696489727122,38.07099184317731],[-100.47097113713738,38.071982283065793],[-100.46547658984873,38.073109422179904],[-100.45876289111432,38.074017183818441],[-100.45256489374121,38.074775209338583],[-100.44667239293902,38.075257233758755],[-100.4404208463488,38.07566823224483],[-100.43490556545058,38.075870273894253],[-100.4289657993323,38.075893157765506],[-100.42260590355644,38.075664084079584],[-100.41555568691055,38.07484327970954],[-100.40888675217035,38.073689026280896],[-100.40301994918454,38.072447553045656],[-100.39711018423345,38.070693769516637],[-100.39166399651964,38.068432961605254],[-100.38659211787846,38.065959782329621],[-100.38180731501882,38.063556533106699],[-100.37535347092427,38.061202699697148],[-100.37151423823018,38.059976615976844],[-100.36774416380436,38.058809357417651],[-100.36009882960856,38.057045414025673],[-100.35623040402638,38.056333455880967],[-100.35178392144017,38.055600649180334],[-100.3472518639682,38.055094008942127],[-100.34198421559832,38.054788526667373],[-100.3367030273287,38.054709961710273],[-100.33126448625579,38.054856664613673],[-100.32502068886946,38.05514766996928],[-100.31893187579621,38.055271012913288],[-100.31197901994103,38.055303917803947],[-100.30624773128258,38.055497771399878],[-100.30086407808822,38.055931464900659],[-100.29641996773731,38.056400036796958],[-100.28890071358417,38.057442857253946],[-100.28100994882628,38.058642205554634],[-100.27699546854782,38.059181025651291],[-100.27269191917252,38.059714164245207],[-100.26592157664652,38.060324177061737],[-100.25865499280886,38.060744528461512],[-100.25458852379255,38.060936094515185],[-100.24719453086399,38.061064355811467],[-100.23958760762851,38.061126963797911],[-100.23545878084312,38.061148135388926],[-100.23089313408173,38.06120993741888],[-100.22676769694829,38.061171523769104],[-100.22263543961512,38.061245969484389],[-100.21546527646795,38.061266341130775],[-100.20880417994447,38.061245373378775],[-100.20085615101723,38.060947790544908],[-100.19675459878792,38.060512364937097],[-100.19021089733457,38.059749566670014],[-100.183917970376,38.058425269283603],[-100.1774398767578,38.056580043183551],[-100.17184614738115,38.054476634325681],[-100.16690975785848,38.052282541892545],[-100.16263808255719,38.049887023856051],[-100.15927849015678,38.046782791998339],[-100.15681990230431,38.044337786678845],[-100.15260206409896,38.039882714524857],[-100.14878250524571,38.036012387694541],[-100.1463561819358,38.033053703502191],[-100.14380976421413,38.02968933781667],[-100.14254633834902,38.023803267089747],[-100.13779832507491,38.020234192666123],[-100.13400435820284,38.0171663417294],[-100.12499419089224,38.013490629055447],[-100.12264385900554,38.009159235469909],[-100.11880365779071,38.007159702476756],[-100.11041190975989,38.001768699053642],[-100.10751319214168,37.999479345500603],[-100.10410389918499,37.997406868466101],[-100.09810754210322,37.994543551459316],[-100.09269306732926,37.99377812989615],[-100.08515938882132,37.993770885954042],[-100.07783674828465,37.993996163782811],[-100.07016109826125,37.99387217680006],[-100.06201094050014,37.992535516371426],[-100.0573337179956,37.99137012657463],[-100.05331593447384,37.989928198373832],[-100.04857927361749,37.988303409830429],[-100.04492737864553,37.986754216357149],[-100.03892473279207,37.983728682595277],[-100.03438043771716,37.980389119077415],[-100.03147969860629,37.977878229391806],[-100.02747705088306,37.973280372413207],[-100.02565157724291,37.968550493859176],[-100.02543948591459,37.963104448041726],[-100.0260322943342,37.957327158782419],[-100.02648406764803,37.954069476492805],[-100.02752523788227,37.950418437161119],[-100.02855273323894,37.947282439099844],[-100.03089302934566,37.941133803461774],[-100.03233819031419,37.935942320363871],[-100.03277197321462,37.930680337993337],[-100.03162326959692,37.925042993481362],[-100.03018417678771,37.922095441039595],[-100.02824822069242,37.918795866797439],[-100.02587533284667,37.915607759617281],[-100.02327562767243,37.91275529543303],[-100.01870521348452,37.90791916985529],[-100.01449389073336,37.903209547179586],[-100.01225415482676,37.900475619992704],[-100.00980509454142,37.897454966851825],[-100.00757534946653,37.894382413958262],[-100.00563804386474,37.89119755057483],[-100.00391443517667,37.888129542701947],[-100.00226487556844,37.885007774994278],[-100.00032491418972,37.881936762435714],[-99.997015483461567,37.876093037811358],[-99.995062534362361,37.870902581137884],[-99.99383921454654,37.865493997327071],[-99.991971934590012,37.859847470413918],[-99.990719282722793,37.856571911360824],[-99.989140729020562,37.850454890302728],[-99.988479740700598,37.838519919251915],[-99.987338376020162,37.828182386716648],[-99.988715955471449,37.818619907539329],[-99.989116741991424,37.811053978100482],[-99.989522362625593,37.803885247887813],[-99.989432286351715,37.797120099774041],[-99.988856503185843,37.791554065811667],[-99.988782506733514,37.785982794083218],[-99.988190744419711,37.779220619958281],[-99.989593982410867,37.771647501761571],[-99.990981158124995,37.762879319318614],[-99.991877227572957,37.754910795270298],[-99.991814813454354,37.750222119414275],[-99.992261791839482,37.746154143846603],[-99.994218609487689,37.742554711632636],[-99.995673794144764,37.738959400412305],[-100.00013007803501,37.734943009027127],[-100.00462374031252,37.733710451328314],[-100.01161675906636,37.732057264083451],[-100.0156197563241,37.731626320778823],[-100.0207361470363,37.731793734956099],[-100.02477233991668,37.732033425591993],[-100.03200023571038,37.731695267607471],[-100.03642526922005,37.730911423727619],[-100.04115105519831,37.729673140831629],[-100.04638827396471,37.728211185907526],[-100.05277778121284,37.72682677502209],[-100.05705629593095,37.726097308234287],[-100.06161872370154,37.725542399774923],[-100.06912691157055,37.725492964129813],[-100.07395609279833,37.725743632400842],[-100.07906804643656,37.726229120862357],[-100.08374090701311,37.726936766237898],[-100.08877458810677,37.72764997775996],[-100.09394828179728,37.728534680013929],[-100.09855237193503,37.729126853975494],[-100.10588169013867,37.730390689805681],[-100.11294396453212,37.732086225415628],[-100.12056637379892,37.731943854473606],[-100.12433830841728,37.730255614219089],[-100.13294052474076,37.728375695705004],[-100.13804323902094,37.723283795465704],[-100.14157606863938,37.720647480039069],[-100.1455384214669,37.718130408617697],[-100.14891317520363,37.71600607562722],[-100.15250258229662,37.713943553070656],[-100.1569557618587,37.711950803471666],[-100.16235118206743,37.709799582752311],[-100.16819802329221,37.706911466749489],[-100.17441216907247,37.703742520218817],[-100.17801901332771,37.700932831608526],[-100.18100732791683,37.696910597094977],[-100.18326205640602,37.693334349336588],[-100.1851624304727,37.689524610193907],[-100.18836888825685,37.685391940869394],[-100.19019212983657,37.681752216400653],[-100.19236834320611,37.678405098219457],[-100.19418843121036,37.674880403435814],[-100.19650405798315,37.671706989076036],[-100.20021105490245,37.667694063441402],[-100.2045113878645,37.663004022520788],[-100.20947445618319,37.657752774664949],[-100.21421749259332,37.652609399429622],[-100.21909106508089,37.647984892226489],[-100.22308139907281,37.644093044946914],[-100.22610263336952,37.641444949492218],[-100.23188926975369,37.637750570591876],[-100.23510807638489,37.635851186004118],[-100.23840038305967,37.63389445363908],[-100.24147585428268,37.631935152292833],[-100.24791817044542,37.627906697445773],[-100.25223905836278,37.62510536792216],[-100.25706722684865,37.622196768734412],[-100.26196640348985,37.619291083199883],[-100.26729666388916,37.61644709951053],[-100.27227174968455,37.613369728176885],[-100.27651886098933,37.610565550804147],[-100.2805485509252,37.607817992108842],[-100.28442954250227,37.605238537273088],[-100.28837695335747,37.602889955724002],[-100.29238208459056,37.60111642374094],[-100.29623800076359,37.599566861493955],[-100.29987191590776,37.59824385574742],[-100.30364835283085,37.596981591737048],[-100.30757018639687,37.595662651570791],[-100.31192397623883,37.594350643483239],[-100.31692988636533,37.592876900054542],[-100.32171960096751,37.591397177009782],[-100.32599832327412,37.590197839047903],[-100.33217699596945,37.58782310434345],[-100.33589020285474,37.586156711390267],[-100.33990009108305,37.584094434737089],[-100.34398583397245,37.581859577081829],[-100.34822042887211,37.579398193639456],[-100.35150861077717,37.577382500000432],[-100.35465235735415,37.575364062505479],[-100.35816617409338,37.572892370949624],[-100.36110405399768,37.570413282225786],[-100.36411643879661,37.56781868042939],[-100.36705511789265,37.565281364213327],[-100.36977272706235,37.562969614529209],[-100.37263367752125,37.560660481829544],[-100.37549097504325,37.558522226020749],[-100.38105430352101,37.554532334315041],[-100.38533156846445,37.55006373836072],[-100.38720340556532,37.546882093382806],[-100.38865775467872,37.543062293416888],[-100.38918760822634,37.538716426791325],[-100.38900750257598,37.533957386050027],[-100.38831387298369,37.529590897965818],[-100.38733836125111,37.524994540565572],[-100.38622002408218,37.520337428506409],[-100.38473968738043,37.515791637885734],[-100.38289718336755,37.511353786747819],[-100.3810510669654,37.507086884193939],[-100.37898512759013,37.502989778105778],[-100.37706221744965,37.498952239503858],[-100.37472108782949,37.494335725743703],[-100.37188567305162,37.489309292296511],[-100.36910964613867,37.484860158855966],[-100.36632741954695,37.480694839773868],[-100.36347378063252,37.476529756182224],[-100.36089749451416,37.472825889966202],[-100.35853533671759,37.469182399330329],[-100.3570249487164,37.466067695344393],[-100.35587108863058,37.463069735941083],[-100.35363474869528,37.457135978112561],[-100.35201515878262,37.452527806654345],[-100.35116015914801,37.44907917123026],[-100.35034860418854,37.443738565459057],[-100.35110543098193,37.438993848843914],[-100.35313069618486,37.435353743580528],[-100.3554402200225,37.431835155021666],[-100.3595370690937,37.428741429687925],[-100.35203548358446,37.426742739980213],[-100.34825187503461,37.425600938161899],[-100.34469089660072,37.42417524273273],[-100.34113521785802,37.422520351724145],[-100.33496924849446,37.418764507072225],[-100.33389598598525,37.414074074871714],[-100.31882276887555,37.39933417446062],[-100.31777459714358,37.395022355984729],[-100.31769120431123,37.389405524572943],[-100.3181378627358,37.385687004474619],[-100.31858484774305,37.38196846400642],[-100.31564324284025,37.379609926712561],[-100.32228287649143,37.364855537003429],[-100.3233047369684,37.361660247993854],[-100.32494586942599,37.355424662269776],[-100.32240570507516,37.351806950252374],[-100.32345111481011,37.346051535167632],[-100.3208721934224,37.342747830606626],[-100.31727186766724,37.340118055813015],[-100.31297477693782,37.339654580130656],[-100.30864249261829,37.340680653015248],[-100.3050416756048,37.343272887790441],[-100.30001671730473,37.349543332392138],[-100.29768942568131,37.35216272701949],[-100.29142923548247,37.354441169179971],[-100.28104608844571,37.356518713298854],[-100.27440566615211,37.355081369516967],[-100.27031066766878,37.354029770749257],[-100.26999270970023,37.349225152161203],[-100.26597636284615,37.34571637932936],[-100.26520404186755,37.340553684818182],[-100.26704101421205,37.337115850255309],[-100.26877719743797,37.33235279273908],[-100.27249851156638,37.326907842133025],[-100.27436892110669,37.323784705382941],[-100.27631178023788,37.320604250947071],[-100.27796239664193,37.317648445326526],[-100.27961555770737,37.314578608552132],[-100.28039015158367,37.30894816636912],[-100.28524443221961,37.304348180160652],[-100.28788309616343,37.2990581555189],[-100.29081903748281,37.293314235143391],[-100.2930265752894,37.28801698681017],[-100.29459091873285,37.282596184458413],[-100.29497639370857,37.278474467510499],[-100.29906697344951,37.273502229265439],[-100.29957719399971,37.26902988278686],[-100.30364235910102,37.263989108777359],[-100.30834973695698,37.25907270461375],[-100.30979741456245,37.25529498747504],[-100.31359860753227,37.252445095199064],[-100.31354631840762,37.249286866342302],[-100.3134874323311,37.245750300544316],[-100.31654474687755,37.243441570628484],[-100.31614563830099,37.238662013146275],[-100.31419372260736,37.233312468765568],[-100.30987452146438,37.231277658678465],[-100.30413418433558,37.22849925140634],[-100.2993136550561,37.229841894128541],[-100.29546707753217,37.233949197177687],[-100.28889247515184,37.244726656292507],[-100.28769927952087,37.248845725377819],[-100.28210845674185,37.252669215548821],[-100.2802066448898,37.256454809990238],[-100.27839055814032,37.260068714485683],[-100.27470588983489,37.262334893126628],[-100.26708391042187,37.262085510724148],[-100.26058673016627,37.260920690844749],[-100.25767506949228,37.258265037809714],[-100.25218414877182,37.255458706080951],[-100.24209665857109,37.252081832671038],[-100.23543337768007,37.254945736034053],[-100.2310315575196,37.256024130274866],[-100.22589821675312,37.257666063131396],[-100.22140924522596,37.259372416580945],[-100.21587565168038,37.262668132917959],[-100.21236173912033,37.265834200071268],[-100.2094791616252,37.268432181994946],[-100.20670481063478,37.270837639557158],[-100.20391051583624,37.273542958402913],[-100.20020969209368,37.278071740560819],[-100.19591155159331,37.283505384844531],[-100.19288452390722,37.286898475577658],[-100.18976121825447,37.29025792678123],[-100.18770803732839,37.29373774719636],[-100.18594710989811,37.296817757042298],[-100.18266662192077,37.299345020199254],[-100.17987596106697,37.303277774717152],[-100.1773504783984,37.306837305673888],[-100.17365091452919,37.309845468359107],[-100.17002619835537,37.312567269336363],[-100.1665488730532,37.3150047917227],[-100.15976159139171,37.316143389172076],[-100.1582721087842,37.319111994996774],[-100.15047096414018,37.319451906840257],[-100.1487034703062,37.322247884507611],[-100.14206004059736,37.323745656560092],[-100.13618324258827,37.326115687946753],[-100.13153209953219,37.328276185600593],[-100.12752373572073,37.330561976065027],[-100.12312053927809,37.334215416168952],[-100.11821833229939,37.337689089043074],[-100.11378616317081,37.339680634002036],[-100.10778177920685,37.341359073725862],[-100.1027957259215,37.34253940096189],[-100.09770562596303,37.344918804721289],[-100.09251024041224,37.348558713017262],[-100.08957978680941,37.350747622015867],[-100.08643935743136,37.352700133292437],[-100.08257803228139,37.354757224057934],[-100.07842740061629,37.35686631072906],[-100.07420817674692,37.358860336661039],[-100.07064283507434,37.360578828558985],[-100.06460797715155,37.363285433215943],[-100.05976018453661,37.364579847430818],[-100.05458307495344,37.36478094225351],[-100.05057728651816,37.364141028668584],[-100.0454591655123,37.362162622109345],[-100.04207330596985,37.359871739565392],[-100.03876797070525,37.357293405118575],[-100.03568677368705,37.354374820519809],[-100.03267041059773,37.351746505703808],[-100.02885660778291,37.349389144032791],[-100.02432490790737,37.347019742640335],[-100.01971905534901,37.344763157515231],[-100.01495668730936,37.342962650017121],[-100.00797465832581,37.340951763905416],[-100.00029429656827,37.338513589949336],[-99.989080409955847,37.335040181587011],[-99.982354261451647,37.333088650441155],[-99.978291739509089,37.332007315956787],[-99.970321835756877,37.331878877462977],[-99.96429166264096,37.333082081604978],[-99.959494493133946,37.334341840300802],[-99.954195558342292,37.335885720481897],[-99.949111714212478,37.337028253211329],[-99.94438593810699,37.337943433247119],[-99.94016128976844,37.338571982183836],[-99.934217485278708,37.339828899970776],[-99.92949078497081,37.341259327111509],[-99.923332440581746,37.341827122965377],[-99.91903588871412,37.342626939338146],[-99.914953216356821,37.343713348272871],[-99.909008181495338,37.345483678940141],[-99.905068231442371,37.34714229055988],[-99.90141371339395,37.349142139152917],[-99.896326977376191,37.351430152530988],[-99.890738908877381,37.352970390745384],[-99.884865375392764,37.3541689785743],[-99.877773696070918,37.355251062334766],[-99.873261056258954,37.355818318078555],[-99.869035607397478,37.355987762418692],[-99.86438038514035,37.355980991334803],[-99.859725384307339,37.356033168039311],[-99.855427857907117,37.356201095760632],[-99.845255102675537,37.357964088660268],[-99.840953406296109,37.36024826230998],[-99.83844030144266,37.363452491549019],[-99.838073133105027,37.367976425271188],[-99.841287951221631,37.372390356832263],[-99.844506877061448,37.374684120795663],[-99.847941959139362,37.376521049525742],[-99.851162075129608,37.378471904355699],[-99.856315545511777,37.381053352877224],[-99.862544329507173,37.383522228232735],[-99.8699193325713,37.386163035771396],[-99.876652080392375,37.387603716035095],[-99.882168893638564,37.387436283760628],[-99.887686686752858,37.386640075052988],[-99.895207560465622,37.388304548288929],[-99.899432035260133,37.390427323139235],[-99.904158233486143,37.392951336872002],[-99.908167873590116,37.395529516133386],[-99.912035059848932,37.397767198898471],[-99.91575936019396,37.399772695360042],[-99.919841564382139,37.402007664627824],[-99.924067638804587,37.404530351982103],[-99.928723401438674,37.407166264707804],[-99.932663184315984,37.409686760028407],[-99.936388220437593,37.411865799164126],[-99.939826929771314,37.4142716938969],[-99.943194149287379,37.416448764948406],[-99.946131898204172,37.418798182380272],[-99.948925818264186,37.421317461622252],[-99.951433120741029,37.42395208194533],[-99.953582110740101,37.426702124315106],[-99.955588026295956,37.429852010674658],[-99.95687639876985,37.434947629268834],[-99.953504593586686,37.440901776260624],[-99.949774316752965,37.444795415135097],[-99.945327746273975,37.44742722794664],[-99.938442872342094,37.449084105932947],[-99.933781891702594,37.450112642359564],[-99.929550335842634,37.450799965841732],[-99.924745588052915,37.451712219120893],[-99.919509999449701,37.45285474479094],[-99.914919364372366,37.453940548469483],[-99.905378774882124,37.45708321137937],[-99.901719575489096,37.458798298221097],[-99.894830923819342,37.462113881907399],[-99.890883854343883,37.464345797024357],[-99.884997864210064,37.468175692267323],[-99.879684754907942,37.472178991154848],[-99.876811986960448,37.474525691341562],[-99.873939462986058,37.476812030324872],[-99.870779757682669,37.479270411611985],[-99.867619709595402,37.481617101408744],[-99.864028624465547,37.484075638973266],[-99.86065297838401,37.486533907188274],[-99.857421384446923,37.488477338260125],[-99.854261654195895,37.490363707508514],[-99.849234849000425,37.4927043086563],[-99.842414917930512,37.494815623329018],[-99.83523788150481,37.495952096798028],[-99.827847560002894,37.495941719935679],[-99.823328313735672,37.495477812777018],[-99.818953965718521,37.494497929829748],[-99.814507072118829,37.493631778499626],[-99.804828103177229,37.490640983712595],[-99.801244118884242,37.489317578271972],[-99.797230560036837,37.487767477146143],[-99.793145132047513,37.486157007832333],[-99.789634393860737,37.484490511487984],[-99.784478266736173,37.48104558437813],[-99.780329263020121,37.476687238693451],[-99.776470732931415,37.471354126950224],[-99.773758619511653,37.466597027972504],[-99.771550811441216,37.461038372241184],[-99.770053994152988,37.457828593029532],[-99.766985152234923,37.452726337444382],[-99.76512888410403,37.449860326997602],[-99.761344076210889,37.444756682101136],[-99.757697939403073,37.441199173087782],[-99.754050155985283,37.438329250663259],[-99.750472256161387,37.436088888549854],[-99.746534200580172,37.434534879255096],[-99.742376824241305,37.434296914968222],[-99.735850766446504,37.434911996190891],[-99.729180838159166,37.435527806704606],[-99.722510251175052,37.436374276779581],[-99.717991482955796,37.436935785950944],[-99.71261296720705,37.437323580824192],[-99.707061254642525,37.437737639959856],[-99.701138937534949,37.438097983072808],[-99.694611551255605,37.438770037299228],[-99.687939381151878,37.439841264038911],[-99.681121209916299,37.441540553670251],[-99.674158190025551,37.443528460395967],[-99.667050793974767,37.44562747903376],[-99.660733863815565,37.447213337417409],[-99.653769209910379,37.449311734037344],[-99.647305250177908,37.451526379946195],[-99.641773985746312,37.453687055763098],[-99.636601691947249,37.455677082075731],[-99.630711152762913,37.457720733321814],[-99.625467761912972,37.459421080190758],[-99.619077989785936,37.46083385992516],[-99.612042485256822,37.462243175319017],[-99.605794184140791,37.463940133578191],[-99.599252327499713,37.466839803122696],[-99.59543725734153,37.469462003969937],[-99.592269178870652,37.471799276615393],[-99.589386584410761,37.474366917906394],[-99.586071629249147,37.477218459096228],[-99.58196639536088,37.480181391800443],[-99.576640326833726,37.483427899413691],[-99.571247279564162,37.485700558845984],[-99.56550141985123,37.48682584316397],[-99.560189739972699,37.48726283393691],[-99.554730841666938,37.488332304181569],[-99.549699553819039,37.489917014806622],[-99.544016867414115,37.492415659023109],[-99.538904789257316,37.495432055721544],[-99.535591954395215,37.497479539868841],[-99.532351775640691,37.49924241769552],[-99.528754286034754,37.500890579683016],[-99.52508651631031,37.502250435165472],[-99.51825652891506,37.504283284187252],[-99.510426356800622,37.505569999511643],[-99.502530423970882,37.505824526112335],[-99.495716253332986,37.505337587815418],[-99.488693350252788,37.503819337924796],[-99.482962135877358,37.502364133994995],[-99.477659865458506,37.501195542279177],[-99.470994395797874,37.499965190772876],[-99.464042652183466,37.498731488154824],[-99.458092163418328,37.497961113073842],[-99.452141592974556,37.497247384924044],[-99.445473268375011,37.496529166426825],[-99.441026980411991,37.496164024223418],[-99.435791017995498,37.495854511608123],[-99.431416636433937,37.495490322080023],[-99.427184889223383,37.495298314386325],[-99.421016789367513,37.494926277375704],[-99.415349453548032,37.494727388148334],[-99.409177523794554,37.494868264724026],[-99.400847378576429,37.495744505202943],[-99.395820704777478,37.496234375332918],[-99.391293227709724,37.497069511701554],[-99.38719787997978,37.497737293829466],[-99.380440236658558,37.49930714139137],[-99.376340475049886,37.500431139627786],[-99.371737881961224,37.501667154776442],[-99.367350592619687,37.502904883128728],[-99.359580008430598,37.505324166717436],[-99.353817347313694,37.507871732908562],[-99.348049353381512,37.510989457033098],[-99.342499117910634,37.513823009270119],[-99.336151784677341,37.517396932398817],[-99.332616909708022,37.519436945203744],[-99.328939652532995,37.521364700285837],[-99.325118565046509,37.523290686860577],[-99.321224125776254,37.525330157626165],[-99.317618313685415,37.527198670940194],[-99.313579836852995,37.529237332282108],[-99.309541876104873,37.531220055864416],[-99.305431451985541,37.533257056243073],[-99.301179843573195,37.535007557762597],[-99.296928981198221,37.536642944256137],[-99.292316901474152,37.538506686452187],[-99.288209314524195,37.540143461648249],[-99.284387790155378,37.541838194980841],[-99.280496410889128,37.54336171430193],[-99.276534305857197,37.544768695569893],[-99.272283719347229,37.546232416501852],[-99.268538570802974,37.547412312077746],[-99.263139043371794,37.548868625165269],[-99.259252432750316,37.549819894327214],[-99.254212337945972,37.551218182445382],[-99.247869918132537,37.553585160206055],[-99.243471372557636,37.555389936855406],[-99.23841600499216,37.558220940677408],[-99.234082761764412,37.560657546801856],[-99.228448174329941,37.56388407290612],[-99.223967194509797,37.566661232532184],[-99.219989644018696,37.569327817239405],[-99.214565688143068,37.572898496766129],[-99.210266199123964,37.578125594399935],[-99.202651098674821,37.578890927029448],[-99.199880796118578,37.575894752517684],[-99.195541971101079,37.576868103826371],[-99.190835053282711,37.574980568075119],[-99.184561359628134,37.574944039319703],[-99.179475575414301,37.572120719363014],[-99.178192010837662,37.568763818066223],[-99.174541540126157,37.56758131071809],[-99.171153617635952,37.562071785516487],[-99.166892848783945,37.557631718113463],[-99.162480329063385,37.553994492067368],[-99.158421804173827,37.550815535979858],[-99.154501294684266,37.548210978619359],[-99.150219136399897,37.545833260797878],[-99.145145936552183,37.543622063309222],[-99.141127815219662,37.54387207579132],[-99.136900729017427,37.542196688568801],[-99.132964186267458,37.541416493791566],[-99.125101315260764,37.54045590475576],[-99.119215089362243,37.544463839747692],[-99.113038450585307,37.546861848355007],[-99.107837978618832,37.550899631498922],[-99.10294837284242,37.551884869302725],[-99.098673928586663,37.550954827475849],[-99.094489613633726,37.552585756670517],[-99.090879339060109,37.554217582581536],[-99.08776628904549,37.556313194875955],[-99.084141453859615,37.559149306382373],[-99.077720415279984,37.561499182632758],[-99.073670244140743,37.565037612747254],[-99.06985669514323,37.567775375867527],[-99.065124362558578,37.569983740775243],[-99.055682521974205,37.57101909650153],[-99.04965602941698,37.569989605122409],[-99.045240014098482,37.568639413669658],[-99.038057486427718,37.568639280818054],[-99.030881398559416,37.568122990866442],[-99.026864200247758,37.567689552569377],[-99.021489970107936,37.56667145909239],[-99.016546022757211,37.565773040828738],[-99.011596592996284,37.565274056484824],[-99.00549803240358,37.564765319531979],[-98.997958674444163,37.564589751290569],[-98.98998831335922,37.564406431988765],[-98.981663951782721,37.563877548142024],[-98.977573401700568,37.563613911641745],[-98.973556443764991,37.563236748252201],[-98.966455197508168,37.562545235481103],[-98.959072322508362,37.561449503674709],[-98.952549424049423,37.56053445797729],[-98.946672720904957,37.55962460900961],[-98.941015341286416,37.558429073318322],[-98.935787587874159,37.557351255893551],[-98.931065716491389,37.556051246137791],[-98.92420706844517,37.553525819858081],[-98.917061816151531,37.550999076298226],[-98.911845400303648,37.549176780988198],[-98.905557415677819,37.546999340187796],[-98.900768600461703,37.545467658529404],[-98.896044964931704,37.544392874016623],[-98.8898837869625,37.543421260206557],[-98.884865633551158,37.542857430054262],[-98.875478251264553,37.541567640802626],[-98.868162135552211,37.541041819754383],[-98.86084168994384,37.540799094141867],[-98.85560450701594,37.540519294709426],[-98.849001147302545,37.540342715634758],[-98.844264751786582,37.540181268073702],[-98.837519840165328,37.539887975392638],[-98.833213905346085,37.539730578924711],[-98.828547642817739,37.53968628983192],[-98.824095704131693,37.53969934786317],[-98.819355658345131,37.539766903003169],[-98.812464550487221,37.539640744384073],[-98.805523504361844,37.538140609398475],[-98.79973578204266,37.536363576177088],[-98.793513631839204,37.534811633645376],[-98.789574554680655,37.534201261189899],[-98.782546084434543,37.533728435576656],[-98.774436538266656,37.533530938442368],[-98.766961295967917,37.534025932354588],[-98.759488188412419,37.534407703659021],[-98.752879358375395,37.534625538211145],[-98.747493370497608,37.534683707611869],[-98.739744523709419,37.534371977913054],[-98.732717757439573,37.532425551151512],[-98.727323530223074,37.529864100594622],[-98.721210069290251,37.527019485901967],[-98.714452256478424,37.524231351119454],[-98.709454785386271,37.522139008446928],[-98.703955774953855,37.5196224045227],[-98.699642415196166,37.517802355621953],[-98.695041494702949,37.515809945010602],[-98.689721551685125,37.51330549543755],[-98.684259510143363,37.511028249304339],[-98.678438911381321,37.508693933072067],[-98.668312907921333,37.506027649604512],[-98.662498582455996,37.505295934801275],[-98.656615095610093,37.50490797671138],[-98.651233358318763,37.504576879385318],[-98.645995270147381,37.504358461149486],[-98.640757356208709,37.503853043602845],[-98.63601744609258,37.502545483803829],[-98.631133439603957,37.500723132927966],[-98.626249099259624,37.498843681646228],[-98.621508072704998,37.496906260931318],[-98.61633267580784,37.493423664181655],[-98.613599505972118,37.49119725977387],[-98.610723596961989,37.488855570539378],[-98.606119200632946,37.484399564746873],[-98.602661444534149,37.479366513977119],[-98.600708855316469,37.474104795020615],[-98.598899648198227,37.468614559938842],[-98.597881965557946,37.463865040598165],[-98.596790832816993,37.458716495046268],[-98.595271085238309,37.453796902841681],[-98.593966055650114,37.448932954609333],[-98.592738539915899,37.445958672456868],[-98.590219313316965,37.442414963364975],[-98.586696787782159,37.438641508796884],[-98.582239030926985,37.433783147863842],[-98.577853630907427,37.428809279192777],[-98.575481763187852,37.426295420217926],[-98.571170805662135,37.422066263197564],[-98.56829718712217,37.419266033155282],[-98.565638555861881,37.416463446133342],[-98.562406477127453,37.41332140236733],[-98.559174782173713,37.410177080074192],[-98.555441639559774,37.407092310850558],[-98.552067082776489,37.404292228867668],[-98.548765951131543,37.401662369167866],[-98.545177237985527,37.398975951164935],[-98.541733692570247,37.396518475413345],[-98.538719553008491,37.394175802275385],[-98.534558486745269,37.393723802432476],[-98.53162092132024,37.389375311398531],[-98.525323819629847,37.384792059066164],[-98.520659603748086,37.382532390669247],[-98.515989215151478,37.381394009618916],[-98.498707818161591,37.377216252877979],[-98.485152783792842,37.375663461932071],[-98.47814419174577,37.374512411643536],[-98.473936999323257,37.374122886069038],[-98.465996098619627,37.372592893323954],[-98.449385963559166,37.373263424202925],[-98.432775529557489,37.373931682410159],[-98.418746018405074,37.373490125498684],[-98.400954228866013,37.375640923685722],[-98.39066036463953,37.375962392933609],[-98.381293283377332,37.377406249682593],[-98.372857967386352,37.379229504302039],[-98.367235410199001,37.379704145198765],[-98.360789871995834,37.379588659836593],[-98.35455928486796,37.379013432678924],[-98.349260175592605,37.378325013389471],[-98.343817502909573,37.377690467676906],[-98.339305910523521,37.376716379230857],[-98.335081235831055,37.37573995963362],[-98.330212735772193,37.374477852947422],[-98.320188321835602,37.372925927851988],[-98.31617936568135,37.371262996841061],[-98.312743119747353,37.369487486941097],[-98.309665926385065,37.367537683576678],[-98.304799580444879,37.364214800098964],[-98.300578392562855,37.360719943810189],[-98.297002553787181,37.356824435826795],[-98.294716128555436,37.352299706024752],[-98.293574962604765,37.347776703186028],[-98.293077806945391,37.344515750054619],[-98.293225797060458,37.339707270846006],[-98.294518073127634,37.335816647445483],[-98.29631137541341,37.331754734395254],[-98.297531504917472,37.328379803891792],[-98.298822741093488,37.32477476677348],[-98.301619012598763,37.31968281280853],[-98.304843301286851,37.314764535189006],[-98.307351200843129,37.310416562102361],[-98.310145029740028,37.306067536166864],[-98.313797832804667,37.301377345715295],[-98.316160440001298,37.298631991215132],[-98.320093589502918,37.293475404081832],[-98.324328390801568,37.29022316568755],[-98.329732488297253,37.287400192234323],[-98.333684590868316,37.284379554657008],[-98.339060713848866,37.279301603119009],[-98.342494474988584,37.276899879662622],[-98.345427906065837,37.274613734370604],[-98.348432238975477,37.272268138867148],[-98.351221850326723,37.269692275312963],[-98.354154754669509,37.266832392638229],[-98.356944058042842,37.263741994885315],[-98.359518271838098,37.260653483716894],[-98.362164402244304,37.257449716321347],[-98.364738430934153,37.254245039526822],[-98.367526937359472,37.250811815819837],[-98.370172891589604,37.247549809619755],[-98.372602970883236,37.244288631259835],[-98.375248258466598,37.240624796082706],[-98.377892495182408,37.236791306661047],[-98.380607864298725,37.232498863062268],[-98.383180196002911,37.22826495365436],[-98.385824084099028,37.223857729681669],[-98.387752898671621,37.219851709355261],[-98.389180825796686,37.215845509371185],[-98.390108762881539,37.212124764348303],[-98.391322662916423,37.207889529686689],[-98.392464404508701,37.203309771681134],[-98.393034435389978,37.198616329654513],[-98.393032873614317,37.19432583337408],[-98.392031925266565,37.190318422937516],[-98.391102213647798,37.18613998230105],[-98.390457597926783,37.181904564366398],[-98.390550713232088,37.177835349175581],[-98.390796853877134,37.17296861180472],[-98.391045546362719,37.167933304763025],[-98.39116258574883,37.162378333970182],[-98.391282723777351,37.156709512259745],[-98.391227585766927,37.152528219299434],[-98.390618721846081,37.147536587158015],[-98.389707277722877,37.143344339620441],[-98.388851042028406,37.139896386397417],[-98.387292815844503,37.135922205118362],[-98.385402492409867,37.130742644234516],[-98.383950799410869,37.125110314267317],[-98.383123440240652,37.120343860327992],[-98.382908754853077,37.116962455918795],[-98.383035189721568,37.111006592191991],[-98.383124037206414,37.106826890064369],[-98.383337655017414,37.103452631681954],[-98.384240713257199,37.097908827887927],[-98.385700263555208,37.093003509535606],[-98.387724828476124,37.088389379303116],[-98.390191938594526,37.08309691984681],[-98.393228462434507,37.077869000204053],[-98.395143786769808,37.075032306655679],[-98.397268560708554,37.07236774982087],[-98.401868422706187,37.067390911939391],[-98.404558489241253,37.065019606733813],[-98.407459773507654,37.062766810237044],[-98.410292571874947,37.06034343409182],[-98.413124833546533,37.057974689302995],[-98.417390976714401,37.055156487956239],[-98.424345011845105,37.049169593933378],[-98.429446164037699,37.043957195790703],[-98.431845914978879,37.040048850424277],[-98.433189532337551,37.0378412219194],[-98.435709896494231,37.032579988951412],[-98.438586259666309,37.0273204775891],[-98.44095551377049,37.023775186939787],[-98.444683020717122,37.019434573144366],[-98.44769865844664,37.014747795251218],[-98.447914147270566,37.014289245969088],[-98.449870907930332,37.01212586103469],[-98.450923052110568,37.011091217115897],[-98.45528595953806,37.007897941221408],[-98.457143818422722,37.006928302760208],[-98.461786435768119,37.005051532675239],[-98.463571383653061,37.004541963782337],[-98.467710714624161,37.003465332837649],[-98.469138261861062,37.003238624244702],[-98.470778659756149,37.003014232468239],[-98.476556397239406,37.002458398490631],[-98.477341273666653,37.002345223589472],[-98.478552880691126,37.002350489392015],[-98.486111409542815,37.002198464305287],[-98.48746555820864,37.002201811303571],[-98.49709593971572,37.000909365862078],[-98.505296457289958,37.000528597241129],[-98.514563853368557,37.000781240459396],[-98.516061470686722,37.000782402790207],[-98.527541608401108,37.000352930664128],[-98.545935014920417,37.000851513093167],[-98.547788592805176,37.000855944630388],[-98.552421478710514,37.001265894198134],[-98.553277029475325,37.001268996968527],[-98.559122549643163,37.001509082442205],[-98.559835691352461,37.001624529721866],[-98.562259000350593,37.001743889907949],[-98.565178799530784,37.003124906254612],[-98.565320837195031,37.003352905724682],[-98.566243873256639,37.004731668300302],[-98.566242850697535,37.005017382002151],[-98.566522394545544,37.007137454145209],[-98.566232698347989,37.008796420801794],[-98.566141061511246,37.009049470996949],[-98.565154982931659,37.011772291435165],[-98.563650709432935,37.014005000063712],[-98.56322236572062,37.014347770055515],[-98.561932587134649,37.016405165039167],[-98.561360308704792,37.017092471378199],[-98.559138687262035,37.020868142914793],[-98.556702565000066,37.024757675443844],[-98.55254785223535,37.030991336633612],[-98.550325200553928,37.035053640239482],[-98.548529244389442,37.037663891027989],[-98.551133214585889,37.037523024151014],[-98.553242428558008,37.037408122310524],[-98.553599538268813,37.037294580335669],[-98.55887687153637,37.037591373025165],[-98.559305261010223,37.037649267098878],[-98.559947289239318,37.037708195160377],[-98.560375161443602,37.037709171261071],[-98.564866490793918,37.038463195032733],[-98.565080818664327,37.038464208654595],[-98.569928685292865,37.039560881355278],[-98.570356059247104,37.039675662977395],[-98.570713002073688,37.039677007291509],[-98.577272044882847,37.041063953404922],[-98.579338882199821,37.041697239766393],[-98.580194631869688,37.04187203802028],[-98.585682382578057,37.04377023117226],[-98.586537797471394,37.044000772345534],[-98.586965359511183,37.044232675700989],[-98.590813590845244,37.04601506544153],[-98.592310106584506,37.04664698466037],[-98.594234286215396,37.047337797977491],[-98.600006680615209,37.050154362464816],[-98.600861968752923,37.050326818045306],[-98.607921513063687,37.051999315573667],[-98.609276979345466,37.052232323241526],[-98.61077487662098,37.052347283098882],[-98.620547750117439,37.053106657966886],[-98.622117330122862,37.053109426957008],[-98.627253991683773,37.053117267975068],[-98.628895434304042,37.052948775689366],[-98.635888593770275,37.052386842779249],[-98.6378861832479,37.052217146295199],[-98.638957290235851,37.051931486490957],[-98.645523760080593,37.050450906273646],[-98.64737960704943,37.049937076391053],[-98.65273281636378,37.048054100090496],[-98.653803725753917,37.047655623961376],[-98.654732390519513,37.04713970185437],[-98.660157862938931,37.044570700094738],[-98.661371577009177,37.043941324933321],[-98.666726985551279,37.040739655076287],[-98.668225776834149,37.039824906848388],[-98.668726467870314,37.039310508219778],[-98.675079553738584,37.035994886819452],[-98.676149900485086,37.035310519371755],[-98.681147063564282,37.032279010930445],[-98.68257495229426,37.031478355615874],[-98.683502411421472,37.030791486569399],[-98.688355865081064,37.028104396827089],[-98.689926264951296,37.026902027808134],[-98.69106891649426,37.02598824090586],[-98.694279859977684,37.024615348856358],[-98.695563532835493,37.024102344455486],[-98.697133690802772,37.023301686649781],[-98.702200000097434,37.020499882116972],[-98.703128287985422,37.019755905522835],[-98.704198855142124,37.018724116144689],[-98.708550929631983,37.016439158622788],[-98.710334470407034,37.015579961340762],[-98.711476440055918,37.014951643598451],[-98.717040627635654,37.012318808920803],[-98.717967951970294,37.011920719162063],[-98.722247247817833,37.010148007663709],[-98.723673668530452,37.0096325985782],[-98.724672542418119,37.009116754099843],[-98.727668423947776,37.007629491543007],[-98.7289523819734,37.007173017695308],[-98.735513166962704,37.005228796146717],[-98.736226311290238,37.005000614441983],[-98.737296062038197,37.004715210154735],[-98.741574787280271,37.003685106945987],[-98.742501756342449,37.003457574384939],[-98.746994101592563,37.002313045469656],[-98.749062063566527,37.002029389124516],[-98.751129575154565,37.001627388968053],[-98.757261539377282,37.001058946650978],[-98.758117301408873,37.000772655695634],[-98.764819439257749,37.000201949726609],[-98.766031499374421,37.000202091584285],[-98.77130757707873,37.00025969223249],[-98.77202037697559,37.000261188648601],[-98.773375000266086,37.000376281700731],[-98.779506853217811,37.001007626368633],[-98.780790144240711,37.001120923407719],[-98.787349811331339,37.001867027627441],[-98.788062680276042,37.002040300886108],[-98.789274944327943,37.00221095328623],[-98.795406972155476,37.003986591830532],[-98.796547948627136,37.004445680443638],[-98.800470026215379,37.006107044246477],[-98.801396938346329,37.006392470138941],[-98.805390597454377,37.007881248308848],[-98.806175158688148,37.008166610272582],[-98.806531898283055,37.008397167156815],[-98.808885404284368,37.009715225375004],[-98.809741357177998,37.010171881921913],[-98.810169216721462,37.010401899528901],[-98.816160474969564,37.013379582122894],[-98.817159101576777,37.013836195230887],[-98.822366009576882,37.016012659016269],[-98.823293417726731,37.016412872757805],[-98.823792844048555,37.016643399756703],[-98.826788619215549,37.018130266884178],[-98.827502155629688,37.018474065400007],[-98.832425108545863,37.021221490658476],[-98.832924409482104,37.021451962343242],[-98.837062486377988,37.023454222436712],[-98.837633228141797,37.02368299709557],[-98.838132501753762,37.023855413708638],[-98.843411534659992,37.025513654603067],[-98.845408938616075,37.02591530638621],[-98.85075963530366,37.027574898297139],[-98.852115538074528,37.028087540531125],[-98.856609795685429,37.029059490812905],[-98.85746574708449,37.029345047492917],[-98.861318363408287,37.03026056948223],[-98.862602570809315,37.030431044447852],[-98.863102045942966,37.03054644592634],[-98.866740664629717,37.031345214554342],[-98.868024929409387,37.031687506878427],[-98.868595766706179,37.031803421164931],[-98.869237971961368,37.032031477460229],[-98.873447216330575,37.03283099503119],[-98.874803014816493,37.033288709278089],[-98.879297906212898,37.034259813732142],[-98.880225646699941,37.034429660010986],[-98.880725008673906,37.034430026462339],[-98.887502661990197,37.035283895274894],[-98.88900062202417,37.035454547828699],[-98.894636609633551,37.03596695617491],[-98.895135923648979,37.035965055519178],[-98.898631440561545,37.036191495480985],[-98.899773094764271,37.036248929599459],[-98.900200960312915,37.03624870250416],[-98.903125915050765,37.036418400212391],[-98.903553881022191,37.036415929361581],[-98.906620768669512,37.036183676625804],[-98.907120027404105,37.036185061787776],[-98.908475065962833,37.036068736029257],[-98.909401883057811,37.035838823732554],[-98.909900877508093,37.035610291194388],[-98.913039393252333,37.035492220430129],[-98.913396046222019,37.035490308259753],[-98.917889509974998,37.03537180888371],[-98.918246065193131,37.035372135677683],[-98.923380104023366,37.034337241966206],[-98.923807892640056,37.034163930182096],[-98.92715820960278,37.033072715079001],[-98.927728420908522,37.032899271764009],[-98.928156139712698,37.032840912634995],[-98.928655252372877,37.032726139526424],[-98.930580078918283,37.032150422443529],[-98.931007364823074,37.03186435806068],[-98.933143445637356,37.030028933084388],[-98.933357003275475,37.029743610636167],[-98.933498825908543,37.029398618420458],[-98.934637049886916,37.027965784615461],[-98.93477881802562,37.027623021251756],[-98.934920955388918,37.027164196374258],[-98.935203368785224,37.025845880592485],[-98.935202290446796,37.025444090986277],[-98.935201279788473,37.024930708088547],[-98.935481022611953,37.022122410012656],[-98.935479827410006,37.021721727053141],[-98.9348323490306,37.018973948914983],[-98.934403283663329,37.018344827601439],[-98.933542676165985,37.016111148047536],[-98.933399773817655,37.015768608880691],[-98.932827347538222,37.015024660913838],[-98.931896024840228,37.012848492014022],[-98.931466922357814,37.012276293153825],[-98.929965459700611,37.010215517457389],[-98.929893595793217,37.00998844890789],[-98.92939346770784,37.009530683978355],[-98.927179242031031,37.007642309379349],[-98.926537084295603,37.007355396453129],[-98.926306735554377,37.007223691038924],[-98.925537640972294,37.006784723182619],[-98.923966856234088,37.0057546260973],[-98.923253130658864,37.005411392335013],[-98.921762541131244,37.004526656777067],[-98.920856757860633,37.003891163233021],[-98.920101649534317,37.003394891158301],[-98.919070988264224,37.002647456862405],[-98.9183237124535,37.001829523059754],[-98.917473641349957,37.000997355427849],[-98.916655096286021,36.999923312350916],[-98.916276990417941,36.999541346171121],[-98.907608364729398,36.999515474016036],[-98.905053819157956,36.99951547406242],[-98.892817451887154,36.999415475228531],[-98.880590176791003,36.999315476009393],[-98.88001744952193,36.99927002151108],[-98.875381084609813,36.999270021600893],[-98.870635628270051,36.999288203699969],[-98.869462901271945,36.999288203964163],[-98.851699259889841,36.999460931502611],[-98.851508351455251,36.999424568109085],[-98.850217442089502,36.999433659040484],[-98.846262895376455,36.999451840943195],[-98.835371982910388,36.999415478591473],[-98.834990164569561,36.999415478556337],[-98.834517437103969,36.999415478371191],[-98.816808342634999,36.99932457033065],[-98.811844704418021,36.999306388866707],[-98.797462883189709,36.999233662246773],[-98.793717427117741,36.999233662469244],[-98.791944699836094,36.999260935249353],[-98.779426514427314,36.999370026466451],[-98.771581058575663,36.999397299717238],[-98.761608328864014,36.999433664152299],[-98.750371961432151,36.999333664968788],[-98.750017416967793,36.999342756162001],[-98.747671961104999,36.999360937521836],[-98.74348105098197,36.999251847207127],[-98.743162868905642,36.999251846725819],[-98.72512650081363,36.999188211312223],[-98.7234083186421,36.99918821158608],[-98.722926501039581,36.999051848497764],[-98.721726499989217,36.998960939040018],[-98.72124468203728,36.999115484711758],[-98.718471953934923,36.999188211858566],[-98.7145174071089,36.999070030204635],[-98.714444680512671,36.999051848728264],[-98.707281042085384,36.999051848901253],[-98.694408311048932,36.999124577466802],[-98.691544674356948,36.999106395355753],[-98.690699219947973,36.999097304814448],[-98.689444673756483,36.999170032298188],[-98.689008310089164,36.999079122978323],[-98.687781036979672,36.9990518500177],[-98.684335581296907,36.999024577583135],[-98.671253759810185,36.998915487444336],[-98.667235577013543,36.998933669622353],[-98.659326484591901,36.998870033413162],[-98.658681030303313,36.998860942427662],[-98.651881028503567,36.998879124663695],[-98.649562845863429,36.998951852533338],[-98.635690114508321,36.998879125954538],[-98.628562839964161,36.998906398837725],[-98.625371930039307,36.998924581156992],[-98.622253748480929,36.998942763086774],[-98.617271928381911,36.998970035416328],[-98.614071927279312,36.998970035944559],[-98.613799200292902,36.998970036489119],[-98.60419919742597,36.998979127648511],[-98.603426470398816,36.998970036425312],[-98.599262833060777,36.998951854970976],[-98.596844650139872,36.998960946145054],[-98.587017375902093,36.998979128291793],[-98.581326465246164,36.99897912876726],[-98.581190100739605,36.998979128772902],[-98.568799188956362,36.998960947642267],[-98.567717370633147,36.998960947471168],[-98.563181005380983,36.998933675529877],[-98.544881000934225,36.999006403568977],[-98.526862814834061,36.998979131395771],[-98.523344632380599,36.998924586475539],[-98.510871902118936,36.998724587593451],[-98.509026447060549,36.998697314920612],[-98.508080991703764,36.998688223651634],[-98.504062808808669,36.99867004220301],[-98.503653717585436,36.998660951382071],[-98.501744626842353,36.9986245878411],[-98.490217350830548,36.998560952122844],[-98.489480987337544,36.998551860832912],[-98.485508259516834,36.998506407138322],[-98.482935531073238,36.998506406822457],[-98.476599165926444,36.998497315935175],[-98.475817347103344,36.998479134433325],[-98.474862801336371,36.998460952682279],[-98.4735082563856,36.998442770882576],[-98.472799165200485,36.998424588887481],[-98.470799164386847,36.998497317098398],[-98.469017345274779,36.998488225871554],[-98.464171889457248,36.998470044795425],[-98.458017342895374,36.998451862982854],[-98.4547264326701,36.998388226820445],[-98.450880977264347,36.99837913617241],[-98.438771883622806,36.998360954394187],[-98.436490064906081,36.998406409523646],[-98.431726426974549,36.998442773494375],[-98.42021733384604,36.99852459254425],[-98.419053696611229,36.998533682837291],[-98.418280968840506,36.998542774275869],[-98.409162784740218,36.998524592557978],[-98.408999148644369,36.998524593197267],[-98.408880966998083,36.998515502111218],[-98.406517330162629,36.998506411243177],[-98.390935507578675,36.998415502607031],[-98.375362776814498,36.998324594707498],[-98.367726410592823,36.998070049345458],[-98.363890046537648,36.998042776697901],[-98.363553682994521,36.998042776827191],[-98.363462773077572,36.998042776935165],[-98.360944591549696,36.998024595757286],[-98.354080952887827,36.99797005078927],[-98.34803549706244,36.997970050309611],[-98.347190041634676,36.997970050540289],[-98.346199132905554,36.997970050824478],[-98.335726402735318,36.997906414713],[-98.328044583086722,36.997860960759844],[-98.309962760349308,36.997751870784761],[-98.309544578566445,36.997724598587943],[-98.300471849003401,36.997688235213651],[-98.296771847062374,36.997697325989236],[-98.291908209767755,36.997697326481237],[-98.273726386927009,36.997715509523537],[-98.263617293576473,36.997724600683036],[-98.253499109320401,36.997733692014016],[-98.250353653940181,36.997715510552943],[-98.237717287715242,36.997979148061006],[-98.232962135631041,36.997941428501569],[-98.219508192106218,36.997833694296048],[-98.209780916766206,36.997979149579976],[-98.209717279843034,36.997979149078191],[-98.208226370942825,36.998006422299312],[-98.204216129280169,36.997984611855543],[-98.201553641351992,36.997970058514866],[-98.2010718233565,36.99797005911261],[-98.19216273007784,36.997970059747701],[-98.190508184112801,36.997997332355148],[-98.190390002143431,36.997997332671339],[-98.187117274290415,36.997997332228138],[-98.184144546898239,36.997997332565447],[-98.177608181095096,36.998015515038084],[-98.164226359727536,36.997942788385565],[-98.160699086467304,36.997988243334156],[-98.156362721323248,36.998051879671053],[-98.153099083899093,36.998097334040139],[-98.14746271923282,36.998170061966242],[-98.146371809687182,36.998170061815124],[-98.142271808542318,36.998170062000305],[-98.129562714081331,36.99816097198277],[-98.129389987122366,36.998097335555762],[-98.128189986356304,36.998115517616185],[-98.125353622395934,36.998115517820409],[-98.119689984676825,36.998124608857744],[-98.111989982496226,36.998142790975578],[-98.10997180009791,36.998142791097656],[-98.109635436835191,36.99814279110435],[-98.107408163464669,36.998142791788993],[-98.093471796064748,36.998124610564609],[-98.0934172506675,36.998197337740734],[-98.091708159827363,36.998197338199006],[-98.075235428261379,36.998170065617394],[-98.07508997320943,36.998270066314468],[-98.073580882005828,36.998270066432603],[-98.072371791308399,36.99826097559972],[-98.069708153463367,36.998251884256511],[-98.068626335433436,36.998251884823063],[-98.057053605761936,36.998224612825865],[-98.046662693005416,36.998315522076517],[-98.045353601805587,36.998333703840196],[-98.040553600764937,36.998424613737775],[-98.039899055323232,36.998351886561203],[-98.03869905460553,36.998351886202798],[-98.037271781808101,36.998351886693641],[-98.036362691065648,36.998351886232768],[-98.036299054167515,36.998351886301606],[-98.035962691118272,36.998351886433483],[-98.034935418210551,36.998379158809328],[-98.034799054554711,36.998379158814849],[-98.034580872034653,36.998379158871863],[-98.03396269075219,36.998370068261664],[-98.030226325304312,36.998351886976771],[-98.02864450693545,36.998360977748014],[-98.021199050391161,36.998397341517453],[-98.020108141046052,36.998451887368006],[-98.019462686859086,36.998488250518697],[-98.010844502987339,36.998470069749281],[-98.002962682034408,36.998460979001223],[-98.001480863944877,36.998479160949849],[-98.000344499824209,36.998497342892357],[-97.996671772286476,36.998570069952159],[-97.985026314462104,36.99844279792616],[-97.980753586122432,36.998460979926598],[-97.968226310270722,36.998506435814463],[-97.966499036470438,36.998515526281722],[-97.965389945749223,36.998533708133863],[-97.958735398063553,36.998633708663526],[-97.956771762166667,36.998651890386398],[-97.950408123352958,36.998670072613251],[-97.949199032174448,36.998679164163505],[-97.947208122568881,36.998742800658043],[-97.941253575691633,36.99872461915006],[-97.931108119016642,36.998697346807788],[-97.929426299890636,36.998742801781454],[-97.927189935411548,36.998733710346364],[-97.912926295465397,36.998651893047352],[-97.911444477593207,36.998715529580011],[-97.906089930288701,36.998733711601403],[-97.898335383472002,36.998760985047298],[-97.894853563968184,36.998670075695095],[-97.894699019054642,36.998670076032674],[-97.892262654442916,36.998688258118811],[-97.876444468159704,36.998633713366935],[-97.875980832249255,36.998660986525302],[-97.875344467990075,36.998697349435893],[-97.874462649999998,36.998779167856142],[-97.86788992100908,36.99875189548974],[-97.863071737931435,36.99873371432659],[-97.85853537308715,36.998715532633213],[-97.840871731828059,36.998788260586224],[-97.838217185913976,36.998860987953655],[-97.822599000699313,36.99872462587976],[-97.820198999132813,36.99881553451857],[-97.816808089491815,36.998806443754042],[-97.804562632178346,36.998770081178968],[-97.80230808636712,36.998724626962208],[-97.796998993514265,36.998751900049548],[-97.78663535433968,36.998806445374463],[-97.783498990316232,36.998851900577712],[-97.783444444628245,36.998970082616523],[-97.768717168800052,36.998760992361376],[-97.765198985600804,36.998806447083439],[-97.750771708972763,36.998770084023029],[-97.750335345174136,36.998788265830527],[-97.746880799133663,36.998760993383279],[-97.732644432123635,36.998688266672872],[-97.729253522465754,36.998760994345062],[-97.728744431497901,36.998742812938147],[-97.715553518471523,36.998879177047179],[-97.714608063232092,36.998851904214739],[-97.71040806237265,36.998833722774364],[-97.697108059012805,36.99883372312101],[-97.692189875653582,36.99886099637073],[-97.678698963316165,36.998924633780256],[-97.678389873160299,36.998924633625961],[-97.673335325519375,36.998915542772032],[-97.670271689151562,36.998915542930646],[-97.652126229354252,36.99896099840177],[-97.650471683874329,36.99900645298311],[-97.648644410676553,36.99903372647146],[-97.64768077356868,36.999033725724424],[-97.642544408927705,36.998942817217277],[-97.637144407133448,36.99909736344015],[-97.625335314013839,36.998888273201239],[-97.608880764481029,36.998697364389344],[-97.607589854088801,36.998679183020073],[-97.606562581368792,36.998688273807083],[-97.602508035557534,36.998733728240111],[-97.584262575755432,36.998624639079218],[-97.582471666809226,36.998697365781659],[-97.570480754013218,36.998651912577479],[-97.570226209220166,36.998606457545584],[-97.564544389515873,36.998715549082206],[-97.560353478655387,36.998742821759528],[-97.559362569505311,36.998742822251792],[-97.548362566775964,36.998724640614114],[-97.546508021240996,36.998751913346105],[-97.545908020510439,36.998715549511473],[-97.543026201334229,36.998742823157919],[-97.538998928377183,36.998742823194242],[-97.531880744339674,36.998751914659877],[-97.529126197852449,36.998751914237999],[-97.527298925169816,36.998761005583347],[-97.516480740045523,36.998797369471085],[-97.510317102547603,36.99881555149247],[-97.500335281668583,36.99876100668105],[-97.49856255434301,36.998679188683298],[-97.497253462527723,36.998724643619084],[-97.491944370540793,36.998706462133164],[-97.480608004542518,36.998751917427462],[-97.472871638323568,36.998724645104325],[-97.465235273198871,36.998697372509135],[-97.462289818074836,36.998688282171067],[-97.450589814109762,36.998788282849027],[-97.444626176381519,36.998742827787844],[-97.436862538023789,36.998761010082724],[-97.426617080819298,36.99878828338921],[-97.42448980785359,36.998788284016115],[-97.418826169503049,36.99877919324333],[-97.410298895279581,36.9987791940544],[-97.408835258945786,36.998779193637063],[-97.400907983836916,36.998779194446335],[-97.400335256378582,36.998770103208457],[-97.390571617441282,36.998842831255388],[-97.38493525251063,36.998851922588344],[-97.379662524256887,36.998851923067491],[-97.375335250126668,36.998861014017137],[-97.372426157828471,36.998870105021851],[-97.36493524683668,36.998888287476134],[-97.355180698929047,36.998870105817616],[-97.354407972058894,36.998797378940552],[-97.346762514955998,36.99882465204319],[-97.342762514082665,36.998851924579334],[-97.342717060213573,36.998851924738723],[-97.342626150207067,36.99885192503146],[-97.336880694033638,36.998779197741115],[-97.334944330773553,36.998806470618469],[-97.318762508147202,36.998742835298209],[-97.31046250628394,36.998833744725296],[-97.307717050605902,36.998833744505731],[-97.300898866943925,36.998833744900857],[-97.295535228967211,36.998861018504329],[-97.292162500798796,36.998870109568088],[-97.282717044666299,36.998870109971122],[-97.273898860302751,36.9989337467049],[-97.265626130522662,36.998888292711761],[-97.259680674628868,36.998861020481272],[-97.255835219494045,36.998842838495698],[-97.250326127436352,36.998879202586302],[-97.246471580956012,36.998861021006171],[-97.239617033502213,36.998861021038017],[-97.237735214921827,36.99888829412604],[-97.235526122674457,36.998888294421143],[-97.228571575619711,36.998888294243294],[-97.225726120785367,36.998915567898429],[-97.225080665367003,36.998915567300763],[-97.219926118691419,36.998942840283569],[-97.21050793510004,36.99891556867253],[-97.202817023927324,36.998979205595454],[-97.202007932435365,36.998988296038767],[-97.192335203513309,36.998942842010848],[-97.183889746610646,36.999015570135285],[-97.181189745883287,36.99900647889848],[-97.174298834519462,36.99898829808027],[-97.165907923079459,36.999051934680537],[-97.156289739186136,36.999006480617766],[-97.14772610047801,36.999115571413192],[-97.138280643747763,36.999070117409069],[-97.129753368338626,36.999133754263788],[-97.129307913743972,36.999124663498883],[-97.125326095229738,36.999061027899565],[-97.122607912211535,36.99904284592521],[-97.121289730482744,36.999033755181252],[-97.12028972994402,36.99902466410078],[-97.11755336556152,36.999033755598887],[-97.115826092063159,36.999042846168948],[-97.111616999926582,36.999070119120184],[-97.104280634911703,36.999024665421153],[-97.101089725099357,36.999006483551248],[-97.100662452056596,36.999006483135929],[-97.0935806326641,36.999006483650348],[-97.089398812562507,36.998988302730289],[-97.075662445235906,36.998942848550364],[-97.075389718952692,36.998942848632552],[-97.069298807776846,36.998942849096899],[-97.057398804725793,36.998942849583479],[-97.045589710861151,36.999033759251908],[-97.042016982236518,36.999033759299827],[-97.039789709713062,36.999006486519427],[-97.039307891310941,36.99900648694512],[-97.030089707248308,36.998933759991793],[-97.028235161324289,36.998961032601692],[-97.0125442476713,36.999133761288114],[-97.011826065701484,36.999061034104564],[-97.008862428590461,36.999061034374549],[-97.000326062478237,36.998997398425871],[-96.993516970218309,36.999024670896269],[-96.985471513934513,36.999042853785618],[-96.977107875133058,36.999024672171352],[-96.976807875280812,36.999024672082321],[-96.975571511333641,36.999024672406058],[-96.967380599995778,36.999070126992109],[-96.957507869907232,36.999051945923057],[-96.949316959238033,36.999097400817803],[-96.93981695606675,36.999051947037003],[-96.939498774015391,36.998988310660536],[-96.939271501903733,36.99905194716505],[-96.934653318808046,36.999079219760752],[-96.925535134338659,36.999133765608676],[-96.924944225318171,36.99913376552685],[-96.924107861119836,36.999142856777169],[-96.921926042846721,36.999161039023669],[-96.918978513608636,36.999177714132784],[-96.918806989193016,37.000138530007419],[-96.918107040926586,37.008159262146123],[-96.919333720313631,37.01531580312755],[-96.920538531953341,37.020681829687341],[-96.922904403263274,37.027830717681269],[-96.926387488076443,37.033178153275323],[-96.933265605538864,37.036708668858303],[-96.942411063451516,37.039325281605301],[-96.951591355608571,37.044628520603844],[-96.959737463820346,37.058000891180704],[-96.961897073786261,37.068090241012776],[-96.962287952787378,37.075029740677905],[-96.962483236080701,37.078495556890672],[-96.959035010839969,37.092046575958733],[-96.95351912097982,37.106422528634532],[-96.948183982708443,37.11241625814344],[-96.943094131434293,37.111508903239248],[-96.932833764191301,37.11752235921729],[-96.930246783400094,37.120541069213949],[-96.927661210557986,37.12321827679316],[-96.925003270857459,37.126064464802319],[-96.922124901413724,37.129941931099559],[-96.920744778226918,37.133765583061795],[-96.920862112590967,37.137884593648728],[-96.922120983605794,37.142119857060749],[-96.925301690721909,37.147281949435992],[-96.927498927923665,37.149920246214144],[-96.929839325736893,37.152504955054511],[-96.932249572506819,37.155316675610408],[-96.934803714628401,37.158071434765674],[-96.937071676724017,37.160826147150999],[-96.939197731144517,37.163521657372662],[-96.943381630297594,37.168515952412072],[-96.945579095526696,37.171268798314074],[-96.949260925864507,37.176717512981455],[-96.950886005755805,37.17969785965245],[-96.952865387285641,37.183251035230484],[-96.955128099593111,37.187319571816154],[-96.957536813761479,37.190761071743424],[-96.959519304241908,37.193798721270397],[-96.962703313079032,37.199243107601305],[-96.964114281333124,37.202338767412122],[-96.965166180819608,37.205831051852648],[-96.966287627400689,37.209780119906704],[-96.967052598708676,37.213498928563617],[-96.967747822545292,37.216933789905553],[-96.969285898330213,37.223057110330252],[-96.970409328837974,37.226607864366812],[-96.972176688842211,37.230103264101686],[-96.974231787443316,37.233198064231885],[-96.976718017625686,37.236010440973899],[-96.979490298658192,37.238880710024617],[-96.982762502480156,37.241694435541355],[-96.986750675076607,37.244454255839365],[-96.991027360589641,37.246816725142004],[-96.99494759525318,37.248946527495654],[-96.998654914011155,37.250848182677217],[-97.002006212202218,37.252633301472564],[-97.005710914165633,37.255047906308761],[-97.009203670876673,37.257118352279512],[-97.012552419182683,37.259532357149041],[-97.015613299508644,37.262230923228543],[-97.018815413137361,37.265330957038636],[-97.022015818771834,37.268829173591605],[-97.025072212942817,37.272616323151496],[-97.027913109793062,37.276627206671478],[-97.030253878089326,37.280524008724967],[-97.032096303160742,37.284075886313154],[-97.033441279050109,37.287110961549061],[-97.034784702574754,37.290318988923069],[-97.036830126626597,37.296328790164473],[-97.037529162700409,37.299818922432848],[-97.03786782109087,37.303881043951272],[-97.037848049924392,37.308111349744401],[-97.036822462150482,37.313083140369535],[-97.036226217959069,37.318056825919726],[-97.036353570976374,37.321374452050399],[-97.036478119770777,37.32526323576829],[-97.036673659938145,37.329265209441601],[-97.037143608950487,37.335899694803487],[-97.037051864188214,37.340073666210444],[-97.036817667681433,37.344190823060224],[-97.03644328272253,37.347620904393118],[-97.035709486427876,37.35127604735117],[-97.034975374186814,37.355049422034305],[-97.034384403825243,37.3589353462216],[-97.033646200160973,37.363506322440635],[-97.032762513882687,37.368592814701501],[-97.031738428076011,37.373107044094809],[-97.031000981264285,37.377393534662616],[-97.029690201351173,37.381848829185024],[-97.028813936634265,37.385389083013891],[-97.02728141500188,37.391102284837714],[-97.026334862587149,37.394245969508894],[-97.025088497950307,37.40001583329402],[-97.023556001005815,37.405728955250929],[-97.022679626961846,37.408983551753415],[-97.021515988361372,37.412526134771028],[-97.020712296680287,37.415667443800956],[-97.01983224536248,37.419667165622293],[-97.018805713586289,37.424293911713548],[-97.01799131416999,37.429437580235344],[-97.01717690898154,37.434581212486073],[-97.01650804634663,37.439153622489613],[-97.015769775129755,37.443380793647734],[-97.015320427942456,37.44715486924467],[-97.014941972008543,37.451155920562883],[-97.014849479373623,37.45521482934722],[-97.014827435353737,37.459389107052104],[-97.015022909397317,37.463221380066862],[-97.015289393484807,37.467224834534633],[-97.016055844146805,37.47145721773196],[-97.017110949971666,37.475522083426959],[-97.018596735567556,37.479471823101257],[-97.020153031858854,37.48365293706302],[-97.021711784159876,37.48726179662976],[-97.023197888994957,37.491269447957947],[-97.024462266942464,37.496590724758811],[-97.025728001535711,37.501570644698518],[-97.026567271899253,37.505919459856308],[-97.027621803103017,37.510096855863971],[-97.028533677237334,37.514216381240381],[-97.02930086432967,37.518679547496035],[-97.029063276660182,37.523138920585517],[-97.028396135913937,37.527368809865074],[-97.027154190327252,37.531881282875261],[-97.024183961632389,37.537416661725985],[-97.021214395680346,37.542722175027876],[-97.018534698304805,37.547458518524131],[-97.016214537223462,37.551909618160884],[-97.013676646256926,37.55681975845804],[-97.011641637105626,37.561729031555394],[-97.009747982634195,37.566867965964526],[-97.008070146509525,37.571892447877175],[-97.006894502498739,37.57692053361545],[-97.005645079080594,37.582290524791766],[-97.005116286335877,37.587148165746306],[-97.004949016697267,37.59160903787442],[-97.004779800742668,37.596353256652343],[-97.004753137812102,37.60127141591466],[-97.004725373441957,37.606472892812668],[-97.005056540280435,37.611620086470914],[-97.005892183879538,37.616541145697731],[-97.007303114690686,37.621407248668042],[-97.008572586799673,37.625814940838268],[-97.009200095239223,37.629476128304603],[-97.007301385312687,37.635072287169656],[-97.004482201296668,37.638264474573305],[-97.001809236035555,37.640826289819017],[-96.998191536360409,37.645273045640025],[-96.996522376196111,37.648239209732147],[-96.994993284386936,37.65183553030171],[-96.993750478531453,37.655662613668753],[-96.993010927391239,37.659318268055301],[-96.992773775938005,37.663205171101644],[-96.992966837277692,37.667322810869351],[-96.993734468391466,37.671442448956327],[-96.994649461079376,37.674935155062528],[-96.995779681052397,37.678596717243167],[-96.996550933725885,37.682089453996667],[-96.996962086955961,37.685750191239876],[-96.997296904244649,37.690269301386436],[-96.997773948727286,37.694959010389177],[-96.998324383678792,37.699476344003678],[-96.99894717592079,37.70399755567243],[-96.99978581975968,37.708347411015112],[-97.000983692088283,37.712866116914476],[-97.002325538850528,37.717390309528092],[-97.003741241476675,37.721626091815196],[-97.005013167498291,37.725806167084947],[-97.006071707526417,37.729696849771017],[-97.007258992137778,37.736277918981905],[-97.007817289994051,37.73936740146992],[-97.008374110904896,37.742857336756188],[-97.008629500066476,37.748861597099591],[-97.008322528948781,37.752348604169612],[-97.00758095133942,37.75640582546233],[-97.006549159700413,37.760860273054291],[-97.005809442624624,37.764573908468087],[-97.005501240454947,37.768175817058712],[-97.005338006458004,37.771662719444819],[-97.005882144814649,37.777555257249986],[-97.00672738159588,37.780987005220595],[-97.007931238545126,37.784594254757799],[-97.00949372051025,37.788545405873116],[-97.010910942776718,37.792782164595017],[-97.012254670878704,37.797305042253427],[-97.014678741895864,37.801888090466839],[-97.017245918557578,37.806700780773674],[-97.019672936660683,37.810769515780301],[-97.022386174498791,37.815296450011608],[-97.024886263490956,37.819308676619364],[-97.027314193196148,37.823319251293078],[-97.029814612965978,37.827389390835798],[-97.032029217704064,37.831055892938259],[-97.034099107068741,37.834780451895313],[-97.035953080476901,37.838617239249722],[-97.037948597246071,37.84285658583142],[-97.039942872909094,37.847550928571287],[-97.041721914329912,37.852017313245696],[-97.043431650147838,37.855967892360411],[-97.044925622723724,37.85986114924583],[-97.046275519600016,37.863812492353226],[-97.047550841708656,37.868276410495405],[-97.048539032383559,37.872455042277508],[-97.049383927663143,37.87651775550971],[-97.049868729635165,37.880577972338259],[-97.050199190591883,37.88663937821994],[-97.049882972438908,37.892186551196517],[-97.049289458051078,37.895555580408356],[-97.048479031404653,37.898926464239075],[-97.047380549363183,37.902409095097482],[-97.046498047453582,37.905782806377395],[-97.045615760966456,37.909094053423978],[-97.044948098292977,37.912750310253102],[-97.044062128648676,37.916808857563048],[-97.043177381740733,37.92057961209963],[-97.042220962305606,37.92423164255522],[-97.041265173200443,37.927775454093357],[-97.040382133136859,37.931144607921325],[-97.039426166531143,37.934688421399215],[-97.038323636055381,37.938685169339855],[-97.037146113206632,37.943197838392656],[-97.035892731591289,37.948282198467496],[-97.034786441944917,37.952909077300411],[-97.033824870306802,37.957309441748386],[-97.032492438577322,37.963708283247243],[-97.031173079983674,37.967587426770237],[-97.029851331902947,37.971814544166349],[-97.028821556956288,37.975415734686628],[-97.028584547378543,37.979300230710059],[-97.027983449000359,37.983759947042529],[-97.027956025642922,37.988905245306967],[-97.028218678684539,37.993767040895435],[-97.027979366697252,37.998053074345087],[-97.027810493051732,38.002682027956034],[-97.028280452318654,38.009317680927644],[-97.030273976950255,38.014753817391657],[-97.034085520104512,38.019093814637188],[-97.040623231188775,38.026042747645072],[-97.053804288817986,38.036138754746297],[-97.060406109456821,38.04080858464097],[-97.070811090063813,38.047057645684504],[-97.081217073098301,38.053306971002456],[-97.095369225105173,38.063413373390624],[-97.105682302354666,38.073462541141652],[-97.119861250663121,38.082805270449114],[-97.131966344282688,38.098197290989695],[-97.142327459849184,38.106719976075162],[-97.152690973766781,38.115241777003526],[-97.162608038333772,38.11992515837796],[-97.167004036223105,38.118551705571733],[-97.171311441333089,38.117723220079363],[-97.175464266633838,38.11717042203442],[-97.180623819072437,38.116930133491245],[-97.186126948116126,38.117267404055987],[-97.190383046281156,38.118040373145618],[-97.196428076144926,38.11959322122749],[-97.201668967351424,38.121358876965189],[-97.208118959127461,38.123895378237826],[-97.212274336825999,38.125671273197582],[-97.214493664711114,38.128457760154859],[-97.217804940625683,38.132793753245736],[-97.220604283209894,38.136733200191152],[-97.223773027175355,38.141242212915557],[-97.226068985514942,38.145525638447637],[-97.228149090209783,38.149986294012685],[-97.230457862530685,38.155419424545073],[-97.23190213961874,38.158545748446308],[-97.234712699571205,38.166172070616646],[-97.236216273925194,38.170862603517826],[-97.237791167486989,38.175441947189178],[-97.238787446014584,38.180196641386203],[-97.239994834309755,38.184373675785778],[-97.24127195916752,38.188209809281787],[-97.242625107791667,38.192442234712175],[-97.245092525476224,38.197517704876212],[-97.249145619713858,38.204098315759161],[-97.252247760862204,38.208775692005943],[-97.254389452785546,38.21171840577577],[-97.2567483004335,38.214997941112713],[-97.259554269208451,38.219050236126655],[-97.261993177386969,38.222758247258433],[-97.264643093804182,38.225839438500032],[-97.267879169088189,38.229311600096295],[-97.271464888481603,38.233653385941786],[-97.274945793618301,38.237345880524565],[-97.278196057796777,38.240317953852909],[-97.283702599424757,38.245693387196326],[-97.287541031521556,38.24841257608562],[-97.291900574030663,38.250846228597169],[-97.297913097714172,38.253889089683902],[-97.302540999378607,38.257073498759247],[-97.306590045019959,38.260192528506153],[-97.310135638574351,38.263127170716892],[-97.313689067555103,38.265831854969193],[-97.316883927050824,38.268360754488896],[-97.319861253823618,38.270881851578515],[-97.324313127092552,38.275153689258403],[-97.32701610901789,38.27956808554017],[-97.328595493556051,38.282636080548613],[-97.329887014500812,38.285645823318525],[-97.331237507560814,38.289112173215315],[-97.332287757122614,38.292862891451755],[-97.332833676156923,38.296488542514609],[-97.332789673593481,38.303377400526024],[-97.332791565428096,38.307567724539737],[-97.333628749294078,38.312933537739767],[-97.339147636300552,38.317558004296743],[-97.342020428438246,38.320738896676374],[-97.344699397544773,38.325313780014888],[-97.346835049932523,38.330156674999053],[-97.351428235978233,38.333907416085182],[-97.354952129389417,38.337760087762263],[-97.357083856013233,38.3419303137931],[-97.358873319991503,38.345407170744551],[-97.360837814557925,38.35032311019674],[-97.362762209233054,38.354144188055876],[-97.364654277733877,38.359055290280075],[-97.365434198629998,38.362228719166396],[-97.366139104934149,38.365455391157795],[-97.366908704429036,38.368968028563444],[-97.367717689076443,38.375561910388001],[-97.366143667369073,38.379881298419718],[-97.359356115691838,38.391002282206387],[-97.352566505728191,38.402122887801852],[-97.349068950000643,38.409792447529696],[-97.346464304273354,38.413527251967707],[-97.344584029408708,38.416339512983868],[-97.342268513583079,38.419618222271296],[-97.338165440455612,38.425145906126779],[-97.335970380636297,38.428062923885768],[-97.333291680156833,38.431683350441382],[-97.330104484786929,38.435648266453178],[-97.326333908766827,38.439618274726008],[-97.322200381312072,38.443929993269556],[-97.319807302673013,38.44651312781032],[-97.317341856247111,38.449217456043016],[-97.312626963759783,38.454276747552086],[-97.307981989950065,38.458702744535174],[-97.303262945241698,38.462842679831468],[-97.300430349838607,38.465144531709868],[-97.297380066875149,38.467677278539867],[-97.294038531613808,38.470436051333536],[-97.291059968026374,38.472793877701001],[-97.285755769722101,38.476996142133473],[-97.280960078060147,38.480675369045443],[-97.27601760217712,38.484473038365117],[-97.270927111100619,38.487637399154195],[-97.265762919817618,38.490804551298702],[-97.259942731703262,38.493971483386666],[-97.253830056462647,38.497084219294877],[-97.247061107063956,38.500078385151674],[-97.240290977740358,38.503135740976866],[-97.233375686831337,38.506361490831992],[-97.229736285130855,38.50831619893814],[-97.226168962017582,38.510099429351882],[-97.222601430701673,38.511883681145093],[-97.216340264681392,38.515109781811894],[-97.212773049719829,38.517064392781613],[-97.208914686268827,38.519195735999745],[-97.205564896765011,38.520978455660838],[-97.20236148775237,38.522875665384326],[-97.198774600861924,38.524919070042507],[-97.196609043250135,38.526152655669065],[-97.190711079007386,38.529661670545195],[-97.185394453716512,38.532593722196268],[-97.179056895822342,38.535757284360741],[-97.175633093596772,38.537542133853407],[-97.169075850043768,38.540935892052687],[-97.160876365030859,38.545434442603593],[-97.156598108603475,38.548155840350809],[-97.152245733380965,38.55076401954809],[-97.147388388500758,38.553948889949844],[-97.142458264134092,38.557245791351015],[-97.137381121051206,38.560490288292527],[-97.132373414372495,38.563447299255991],[-97.128677833357216,38.566163486450051],[-97.123887527192039,38.569060163281371],[-97.117203759790328,38.573744935599535],[-97.114243810321497,38.575884057831338],[-97.111125156767699,38.57802347471489],[-97.10591780816155,38.581283443605692],[-97.103269089932127,38.58389355589788],[-97.095437763257891,38.594210186289956],[-97.087604227461043,38.604526323127857],[-97.077255939365941,38.625114108936501],[-97.074845024118659,38.628930509463856],[-97.073964882221546,38.636386168580579],[-97.073774501598876,38.639771663066064],[-97.073807440678138,38.643556714777382],[-97.073547935930975,38.647400095235788],[-97.073579565181106,38.651072525932051],[-97.073614739738062,38.655199961111265],[-97.073501051345403,38.658987413889271],[-97.073459569776048,38.662653796463751],[-97.073339936717602,38.665752044221833],[-97.073148673234002,38.66902376907094],[-97.072744502145511,38.672982166887145],[-97.071840929976787,38.6784906896631],[-97.070796583960686,38.684578174635433],[-97.070182293653787,38.689687137114326],[-97.069494029133324,38.694735412776367],[-97.06880904649104,38.700188527892323],[-97.068274418039564,38.706037343692302],[-97.06788180489167,38.711544778080103],[-97.067633927892331,38.716825673604319],[-97.067012138071831,38.721069221967682],[-97.066027474225351,38.725778742122621],[-97.065122161011502,38.731115506883427],[-97.065312002561285,38.736336866704328],[-97.066383059184062,38.741890808625541],[-97.067090642743494,38.747678752765722],[-97.067339981782666,38.751233318568246],[-97.067446614865432,38.755249756007231],[-97.067493159099243,38.760697650923248],[-97.067520198099501,38.763905071105462],[-97.067049701410312,38.7688399211168],[-97.066141375097004,38.773948089225506],[-97.065514503118266,38.777739979861252],[-97.064886498406267,38.781410310081164],[-97.064332873343986,38.785199338037437],[-97.063429728945223,38.791054704274856],[-97.06238200138155,38.795997853192496],[-97.061668108688238,38.799266301877005],[-97.060891264399203,38.802650087550099],[-97.060260415637487,38.806036033247246],[-97.060296252343861,38.810339737893607],[-97.059591936995616,38.813725186797363],[-97.05888744040648,38.817055971000954],[-97.057969652429549,38.821190496387217],[-97.057044354036776,38.824406045235925],[-97.055898629410265,38.827567701405535],[-97.054612313128303,38.831474472646832],[-97.053468161953248,38.834861405567331],[-97.051816227874298,38.838883893655272],[-97.050456718320632,38.842790119267477],[-97.049168010920155,38.846526226128539],[-97.04751673335538,38.850661307921307],[-97.046227920192734,38.854338246575736],[-97.045008264073545,38.857557318607491],[-97.043423685585509,38.860950124433849],[-97.041766739537707,38.864454988588001],[-97.039963142299101,38.868020221445121],[-97.037797634050008,38.872218588157942],[-97.035782204896051,38.876816083717785],[-97.034203891616627,38.881123260079718],[-97.032840316085199,38.884799581651599],[-97.030899202190753,38.889628357129936],[-97.029033614860964,38.894741992104528],[-97.02760576642261,38.899623347155455],[-97.027119069867723,38.903065918388911],[-97.026348355765464,38.907657403171129],[-97.024417575440552,38.913972737603224],[-97.022975969923962,38.91719230923507],[-97.021614852741635,38.92132801392583],[-97.02000017299865,38.925134524693668],[-97.017505358348359,38.929606294726383],[-97.014350924128252,38.934422467500561],[-97.011342472904275,38.938723205043935],[-97.007305949607087,38.944110735920788],[-97.003782920216722,38.948983169797373],[-97.0005537287783,38.953109197794383],[-96.998424838573982,38.955748479278093],[-96.996149321706568,38.958669981760188],[-96.994019916562209,38.961362729613889],[-96.99064260335841,38.965431669164268],[-96.987852248535859,38.968527802021484],[-96.984767860941901,38.972138100192957],[-96.981242063130935,38.97649685102337],[-96.978377025636149,38.980335026129715],[-96.975878746162053,38.983774283404991],[-96.971470126043911,38.990077031871159],[-96.965886863315077,38.995461937188935],[-96.963168289731058,38.997811870750013],[-96.960816251291391,39.000504668859364],[-96.958830874654694,39.003772331791588],[-96.956038660583758,39.006179547858345],[-96.952877893411383,39.009845403479055],[-96.948979915643804,39.015232214127344],[-96.946626459300532,39.018037390890335],[-96.944273195515009,39.020730988619789],[-96.941919790908585,39.023595194214913],[-96.939271933612744,39.026576469547059],[-96.937139005618619,39.029268264164905],[-96.934824881810698,39.032426491810448],[-96.931563826957529,39.040937587054579],[-96.932198937428282,39.044511938319609],[-96.933100446158349,39.048663134768134],[-96.934145256388135,39.052881304835424],[-96.935445750632937,39.056359183213353],[-96.936380433347864,39.059826419539469],[-96.93803995215066,39.063487821445996],[-96.939936113498419,39.066809480306858],[-96.941762671223799,39.070076977911505],[-96.943879315520519,39.073406948913529],[-96.946436737377027,39.076745796955137],[-96.949066950655478,39.080094076429738],[-96.951568188881808,39.083088614281095],[-96.95422168280021,39.085973753187169],[-96.957078372288876,39.089213057620682],[-96.959150838055663,39.091966483868404],[-96.961306638885958,39.096045389462887],[-96.962927583389927,39.10056005449897],[-96.962932736121644,39.106584024495348],[-96.962398087342848,39.11006583647206],[-96.961999790401279,39.113779701905841],[-96.961124910046621,39.118224462608751],[-96.960325963570085,39.122617323087432],[-96.95968755411279,39.126727895376945],[-96.958942582429543,39.131521851719754],[-96.95801784698476,39.137002048011439],[-96.957850445615634,39.140494418769912],[-96.958128530953459,39.143882965185284],[-96.958536874464656,39.147620736862251],[-96.958891570681558,39.150960737893044],[-96.959762741295393,39.154251026040342],[-96.961836538043471,39.158553692767462],[-96.963453648351788,39.161640774451378],[-96.965522088345693,39.164510196741084],[-96.969417150394321,39.167659808261625],[-96.973559502409302,39.170245247864685],[-96.977359900458268,39.17230341698405],[-96.983125215186178,39.174822225022695],[-96.987249921392419,39.176258499797861],[-96.990544743126478,39.178130676816316],[-96.994612507307068,39.180769565232737],[-96.997951331892423,39.183272481422897],[-97.001067504485931,39.185830683991433],[-97.003653038208682,39.188713170167965],[-97.006489792789822,39.192519342702781],[-97.009317499342643,39.196500645871922],[-97.011340901562463,39.200400318589672],[-97.01314329392477,39.204291725203575],[-97.015382397174164,39.208313390859679],[-97.018309543795581,39.213327660746046],[-97.020317749409884,39.217568655084165],[-97.021557561590043,39.220928056936899],[-97.023816094395357,39.224547906696692],[-97.026717435403285,39.228588482152233],[-97.028878133951267,39.232721020940289],[-97.031058228571581,39.236451818592684],[-97.033255323955913,39.239841117320395],[-97.037053741760815,39.243616381177681],[-97.04011983792816,39.247312894000416],[-97.041445507592869,39.250448357130615],[-97.043276346949767,39.255372005226732],[-97.04501933669259,39.259035985059185],[-97.047223595574621,39.263858306503209],[-97.04853862161643,39.26721798450513],[-97.049775870960389,39.270694305578388],[-97.050892862578962,39.275140926542264],[-97.05193994792387,39.279529031731954],[-97.051814506511562,39.283766410058078],[-97.051103486945323,39.28793063807359],[-97.049966580043616,39.291740402725019],[-97.048366483005907,39.295998013067191],[-97.046251262446745,39.300237607037538],[-97.043794750270109,39.303894455405199],[-97.041438684154969,39.306981547196777],[-97.03871151791023,39.310111841092628],[-97.035857646461992,39.312784675388244],[-97.03225233872773,39.315778238375614],[-97.028330349969664,39.319221578820482],[-97.024736614121167,39.321930414503903],[-97.021075691932197,39.324522552664497],[-97.016569105480883,39.32783311081841],[-97.011425955879488,39.332101251246904],[-97.007556496415233,39.335946174244171],[-97.00398080383934,39.33979977513328],[-96.999202686403152,39.34496572170881],[-96.995989446707483,39.348081130883678],[-96.992924373861982,39.351307944069148],[-96.989934545471058,39.35470808478162],[-96.987237909095597,39.357989813627512],[-96.984617967927363,39.361499566981252],[-96.981924006537056,39.365123620087708],[-96.979378813985974,39.36886355063389],[-96.976978566568519,39.372372527013241],[-96.974723724180393,39.37571188385764],[-96.972468284890098,39.378987646854576],[-96.970360620195493,39.382266677677677],[-96.96832287242222,39.385203797631164],[-96.966504687571145,39.388019852867934],[-96.963159815648908,39.39319563727696],[-96.960688598688719,39.397166649725563],[-96.958070148041784,39.401246936931358],[-96.955751152144501,39.405845795847434],[-96.954303529085294,39.408888636701384],[-96.952715469933224,39.412680934237947],[-96.95090802352928,39.416816242079229],[-96.949175102069901,39.421006733059947],[-96.947440358344167,39.425025444457034],[-96.945705331867572,39.429049718721295],[-96.943969221339202,39.432951273824884],[-96.942303851363519,39.436516517240676],[-96.940783308009301,39.439846419205736],[-96.939336005732159,39.443122210330827],[-96.937353103202355,39.448475617451066],[-96.936170607698699,39.452363988939744],[-96.935242887608382,39.456032937879066],[-96.934242852829058,39.459762694603825],[-96.933536401928222,39.463435542858093],[-96.933125427415746,39.466986850273003],[-96.932567980632783,39.470774609625948],[-96.9317844246372,39.474098924693152],[-96.930777871865175,39.47719845519967],[-96.928164713125852,39.482427060193849],[-96.926270458197706,39.485356940303582],[-96.923637508436201,39.488468446591135],[-96.920709576170452,39.491519633999147],[-96.917559933238323,39.494688385395207],[-96.914701516037979,39.49734068393952],[-96.911766008762669,39.499647741418997],[-96.906183670730115,39.503516578751594],[-96.901845585709239,39.506059969053439],[-96.896106086300463,39.508956815454646],[-96.889920479818642,39.511674781280462],[-96.884720148477442,39.514867330353937],[-96.881438616712487,39.516947409116149],[-96.877539865881204,39.519524781522257],[-96.873945224123844,39.521941521714332],[-96.867606454988945,39.525996861236379],[-96.862315321393766,39.529795950301612],[-96.858233514099609,39.533054383406302],[-96.854596846729336,39.536270635265375],[-96.85130934840879,39.539899373441145],[-96.848489021476738,39.544518740750775],[-96.846638081580281,39.548989786814417],[-96.845058088735172,39.553933075316365],[-96.84335546045638,39.559843178173104],[-96.841963176800718,39.565475664286041],[-96.841240556759473,39.571016627617539],[-96.841094799745974,39.576860476599514],[-96.841106083423654,39.584681013438761],[-96.841869285625862,39.587826015547698],[-96.842631703945031,39.590858329214015],[-96.84354266270185,39.593893013839676],[-96.844159175478126,39.597152759004274],[-96.845000416485902,39.600817029510125],[-96.845763662147718,39.60390400449981],[-96.846899850612061,39.607451396884038],[-96.847817016911662,39.61128470223673],[-96.848442212242233,39.615638703147653],[-96.848765153869593,39.619244026641518],[-96.849314238041615,39.623307390851629],[-96.850989558262157,39.629541686742016],[-96.85169067880571,39.634063636245209],[-96.85291952294277,39.639960736520848],[-96.853617223974084,39.644082230405409],[-96.85439754071362,39.649348809471931],[-96.854723325328081,39.653183932291938],[-96.854749858516854,39.656679764322341],[-96.853896422958655,39.661263646869884],[-96.852893452078902,39.665682325186545],[-96.852410247303936,39.670321694129456],[-96.851629401178059,39.674852666324703],[-96.851437535344957,39.678808485132954],[-96.851009384649771,39.684200474434526],[-96.850257838985726,39.687615756643829],[-96.848970971718643,39.692565119250759],[-96.847187925805329,39.700048976161426],[-96.839332919427974,39.709156585715064],[-96.820502634142898,39.717480441637555],[-96.802940844662729,39.718619894504421],[-96.785378500270738,39.719756887451396],[-96.775520972641957,39.717784668727901],[-96.755573042612099,39.713792441820075],[-96.740640531834757,39.707730016570508],[-96.725710533883557,39.701665826747465],[-96.709431769656248,39.695611434620758],[-96.693155740800563,39.689554942205277],[-96.687820692974938,39.685898704823799],[-96.688906593555402,39.691357632186566],[-96.691756467776472,39.697063368354016],[-96.694751072040916,39.701401765382151],[-96.697076786856911,39.706776801579835],[-96.6979183650663,39.711874494014737],[-96.698305779632463,39.715022558899904],[-96.698325031158177,39.718630050585951],[-96.698508130383388,39.725161536281831],[-96.698227986831128,39.728255330458275],[-96.697729279011398,39.731979506104352],[-96.69693555041701,39.736108029144624],[-96.695773077789553,39.740462830162564],[-96.694680803487813,39.74430631311462],[-96.693735686908013,39.747800945528148],[-96.692425514922405,39.752504584304049],[-96.691194886993813,39.758119184690138],[-96.69076740903499,39.761502736102003],[-96.690561462104341,39.764651923551469],[-96.690207928734409,39.76809085240216],[-96.689631892723455,39.771417224852527],[-96.689352977115121,39.774740862570582],[-96.688925173052795,39.778060843565193],[-96.688351485071195,39.781900371823298],[-96.688073172799889,39.785570950523983],[-96.687277164266419,39.789465252315658],[-96.686111670473679,39.793536678795292],[-96.68427778580093,39.797724448316018],[-96.682437322776806,39.800538987275665],[-96.679641488740145,39.806447653493152],[-96.679677952752584,39.810637499785507],[-96.679463510836612,39.81607926551591],[-96.679385722478941,39.821752352436178],[-96.679188370698611,39.825469373224479],[-96.679151609143744,39.828969102528312],[-96.678803035449363,39.835547287362587],[-96.678499226637328,39.841270714843944],[-96.678133695999378,39.846763581574002],[-96.677491566485912,39.850471876195847],[-96.676768907027153,39.854289936629527],[-96.676301573345185,39.857487511481565],[-96.675980623520402,39.860742225598479],[-96.675804233812386,39.864063193293553],[-96.675342250005897,39.86995486994951],[-96.67468536269736,39.87531992870224],[-96.674296604315487,39.879839049824774],[-96.673787245445681,39.883837851378722],[-96.672566662063559,39.888614680724423],[-96.670974978140578,39.893380117070357],[-96.669506779195615,39.897233425915751],[-96.667623665258787,39.901870956530274],[-96.666890885946884,39.90586537096253],[-96.665780449716152,39.909955500306744],[-96.664530211744975,39.913871212976922],[-96.662826295265717,39.917945510784854],[-96.661467354787717,39.921116549671559],[-96.659863944278641,39.924673744383377],[-96.657886415690029,39.928281977267751],[-96.655941875102016,39.931260799170758],[-96.653694565597974,39.934341565724957],[-96.650760178626868,39.937746043759056],[-96.647510422264446,39.941485664835369],[-96.644899995956294,39.944382960778064],[-96.641887510391825,39.947840071018824],[-96.639270366581997,39.950854456081558],[-96.636885516315402,39.953701372697012],[-96.634348582269951,39.956604774999619],[-96.631335103417982,39.960061673375918],[-96.626922023230108,39.964624375845695],[-96.622845671647525,39.968450038258709],[-96.61938859557381,39.971834123727575],[-96.616290055349168,39.97546400497334],[-96.613729558293784,39.978762081992734],[-96.611701644943096,39.981851119016618],[-96.606264205611936,39.986828663121663],[-96.606494587626401,39.989723773758975],[-96.605423612063547,39.991435876233943],[-96.604154564390896,39.993187956450114],[-96.60213411275565,39.994423731112732],[-96.600961460752117,39.995142241248757],[-96.597253838086459,39.997001820771175],[-96.595340986865111,39.998562756412802],[-96.594843415414374,40.000106941380572],[-96.5951853133745,40.000919629139062],[-96.596889878952709,40.000925192391257],[-96.601753516532085,40.00087973789168],[-96.60498079047899,40.001161556209446],[-96.608808064227759,40.001188828013795],[-96.609535336115385,40.001179737036274],[-96.609626245441106,40.001179737529768],[-96.610171700906577,40.00107973749131],[-96.610362609273665,40.001034282744428],[-96.610562609437395,40.001043373663364],[-96.610662609864747,40.001043373920048],[-96.610780791564807,40.001061555425885],[-96.61968079414909,40.001016099955507],[-96.620689885251508,40.001188827881833],[-96.622398975954411,40.001270645820632],[-96.625317158987286,40.001243372999419],[-96.633635342999511,40.001279735639102],[-96.638644435829193,40.001297917416835],[-96.652289892904918,40.001325189468673],[-96.654889893623491,40.001325189137397],[-96.657462622558356,40.001334279417947],[-96.671135353433229,40.001343369869289],[-96.676353535957219,40.001343369874327],[-96.677626263651959,40.001343369744689],[-96.689980812298899,40.001325186499265],[-96.693489903904023,40.001343368785136],[-96.706853544597834,40.001461549829578],[-96.709380817002682,40.00149791332862],[-96.712344454427864,40.001525185857489],[-96.717817183502319,40.001516094458033],[-96.719408092606102,40.00151609377329],[-96.719899001799206,40.001488821506442],[-96.727708094652982,40.001434275500429],[-96.7311626409941,40.001434274990864],[-96.731844459973885,40.001443366106187],[-96.739526280345672,40.001407001911332],[-96.746608099504414,40.001425183663393],[-96.748808100388388,40.001416092387309],[-96.750062646486839,40.001434273983413],[-96.750808101246903,40.001416092405663],[-96.76564446855572,40.001416091613052],[-96.767280832918061,40.001416090874912],[-96.76874446939172,40.00140700042347],[-96.784308110186586,40.001452453597068],[-96.787289929241865,40.001452453922639],[-96.788580837844705,40.001452453050284],[-96.790353566352096,40.001479726078337],[-96.792835385362523,40.001461544397465],[-96.803235387991123,40.001452452854949],[-96.805808116034214,40.001470634232042],[-96.806289934054433,40.001470634115826],[-96.809162661731307,40.001479725139163],[-96.814062663148675,40.001470633676703],[-96.815953572514474,40.0014979060645],[-96.822026301476413,40.001506997063636],[-96.824808120175348,40.00150699705695],[-96.828971757879259,40.001516087286177],[-96.840962669669679,40.001543358935102],[-96.843544489333468,40.001534268022027],[-96.858980856714354,40.001506994261433],[-96.859762674823187,40.001506994707441],[-96.860680857122205,40.001497903541285],[-96.861708130752362,40.001497903177246],[-96.862280857822839,40.001488812910907],[-96.862508130805693,40.001497903068774],[-96.869926314618723,40.00147972112952],[-96.872835405436575,40.001488811900735],[-96.874062678288325,40.001488811928148],[-96.874871769534721,40.001488811975911],[-96.875317224347071,40.001452447844372],[-96.87580813406413,40.00147972051424],[-96.875935407128821,40.001479720874116],[-96.877962680417937,40.001506993706414],[-96.878380862045447,40.001488811239604],[-96.881017226638107,40.001506993114035],[-96.897580867230843,40.001470628623501],[-96.89985359450128,40.001488810103993],[-96.914808144048706,40.001479718132941],[-96.916435416754368,40.001497899854336],[-96.918480871895241,40.001516081727111],[-96.922817237386781,40.001488808734635],[-96.928389965633016,40.00148880864031],[-96.934935421735162,40.001497898859149],[-96.936362694707398,40.001497898943931],[-96.937244513227682,40.001479716606568],[-96.942444515380458,40.001488807432743],[-96.946771789156116,40.001497898215433],[-96.954226336609267,40.00149789729354],[-96.956008154756944,40.001488806355972],[-96.963571792790702,40.001497896778716],[-96.974926342030159,40.001525169005717],[-96.990199072689961,40.001525168249593],[-96.992935437855905,40.001516077221979],[-97.000308166483379,40.00156153113565],[-97.00330816739438,40.001561531295515],[-97.004999076527199,40.001543348822423],[-97.006553622654735,40.001570622160948],[-97.007099076967492,40.001616076417939],[-97.007399076849623,40.001697894742925],[-97.007817259801101,40.001743349075106],[-97.008180895600134,40.001797894015418],[-97.008453622966556,40.001825166739557],[-97.008771805374408,40.001770621521253],[-97.008971805086574,40.001725166719368],[-97.009099077800983,40.001716075786142],[-97.009708168795285,40.001770621921409],[-97.010062714091092,40.001706984785841],[-97.010199077769371,40.001616075839507],[-97.010399077981688,40.001525167188419],[-97.010689987005506,40.001488802882086],[-97.015480897895671,40.001561530139938],[-97.020044535778993,40.001543348080915],[-97.029471810635386,40.001606984106516],[-97.029908173692633,40.001534256611777],[-97.030944537643819,40.001552438773793],[-97.035489994356553,40.001606983759615],[-97.035662721173608,40.001616074544188],[-97.036344540133143,40.00170698366847],[-97.036880903716238,40.001579710394779],[-97.038708176705796,40.00157971016808],[-97.046562724148671,40.001543346309184],[-97.048626361167464,40.001543346758545],[-97.049980906985468,40.001570618587273],[-97.059780909473417,40.001543345477813],[-97.070408185044343,40.001625163541576],[-97.081471823984302,40.0016433445183],[-97.083344552318053,40.001616071755727],[-97.088699098213468,40.001616070939441],[-97.091253644320801,40.001634252431082],[-97.098844556258499,40.001688797846477],[-97.105117285248369,40.001743343116516],[-97.107762740139663,40.001706979241185],[-97.118980924836436,40.00167061458955],[-97.123180925759428,40.001852432774754],[-97.123380926190805,40.001861523957707],[-97.12536274483746,40.001934250687043],[-97.138199111192534,40.001725158964618],[-97.13844456650672,40.001643340720051],[-97.141180930995901,40.001634249711273],[-97.14156274923964,40.00160697657352],[-97.141680931146311,40.001561522208462],[-97.144162749294736,40.001588795232507],[-97.146071840441877,40.001652430973706],[-97.15344457050341,40.001752430928441],[-97.161271844780899,40.001761520859567],[-97.164535481623119,40.001743338959187],[-97.165462755215628,40.001725156876617],[-97.171935484324578,40.001679702153517],[-97.175853666741858,40.001670610873113],[-97.181980941786293,40.001761520220882],[-97.183971851339606,40.001770611010386],[-97.185153669408379,40.001779701557503],[-97.194708217141638,40.001797882341954],[-97.197890035980137,40.001788791175585],[-97.199399127110368,40.001788791841683],[-97.200590037388977,40.001788791232819],[-97.202235492088434,40.001797882660782],[-97.204390037930523,40.001825155127776],[-97.221480952042953,40.001361517414566],[-97.233771863661431,40.00186151639771],[-97.237853682878352,40.00181606151736],[-97.245444594634407,40.001879697824712],[-97.24554459387285,40.001906970120601],[-97.250508231881994,40.00208878788564],[-97.255935506464169,40.001952424174256],[-97.256571869411303,40.001916060916841],[-97.260671870662733,40.001952424099251],[-97.268299146086349,40.001925151219382],[-97.274853692280274,40.001943332329745],[-97.275490056492629,40.001943331990894],[-97.28807187842375,40.001997876568083],[-97.293690061532132,40.002006967856886],[-97.294444607219518,40.001997876886485],[-97.306817337074889,40.001979693959761],[-97.317962794669285,40.001961510915187],[-97.331753707293544,40.001952419162819],[-97.33239007186603,40.001961510242722],[-97.337171890799709,40.001979691690487],[-97.339726437191615,40.001979691777279],[-97.346080983874657,40.001997873049447],[-97.350399167384097,40.002016054375311],[-97.350980985797733,40.001997873247163],[-97.3598449361414,40.002032434594256],[-97.362671898019812,40.002043326289325],[-97.369226444811304,40.00196150813013],[-97.375299173523942,40.001979689797253],[-97.381044629697797,40.002006962024744],[-97.384828821067032,40.001977329109231],[-97.387999176449597,40.001952415597785],[-97.406826454866859,40.001952414942643],[-97.416081001824693,40.001988778208428],[-97.416917365799051,40.001997868670365],[-97.417317366380033,40.00200695949659],[-97.418099184686781,40.002006959449915],[-97.424644640460045,40.001988777331434],[-97.425662823067526,40.002034232148603],[-97.435817371489833,40.00200695812805],[-97.444581009984276,40.001988776017214],[-97.453926467219375,40.001997866712692],[-97.454708285351174,40.00198877577639],[-97.46286283283969,40.002016047304934],[-97.46328101503255,40.002025138634743],[-97.472126471129798,40.001916047314864],[-97.478881018045755,40.001752410712747],[-97.481235564156933,40.001779683003079],[-97.48164465508053,40.001788773925227],[-97.488062838578998,40.001706954820783],[-97.49657193257228,40.001934227338566],[-97.499117387971268,40.002006954488536],[-97.499835569082876,40.002043318418806],[-97.500281023614647,40.002106954733634],[-97.500599206421114,40.002152408656379],[-97.504099207202387,40.002125135606825],[-97.505535571001246,40.002106953847395],[-97.50589920790847,40.002161499520682],[-97.507381026433492,40.002279680996125],[-97.50901739000426,40.002234226764962],[-97.510262844743124,40.002052408672732],[-97.511053753984129,40.001970590001505],[-97.512126481498797,40.002016044849107],[-97.512681026867639,40.001888771970798],[-97.513862846360894,40.001870589796468],[-97.51522648206975,40.002043316778369],[-97.518762846600907,40.00205240768522],[-97.537517397406347,40.00204331579647],[-97.538617398026346,40.002052406731501],[-97.555308310631659,40.002052405652918],[-97.556681039279837,40.002052405374094],[-97.557508312100126,40.002061496166405],[-97.575190134476742,40.002070585791238],[-97.576426498983878,40.002070585644873],[-97.576517407071009,40.00207058560121],[-97.592462866766724,40.002052403259576],[-97.5929719577166,40.00204331237039],[-97.593699229762038,40.002061494273448],[-97.595253776204245,40.002079676011405],[-97.610608325727483,40.002079675048115],[-97.612635598425825,40.002088765786418],[-97.613953780517676,40.002088765735792],[-97.617571963177312,40.002070583163373],[-97.619553782957368,40.002088765002256],[-97.620153782327378,40.002097855642106],[-97.623362874484343,40.002097855747543],[-97.623808328721822,40.002097856149973],[-97.630926513158954,40.002106946451079],[-97.631517422091022,40.00208876431369],[-97.632944694525222,40.002088764571447],[-97.635452524430974,40.002094666119532],[-97.644717425404068,40.002116036648147],[-97.645571971511146,40.002106944896362],[-97.649062881025884,40.002125127021301],[-97.650281063558353,40.002116035554366],[-97.651781063224931,40.002116035805237],[-97.654862882966739,40.002116035721713],[-97.663190157261852,40.002116035087795],[-97.663717429797359,40.002125126036916],[-97.66919015925798,40.00214330773349],[-97.670581068489398,40.002134216787248],[-97.682817435549296,40.002125124732522],[-97.687799254614262,40.002125124355693],[-97.692653801634208,40.002134214722503],[-97.698740318430893,40.002130559356544],[-97.707008350882376,40.002125123064125],[-97.708326532887583,40.002125123446376],[-97.719599262320656,40.002152394856239],[-97.725699264959502,40.002134212484549],[-97.727208355378764,40.002143303366438],[-97.72999926601571,40.002152394698882],[-97.737871995285403,40.002116029925361],[-97.738881086071174,40.002116030090868],[-97.740335631657885,40.00213421170686],[-97.744626541578356,40.00214330237953],[-97.746081088435091,40.00216148454097],[-97.750344725285458,40.002161484225304],[-97.763490183581879,40.002143301549765],[-97.76362654703874,40.002152392008952],[-97.764917455862602,40.002143300976527],[-97.76769927594691,40.002125119612444],[-97.76899927592207,40.002125119231103],[-97.7704629126263,40.002152392225867],[-97.770799276277899,40.002161483019513],[-97.77227200434686,40.002161482316978],[-97.77319927710505,40.002225118746864],[-97.774590186030949,40.002225119263109],[-97.77518109533527,40.00219784616101],[-97.777162914697527,40.002143300640945],[-97.777844732479153,40.002125118613982],[-97.782253824197497,40.002061481874051],[-97.783790188094812,40.002070572852595],[-97.791590190487227,40.002070572180457],[-97.797517464649545,40.002106935524893],[-97.800953828901541,40.002052390056157],[-97.802599284575422,40.002079662842441],[-97.803690194183602,40.002061480269134],[-97.814926559933994,40.002070570648065],[-97.819262924998284,40.002070570904891],[-97.821472015999831,40.002061479187141],[-97.83240838257521,40.0020342057609],[-97.838244747761607,40.002043297038085],[-97.840253839776949,40.002061478430342],[-97.852017478665147,40.002079659706766],[-97.855899298112234,40.002079659177959],[-97.857244753125997,40.002079659293742],[-97.858962934740035,40.002088749576551],[-97.862708391392147,40.002097840458426],[-97.870544756721571,40.002088749220803],[-97.875299302856817,40.002097839670668],[-97.875653848940829,40.002088749305813],[-97.876226575771184,40.002079658321698],[-97.878026576274252,40.002088749136711],[-97.883235668873098,40.00207965742144],[-97.888762943103814,40.002070566613021],[-97.897399308849543,40.002070565389396],[-97.899526582760586,40.002097838132059],[-97.899753855382741,40.002097838096567],[-97.90000840045677,40.002088747310857],[-97.906281129498439,40.00207965613216],[-97.908362947523415,40.00209783815658],[-97.909526585311312,40.002088746425265],[-97.912381131425491,40.002088746704722],[-97.915753858885367,40.002070564142386],[-97.916044768691592,40.00207965552903],[-97.927726589069124,40.002070563424653],[-97.93179931817906,40.002079653988559],[-97.934590228147727,40.00207965438851],[-97.940826592611231,40.002079653454345],[-97.946762957806143,40.002097835530776],[-97.950817504802401,40.002116016810923],[-97.953262959597424,40.00209783510109],[-97.953499322909536,40.002116016333915],[-97.957108415302031,40.002116016471341],[-97.972299328467372,40.00212510601223],[-97.973426600729354,40.002116015629682],[-97.973908419844733,40.002116015709028],[-97.978262966371034,40.002134196647965],[-97.978517511892335,40.00213419684578],[-97.979808420615072,40.002152378941872],[-97.980272057780468,40.002152378314925],[-97.982862967177752,40.002152378560346],[-97.986626605227684,40.002152377870885],[-97.989717514166614,40.002234195809805],[-97.991208423807294,40.002206923151824],[-97.9929993336021,40.002179650605584],[-97.997626607649266,40.002225104536812],[-98.000372063012733,40.002206922868361],[-98.010317520219601,40.002243285629113],[-98.013944794039844,40.002234194250939],[-98.014226611253548,40.002225103377612],[-98.014426612241053,40.002243285672286],[-98.015899339152355,40.002234194607198],[-98.030390252136371,40.002197829790141],[-98.038681163916493,40.002197829851568],[-98.042781164854446,40.002197828785974],[-98.046553892993799,40.002188737662465],[-98.046953893070352,40.002134192826418],[-98.047062984178737,40.002125101395322],[-98.047699347585251,40.002134192344769],[-98.049735711360569,40.002143283430556],[-98.052099348496895,40.002125101744753],[-98.053681167210314,40.002079646958258],[-98.063144806079976,40.002343282537893],[-98.067353898819064,40.002361464205087],[-98.067444806814933,40.0023614638853],[-98.068708444602976,40.002361464238454],[-98.076053900845295,40.002270554538548],[-98.087126630540212,40.002279644392075],[-98.097199360902678,40.002243279971509],[-98.099644816108196,40.002261462300865],[-98.09989936062459,40.002243279858178],[-98.100862997981494,40.002216007007092],[-98.104299361778686,40.002225098255451],[-98.111081182286,40.002252370671592],[-98.117035729462742,40.002261460422289],[-98.118444820382848,40.002261460537845],[-98.120608457963726,40.002252369630241],[-98.121508457981065,40.002252369289373],[-98.122490276094624,40.0022523695309],[-98.123190276410227,40.002288733608978],[-98.129235731859666,40.002297824111217],[-98.129472095817306,40.002288732602111],[-98.135890279042485,40.002297823500378],[-98.141399371972383,40.002297822697614],[-98.142608462872943,40.002279640834402],[-98.153590284071129,40.002206913291559],[-98.156853920872791,40.002252367816133],[-98.161253922394081,40.002306912274683],[-98.161426649856708,40.002306912389884],[-98.170363015738928,40.002334184307983],[-98.172253925672052,40.002343275420706],[-98.175081199099083,40.002334184217673],[-98.179099381388539,40.002388729524633],[-98.179408472580548,40.002397820771911],[-98.18084483710544,40.002470547488507],[-98.186999384057813,40.002525092374349],[-98.194053930698331,40.002416001168044],[-98.194753931334205,40.002416001675286],[-98.19499938596131,40.002406910462135],[-98.199235750674177,40.002361455210711],[-98.199463023059934,40.00236145574813],[-98.201917569214118,40.002361455138391],[-98.206808479165232,40.002370545777659],[-98.211726663079773,40.002361455107135],[-98.212017571932265,40.002352363606114],[-98.213072117980602,40.00237054603442],[-98.221790302052568,40.002352363032045],[-98.225263030374776,40.002388727020943],[-98.228799394892533,40.002388726383749],[-98.236144850553629,40.002388725605584],[-98.238372124440289,40.002434180461584],[-98.240972124437036,40.002406907542067],[-98.24998121764493,40.002397815681128],[-98.250353945256578,40.002443270947886],[-98.253744855856141,40.00244327027842],[-98.255344855410783,40.002397815648109],[-98.258963038363035,40.002425087752918],[-98.268244858596987,40.002415996592809],[-98.268926677671814,40.002434178665318],[-98.272144859950743,40.002443269471897],[-98.274026678518211,40.002525087109817],[-98.274435770209351,40.002570541636779],[-98.274653951335097,40.00252508726431],[-98.274963042501568,40.002479632213301],[-98.281353952886846,40.002443268345139],[-98.286026681424659,40.002452358779244],[-98.287217591500777,40.00246145023069],[-98.305844869089057,40.002470539347243],[-98.306508505724153,40.002470540016404],[-98.311499415101608,40.002461448735879],[-98.320844872428836,40.002434175125714],[-98.329444875271776,40.0024432656679],[-98.336963058446798,40.002434174359081],[-98.343553969708907,40.00240690074304],[-98.346399424997301,40.002406901018851],[-98.349217607097117,40.002415991709753],[-98.355099427263369,40.002443263592042],[-98.362490337747872,40.002425081429443],[-98.365608520089268,40.002425081350459],[-98.366326702154765,40.002434171952146],[-98.368072156893518,40.002425080899272],[-98.371863067574807,40.002425080638112],[-98.373799431324301,40.002415989876987],[-98.375317613880654,40.002425080441164],[-98.381981252514947,40.00241598903316],[-98.384626707545763,40.002415989383486],[-98.386990344435787,40.00242508015458],[-98.389672162866702,40.002397806747609],[-98.391853981329433,40.002397807231503],[-98.404072167017361,40.002452351834222],[-98.40571762214627,40.002461442437948],[-98.410808532397724,40.002452351003114],[-98.411353986233607,40.002452351012181],[-98.415490351259407,40.002515987603964],[-98.41809944246873,40.002515986954869],[-98.420053989113342,40.002434169002889],[-98.42469035387083,40.002452349916354],[-98.429653991143226,40.002415986214537],[-98.435235811091914,40.00240689528453],[-98.436126720524555,40.002406895451635],[-98.441717631088125,40.002397803399859],[-98.443408540162267,40.002388712388303],[-98.449617632788133,40.002352348456547],[-98.459253999253491,40.002397802665151],[-98.461726727264036,40.002397802308856],[-98.462299454157503,40.002425075066014],[-98.467272182891577,40.002443256397804],[-98.474017639239747,40.002415983620757],[-98.481108550679437,40.002425073658024],[-98.484135823099479,40.002406892140201],[-98.486226732935037,40.002434164550927],[-98.494463098643237,40.00243416436377],[-98.499835827768536,40.002497800281411],[-98.504463101463983,40.002425072737076],[-98.509317648732491,40.002425072484641],[-98.518744923292829,40.002461435593325],[-98.519344923351767,40.002461435137249],[-98.523226743167712,40.002415980802226],[-98.525035834060716,40.002425071007004],[-98.530263108482188,40.002397798358579],[-98.541963111513013,40.002415978789017],[-98.543244929767695,40.00240688839294],[-98.557163114584725,40.00241597832202],[-98.559399478952386,40.002406887569997],[-98.5605631154382,40.002415977729846],[-98.567735845602584,40.002488705112917],[-98.575772210475606,40.002415977268605],[-98.579844938833276,40.00238870395998],[-98.584144940327349,40.002415976111578],[-98.593344942211203,40.002397793830902],[-98.596326761529625,40.002461430103139],[-98.606790400506483,40.002388702084353],[-98.613108583906865,40.002406883921019],[-98.613763129181223,40.002434156358561],[-98.614254038961121,40.002406883373538],[-98.614854039243298,40.002397792983487],[-98.616408584826729,40.002397792901952],[-98.619681313084797,40.002361428841503],[-98.624981314424446,40.002361428317279],[-98.625199496638118,40.002361428106681],[-98.625844951255246,40.002343246829959],[-98.626163132273859,40.002334155212722],[-98.626463133243377,40.002343246232648],[-98.629690406358833,40.002361427914707],[-98.635181317330009,40.002388700686893],[-98.640535863499906,40.002415973110089],[-98.652454048370871,40.002388699017807],[-98.65359041249711,40.002397789873974],[-98.655944958541198,40.002434154099682],[-98.669935871126967,40.002388698633176],[-98.672826781378703,40.002370516044998],[-98.690135876203527,40.002525060795286],[-98.691354058775943,40.002515969390117],[-98.692535876766456,40.002370515031487],[-98.693435877173528,40.002370514847826],[-98.696790423834599,40.002379605485984],[-98.710417699147285,40.002334150192354],[-98.719935884511059,40.002215967782767],[-98.726508612464585,40.002325058143221],[-98.72896315934986,40.002325058250193],[-98.745126799584682,40.002279602196936],[-98.745781344973352,40.002270511166579],[-98.748163163445128,40.00224323828872],[-98.750390437429132,40.002243238621993],[-98.757117711785213,40.0022432381813],[-98.767254077329653,40.002306873761547],[-98.770090441713407,40.002297782763222],[-98.774672261153114,40.002315964598949],[-98.777254080496377,40.002325054937039],[-98.781899536685813,40.00232505425754],[-98.784208627967942,40.002334145122475],[-98.789444992882068,40.002352327066056],[-98.791308628883357,40.002361417770857],[-98.797235903804449,40.002352326108948],[-98.801781359793523,40.002352325721994],[-98.807290451190951,40.00237050783899],[-98.812226816787245,40.002352325512447],[-98.815035907712144,40.002334143318649],[-98.820590455138543,40.002352325150227],[-98.822081364326394,40.002334142620917],[-98.828645002412031,40.002352324564555],[-98.831645003044628,40.002415960642288],[-98.834463185837123,40.002370506204272],[-98.842499551333745,40.002343232992104],[-98.849881371628143,40.00235232286537],[-98.850999553382124,40.002370504479643],[-98.856163191676188,40.002361413089105],[-98.86936319534027,40.002370503866963],[-98.875354105801534,40.002334139650301],[-98.877135923618937,40.002315957803383],[-98.879372287830407,40.002315957546699],[-98.882654107512522,40.002306866579332],[-98.886599562775359,40.002288684368189],[-98.889335926787865,40.002315956874035],[-98.898154111612811,40.002315956329682],[-98.902399567256296,40.002297774226655],[-98.91498138786217,40.002288682269324],[-98.924299571988143,40.002288681756333],[-98.934808665985628,40.002215953768861],[-98.940481395324852,40.002261408454444],[-98.951481397198648,40.002297770624637],[-98.952735943134044,40.002306862257278],[-98.954081398234877,40.002306861444019],[-98.960926854277488,40.002279588559702],[-98.961017763062657,40.002325043177933],[-98.962845036346891,40.002297770462242],[-98.967526855685023,40.002279588045447],[-98.968672311427952,40.002288678912684],[-98.968754128802701,40.002288679429412],[-98.97174503880656,40.002261405776963],[-98.972390493533482,40.002234133603572],[-98.982217769243974,40.002225041782665],[-98.991726862610619,40.002225041384584],[-98.992654135555739,40.002243222811224],[-98.992754135522063,40.002243222509541],[-98.993172316962813,40.00226140458733],[-99.000326864105446,40.002270494710153],[-99.003245047508656,40.002252312692839],[-99.006345047444313,40.002234130708565],[-99.017045051111978,40.002234130841899],[-99.017690505334869,40.002234130156495],[-99.018154141988134,40.002243221232938],[-99.020617779163445,40.002243220640786],[-99.027899598263801,40.002234129368631],[-99.028672326355576,40.002225038521814],[-99.029490508075341,40.002234129530152],[-99.034063237156758,40.002215947329589],[-99.036135964595644,40.002206856668828],[-99.046463239464245,40.00220685563599],[-99.04702687699438,40.002225037533293],[-99.048390512946114,40.002215946956056],[-99.059572334259627,40.00226140011376],[-99.065345063446429,40.002343217955321],[-99.065990518032081,40.002352308917317],[-99.066445062933667,40.002352308931641],[-99.067081426721685,40.002361399817296],[-99.071499610277726,40.002352309011862],[-99.075817792572579,40.002325035528685],[-99.080345066856111,40.002288671890092],[-99.08450870464759,40.002252307953064],[-99.084999613896912,40.002243217068404],[-99.085335976513008,40.00224321650397],[-99.085499613225238,40.002234126321788],[-99.088726887255078,40.002206853468081],[-99.104426891416807,40.002179579552902],[-99.107172346638805,40.002188670260324],[-99.113917802029178,40.002170487512089],[-99.12302689594253,40.002143214334836],[-99.132654171083985,40.002115941192848],[-99.141181446047838,40.002070485895366],[-99.159608722759657,40.002097757597113],[-99.160654178523657,40.002125029852671],[-99.160726905107325,40.002115938937997],[-99.160826905909332,40.002115938987906],[-99.160981450240811,40.002106848502429],[-99.162726905551253,40.002079575520995],[-99.169863270819235,40.002088665848326],[-99.179136000329819,40.002125029294902],[-99.186854184380621,40.002143209921854],[-99.187017820918044,40.002152300823269],[-99.188899639800681,40.002161392271233],[-99.189008730589933,40.002170482833989],[-99.197754187949712,40.0020704822361],[-99.202499642820811,40.00206139132451],[-99.211336009241464,40.002052299717576],[-99.216045101189664,40.002034117602115],[-99.216563283232333,40.002043208046906],[-99.229954195650166,40.002043207099092],[-99.230108741129044,40.002052298724017],[-99.239926925890614,40.002061388618031],[-99.243199653649043,40.002052297855876],[-99.244599653303808,40.002070479000949],[-99.248472382638553,40.002015933797111],[-99.250308746033539,40.001925024523899],[-99.252517837181585,40.001952296962493],[-99.254054201779184,40.002052297154258],[-99.254517838413193,40.00204320612599],[-99.258963293858002,40.002043205969365],[-99.272790569615836,40.002006840721251],[-99.272963297959407,40.002025022752882],[-99.282954208814985,40.002025022319074],[-99.283490573356005,40.002088658612216],[-99.284881482629942,40.001997749431453],[-99.287308755961234,40.002006839815543],[-99.290699666037867,40.001997748747549],[-99.291854211380851,40.001943203925627],[-99.309817851809342,40.001888656879963],[-99.310263306972288,40.001879566290178],[-99.310945124699131,40.0019341116313],[-99.31269058074119,40.001934111619775],[-99.313690580269807,40.001915928977198],[-99.316508762849153,40.001879565671999],[-99.3274724019563,40.001861383215157],[-99.338454222551206,40.001843200598685],[-99.346517861792236,40.002097745213739],[-99.347726953053112,40.002088654124748],[-99.350145135140039,40.002070472802579],[-99.351745135803867,40.002061381184696],[-99.352181499053913,40.002252290169736],[-99.355890591318399,40.002061380871559],[-99.36679059411037,40.002070471796159],[-99.372563322579964,40.002061379940585],[-99.375390595654892,40.002088652440953],[-99.388081508687705,40.002052288331285],[-99.388745145490006,40.002043197402266],[-99.389726963916303,40.002061379361486],[-99.392272418638456,40.00205228791679],[-99.403390602814298,40.002034105629278],[-99.403481512309071,40.002115923800524],[-99.404663330251353,40.002097741850058],[-99.409045150489291,40.002134105122487],[-99.412654241572682,40.002143195986513],[-99.413036059959808,40.002152286887458],[-99.422408789987713,40.002070467509057],[-99.429008791701051,40.002088649297264],[-99.432372428135196,40.00204319440212],[-99.43649970243716,40.001961376245596],[-99.440454249249115,40.00203410297398],[-99.442354249268703,40.002025012032064],[-99.445272432493397,40.00207955691419],[-99.446272432407994,40.002061375377139],[-99.451372433751828,40.002052283949595],[-99.461408799253007,40.002070465555775],[-99.462463345366331,40.002015919569779],[-99.464208800166361,40.001988647289252],[-99.466999710625103,40.001952282942383],[-99.471226983856553,40.00199773691601],[-99.476808803858546,40.001952281996779],[-99.48017244033062,40.001906827256327],[-99.480663349841748,40.001988645352341],[-99.492554261526735,40.001979554134216],[-99.494363353093803,40.001943190794272],[-99.495945172386897,40.001979553835689],[-99.497754263867009,40.002025008753364],[-99.498817900451343,40.002025008310795],[-99.500390627888748,40.002052281224415],[-99.501136082757711,40.002025008048918],[-99.501672445673577,40.002006825865628],[-99.505199719250299,40.001988643867563],[-99.511454267184121,40.00197046192504],[-99.515063358078066,40.001952279616823],[-99.515363359256071,40.001943188738927],[-99.517026995427429,40.00195227935113],[-99.517872450717846,40.001970461110503],[-99.517963358860115,40.001970461998184],[-99.529072453642513,40.001925006231879],[-99.534881545050354,40.001934096756258],[-99.535327000353476,40.001934097088252],[-99.5429542749131,40.001925005396707],[-99.552045185848087,40.00191591374751],[-99.552345186147832,40.001915913983446],[-99.563917916574269,40.00192500406056],[-99.569872462843151,40.001943185236719],[-99.576845192280956,40.001906821364472],[-99.578427011181986,40.001879548127391],[-99.580545193831256,40.001897729863558],[-99.5814451931397,40.001888638960999],[-99.588645194877486,40.001870456628332],[-99.590563377177986,40.001870456533624],[-99.597499743133966,40.001861365432482],[-99.60702701834407,40.001870455532512],[-99.609090655661447,40.001870455506001],[-99.60940883649991,40.001879546521337],[-99.625372476846394,40.001852272952441],[-99.628272478325741,40.001852272204516],[-99.63423611655152,40.001852272161223],[-99.637872480744079,40.001843180788342],[-99.640054299069405,40.001843180844638],[-99.644227027474912,40.001834090018178],[-99.647154301551595,40.001824998839211],[-99.663027032799889,40.001824997792639],[-99.672836125207738,40.001824996781522],[-99.675436125980852,40.001843178322169],[-99.681945218630005,40.001843177683057],[-99.684872492933181,40.001834086899116],[-99.686508856466546,40.001834087305234],[-99.700745224092614,40.001788631059782],[-99.703799769784666,40.001797722388154],[-99.714327045270082,40.001806812807416],[-99.714472499385735,40.00180681231889],[-99.716717954887798,40.001815903434718],[-99.717908864540377,40.001806811702401],[-99.719572501644436,40.001824993416918],[-99.721254319278032,40.001806811562723],[-99.732027050010672,40.001788629604505],[-99.733681595531877,40.001779538456169],[-99.735245232765848,40.001724993076088],[-99.737781596600797,40.001779537768648],[-99.741354325358969,40.001752265447074],[-99.741754325411279,40.001761356271352],[-99.743272507154771,40.00172499261847],[-99.745172507604934,40.001661356070684],[-99.746854325594455,40.001661355426265],[-99.750536145381403,40.001697718849002],[-99.756881601748262,40.001652263951122],[-99.757136147246342,40.001724991301174],[-99.763045239277645,40.001715900517446],[-99.765163421681493,40.001770445630115],[-99.772081605796146,40.001752263338041],[-99.774290696145641,40.001715899106991],[-99.775390697220686,40.001670444643963],[-99.780217971411602,40.001615899193865],[-99.798754339788417,40.001661352477463],[-99.813736160943222,40.001479533452603],[-99.814517979281177,40.001488624300826],[-99.815017980105296,40.001479532822373],[-99.816863434678297,40.001497715075985],[-99.835699803640807,40.00157953198287],[-99.850108897716112,40.001606803493729],[-99.854336171239552,40.001597712313419],[-99.857590717627588,40.001606803109127],[-99.865363446919034,40.001597711873067],[-99.869290720569268,40.001634075028235],[-99.885390725089508,40.00167043742357],[-99.890681635273225,40.001670437453264],[-99.891490725980702,40.001661345984751],[-99.892636180590543,40.001615891876476],[-99.89561799970015,40.001606800121955],[-99.906618002381151,40.001624981962664],[-99.911072549774332,40.001643163322981],[-99.91624527845407,40.001643162542408],[-99.930418008812111,40.001652252787309],[-99.941045283555923,40.001688615612082],[-99.944918012477842,40.001652252165584],[-99.945218012100284,40.001652251798284],[-99.947781649726153,40.001661342755561],[-99.947990740092223,40.001661342671554],[-99.948127103569846,40.001679524527688],[-99.962772562323593,40.001715886672947],[-99.973699838030356,40.001643158669836],[-99.984627113403505,40.001570430609853],[-99.986763477217607,40.001652248806018],[-99.9871452953561,40.001643157964253],[-99.990899841806836,40.001661339957671],[-99.992627114750647,40.001634067317873],[-99.999890753129989,40.001670429863665],[-100.00525439160869,40.00165224747019],[-100.01431802956493,40.001652247361314],[-100.01533621192982,40.001652246906993],[-100.01922712182937,40.001661337870949],[-100.02414530504389,40.001661337390175],[-100.0316907617761,40.001643154911037],[-100.03790894511998,40.001661336412212],[-100.0383998536095,40.001661337034612],[-100.04299076475968,40.001670427504514],[-100.05309985822012,40.001670426480878],[-100.05658167689279,40.001643153961993],[-100.06166349588678,40.001634062669453],[-100.0648180429281,40.001634061695057],[-100.07524531755072,40.001606788759894],[-100.08073622811018,40.001606788264738],[-100.08382713857857,40.001606788257114],[-100.0941362312561,40.001606787700531],[-100.09620895930863,40.001579514594916],[-100.09956350512788,40.001624969357188],[-100.11284532727133,40.001643150181025],[-100.11604532802669,40.001634059017221],[-100.11834532876064,40.001643149835175],[-100.12538169349503,40.001661331172429],[-100.12542714838416,40.001661330982365],[-100.13115442210018,40.001643148739483],[-100.13154533152154,40.001652239443068],[-100.13728169707039,40.001652239539119],[-100.15048169993838,40.001634056878153],[-100.15051806376475,40.001634056444253],[-100.15284533740189,40.001606783554678],[-100.1531998822819,40.001615874308158],[-100.15969079315633,40.001634056174296],[-100.16767261335949,40.001615873355597],[-100.16939988685399,40.001643145956777],[-100.17494534280372,40.00164314625399],[-100.17783625227077,40.001606782093944],[-100.1793089800622,40.001634054561102],[-100.18015443518469,40.00162496404262],[-100.18557261867481,40.001634054533589],[-100.18561807242496,40.001634054078281],[-100.18835443717713,40.001643144883317],[-100.18882716480027,40.001652236180917],[-100.19031807327221,40.00166132624738],[-100.19172716540298,40.001706781284724],[-100.19359080223124,40.001661326265456],[-100.19383625639927,40.001679508020239],[-100.19584534784825,40.001679508335741],[-100.19675443946439,40.001643144777162],[-100.20329989583999,40.001652234714513],[-100.20559080531598,40.001652235142799],[-100.20609080518996,40.001652234275205],[-100.20719080569266,40.001652234637916],[-100.21251807909329,40.001652234273081],[-100.21527262565333,40.001661325210563],[-100.2158635352273,40.001670415589501],[-100.21669080823943,40.001624960939694],[-100.22882717452684,40.001661324404303],[-100.23181808407544,40.001624960685334],[-100.23783626799127,40.001634050461192],[-100.2408635410863,40.00163405018673],[-100.24197263163848,40.001643141105234],[-100.24886354351482,40.001643140498501],[-100.25020899818868,40.001661322533437],[-100.253299908009,40.001661322779803],[-100.26379990987712,40.00169768565268],[-100.26538172934274,40.001661321496648],[-100.26866354839082,40.001661321790863],[-100.26919082048281,40.001724957940276],[-100.27206354866036,40.00171586634702],[-100.28488173398667,40.00171586552927],[-100.2879635532762,40.001706774348186],[-100.2900999165341,40.001715865598868],[-100.29901810065128,40.001761319736765],[-100.30215446561327,40.001770409902853],[-100.30662719366792,40.00176131908978],[-100.30693628460318,40.001797682208178],[-100.30719083077007,40.001870409915185],[-100.30759083004732,40.001761318571724],[-100.30796355780738,40.00173404639385],[-100.30894537622031,40.001743137308701],[-100.31529992309548,40.001761318503519],[-100.31635446854561,40.001761318774832],[-100.31708174186484,40.001743136223759],[-100.32081810623228,40.001752227582756],[-100.32156356076405,40.001697682059437],[-100.32187265257126,40.001697681738293],[-100.32255447029623,40.001743136122968],[-100.32726356263191,40.001779499640143],[-100.32877265412183,40.001779499383524],[-100.33816356486851,40.001770407775574],[-100.34471811283689,40.001815861819395],[-100.34627265801868,40.001770407216505],[-100.36349084482175,40.001834042750552],[-100.36559084442187,40.001815860562346],[-100.37349993765055,40.001834042158166],[-100.37468175602774,40.001834041725729],[-100.37538175599994,40.001806768774046],[-100.37543630200554,40.00179767776352],[-100.37595448347727,40.001797678181667],[-100.38482721311107,40.001815859197052],[-100.38599994040889,40.001815859510444],[-100.38628175883319,40.001761313608952],[-100.38719994155859,40.001834041033199],[-100.39002721518573,40.001815858948412],[-100.3943908520956,40.001797677213688],[-100.39511812504298,40.001788585830205],[-100.39594539808053,40.001797676396322],[-100.40246358113264,40.00178858537641],[-100.41238176515786,40.00177040266594],[-100.42001813101393,40.001761311413297],[-100.42079994934707,40.001806766017204],[-100.43039086158964,40.001924947134135],[-100.43754540882365,40.001952219418563],[-100.43890904513108,40.001970401088485],[-100.43909995433876,40.001879492120459],[-100.43970904564527,40.001843128682538],[-100.43999086301426,40.001779491636157],[-100.44708177418384,40.001852218620527],[-100.45065450202688,40.001943127450716],[-100.46863632492219,40.00189767222863],[-100.47642723584254,40.001879489502969],[-100.47741814525656,40.001870398488087],[-100.47764541778983,40.0019613073949],[-100.48187269249784,40.001924944009595],[-100.48718178379845,40.001906762068295],[-100.49572724057229,40.001861306639462],[-100.50050906059053,40.001888578790712],[-100.50953633485345,40.001797669496014],[-100.50993633557916,40.001779487422453],[-100.51010906238137,40.001770396247821],[-100.51107269929209,40.001834032904632],[-100.51433633664489,40.001870396544874],[-100.52027270179038,40.001861305165782],[-100.52711815845321,40.001861304092735],[-100.52746361289806,40.001897667951788],[-100.53295452288191,40.001906758275709],[-100.53344543228584,40.001879485854317],[-100.53370906913531,40.001888576770099],[-100.53808179722907,40.001915849348642],[-100.54289998034872,40.001906757577622],[-100.54969089120937,40.001897666318719],[-100.55182725482847,40.001906757662134],[-100.55305452807657,40.00191584820449],[-100.56198180284288,40.001888575280269],[-100.56283634864529,40.001897665360403],[-100.56706362203222,40.001888574962578],[-100.57118180525205,40.001897665630871],[-100.57545453359002,40.001906755755435],[-100.57610907922796,40.001906756136158],[-100.57737271607056,40.001915846268346],[-100.57796362530901,40.001906755847443],[-100.5884909001428,40.001952209806092],[-100.59477272011519,40.00197039080907],[-100.59709999386101,40.00194311829074],[-100.60096363028296,40.00192493625643],[-100.60164544884073,40.001961299422497],[-100.60569999613128,40.001870390406424],[-100.60862726875591,40.001915844557999],[-100.60873636040192,40.00190675366683],[-100.61794545275296,40.001997662120658],[-100.62678181931072,40.00201584296633],[-100.62718181923495,40.002024934382263],[-100.63531818436719,40.002024933329949],[-100.63632727584486,40.002034024821974],[-100.64446364193496,40.002043114981355],[-100.64563636865816,40.001915841890984],[-100.64592727804519,40.001897660402847],[-100.65698182650405,40.002052205428477]]]},"properties":{"FID":2,"US_L3CODE":"27","US_L3NAME":"Central Great Plains","NA_L3CODE":"9.4.2","NA_L3NAME":"Central Great Plains","NA_L2CODE":"9.4","NA_L2NAME":"SOUTH CENTRAL SEMI-ARID PRAIRIES","NA_L1CODE":"9","NA_L1NAME":"GREAT PLAINS","STATE_NAME":"Kansas","EPA_REGION":6,"L3_KEY":"27  Central Great Plains","L2_KEY":"9.4  SOUTH CENTRAL SEMI-ARID PRAIRIES","L1_KEY":"9  GREAT PLAINS"}},{"type":"Feature","id":3,"geometry":{"type":"Polygon","coordinates":[[[-96.693155740800563,39.689554942205241],[-96.709431769656248,39.695611434620737],[-96.725710533883557,39.701665826747444],[-96.740640531834742,39.707730016570487],[-96.755573042612099,39.713792441820068],[-96.775520972641957,39.717784668727887],[-96.785378500270738,39.719756887451396],[-96.802940844662729,39.718619894504421],[-96.820502634142898,39.717480441637555],[-96.839332919428017,39.709156585715064],[-96.847187925805329,39.700048976161447],[-96.848970971718629,39.692565119250744],[-96.850257838985726,39.687615756643829],[-96.851009384649771,39.684200474434526],[-96.851437535344957,39.678808485132954],[-96.851629401178101,39.674852666324703],[-96.852410247303894,39.670321694129449],[-96.852893452078902,39.66568232518658],[-96.853896422958655,39.661263646869884],[-96.85474985851684,39.656679764322384],[-96.854723325328081,39.653183932291938],[-96.85439754071362,39.649348809471974],[-96.853617223974084,39.644082230405409],[-96.85291952294277,39.639960736520877],[-96.85169067880571,39.634063636245209],[-96.850989558262157,39.629541686742016],[-96.849314238041615,39.623307390851629],[-96.848765153869593,39.619244026641489],[-96.848442212242233,39.615638703147653],[-96.847817016911662,39.611284702236709],[-96.846899850612061,39.607451396884038],[-96.845763662147718,39.603904004499853],[-96.845000416485902,39.600817029510168],[-96.844159175478111,39.597152759004317],[-96.84354266270185,39.593893013839676],[-96.842631703945031,39.590858329214022],[-96.841869285625862,39.587826015547698],[-96.841106083423654,39.584681013438747],[-96.841094799745974,39.576860476599514],[-96.841240556759473,39.571016627617539],[-96.841963176800718,39.565475664286012],[-96.84335546045638,39.559843178173104],[-96.845058088735172,39.553933075316365],[-96.846638081580281,39.548989786814417],[-96.848489021476738,39.544518740750739],[-96.85130934840879,39.53989937344118],[-96.854596846729336,39.536270635265375],[-96.858233514099609,39.533054383406302],[-96.862315321393766,39.529795950301569],[-96.867606454988945,39.525996861236379],[-96.873945224123844,39.521941521714361],[-96.877539865881204,39.519524781522215],[-96.881438616712487,39.516947409116106],[-96.884720148477442,39.514867330353937],[-96.889920479818642,39.51167478128049],[-96.896106086300463,39.508956815454681],[-96.901845585709239,39.506059969053439],[-96.906183670730115,39.503516578751594],[-96.911766008762669,39.499647741419025],[-96.914701516037979,39.49734068393952],[-96.917559933238323,39.494688385395207],[-96.920709576170452,39.491519633999147],[-96.923637508436201,39.488468446591135],[-96.926270458197706,39.48535694030361],[-96.928164713125852,39.482427060193849],[-96.930777871865175,39.477198455199698],[-96.9317844246372,39.474098924693152],[-96.932567980632783,39.470774609625948],[-96.933125427415746,39.466986850273003],[-96.933536401928222,39.463435542858093],[-96.934242852829058,39.459762694603825],[-96.935242887608382,39.456032937879101],[-96.936170607698699,39.452363988939787],[-96.937353103202355,39.448475617451066],[-96.939336005732159,39.443122210330841],[-96.940783308009301,39.439846419205736],[-96.942303851363519,39.436516517240676],[-96.943969221339202,39.432951273824926],[-96.945705331867572,39.429049718721295],[-96.947440358344167,39.425025444457034],[-96.949175102069901,39.421006733059976],[-96.95090802352928,39.416816242079229],[-96.952715469933224,39.412680934237947],[-96.954303529085294,39.408888636701384],[-96.955751152144501,39.405845795847434],[-96.958070148041784,39.401246936931315],[-96.960688598688748,39.397166649725563],[-96.963159815648908,39.39319563727696],[-96.966504687571145,39.388019852867934],[-96.96832287242222,39.385203797631185],[-96.970360620195493,39.38226667767772],[-96.972468284890098,39.378987646854576],[-96.974723724180393,39.37571188385764],[-96.976978566568519,39.372372527013219],[-96.979378813985974,39.36886355063389],[-96.981924006537056,39.365123620087708],[-96.984617967927363,39.361499566981252],[-96.987237909095597,39.357989813627512],[-96.989934545471058,39.354708084781592],[-96.992924373861982,39.351307944069148],[-96.995989446707483,39.348081130883713],[-96.999202686403152,39.34496572170881],[-97.00398080383934,39.339799775133244],[-97.007556496415248,39.335946174244192],[-97.011425955879488,39.332101251246904],[-97.016569105480883,39.32783311081841],[-97.021075691932197,39.324522552664526],[-97.024736614121167,39.321930414503946],[-97.028330349969664,39.319221578820482],[-97.03225233872773,39.315778238375614],[-97.035857646461992,39.312784675388279],[-97.03871151791023,39.310111841092628],[-97.041438684154969,39.306981547196735],[-97.043794750270109,39.303894455405199],[-97.046251262446745,39.300237607037538],[-97.048366483005907,39.295998013067191],[-97.049966580043616,39.291740402724962],[-97.051103486945323,39.287930638073618],[-97.051814506511562,39.283766410058028],[-97.05193994792387,39.279529031731954],[-97.050892862578962,39.275140926542264],[-97.049775870960389,39.270694305578388],[-97.04853862161643,39.26721798450518],[-97.047223595574621,39.263858306503209],[-97.04501933669259,39.259035985059185],[-97.043276346949767,39.255372005226732],[-97.041445507592869,39.250448357130615],[-97.04011983792816,39.247312894000444],[-97.037053741760815,39.243616381177681],[-97.033255323955913,39.239841117320395],[-97.031058228571581,39.236451818592684],[-97.028878133951267,39.232721020940325],[-97.026717435403313,39.228588482152269],[-97.023816094395357,39.224547906696692],[-97.021557561590043,39.220928056936856],[-97.020317749409884,39.217568655084193],[-97.018309543795581,39.213327660746046],[-97.015382397174164,39.208313390859715],[-97.01314329392477,39.204291725203575],[-97.011340901562463,39.200400318589672],[-97.009317499342643,39.196500645871971],[-97.006489792789822,39.192519342702809],[-97.003653038208682,39.188713170167965],[-97.001067504485931,39.185830683991433],[-96.997951331892423,39.183272481422854],[-96.994612507307068,39.180769565232737],[-96.990544743126478,39.178130676816323],[-96.987249921392419,39.176258499797918],[-96.983125215186178,39.174822225022737],[-96.977359900458268,39.172303416984086],[-96.973559502409273,39.170245247864671],[-96.969417150394321,39.167659808261625],[-96.965522088345693,39.164510196741126],[-96.963453648351788,39.161640774451378],[-96.961836538043471,39.15855369276742],[-96.959762741295393,39.15425102604037],[-96.958891570681558,39.150960737893044],[-96.958536874464656,39.147620736862251],[-96.958128530953459,39.143882965185249],[-96.957850445615634,39.140494418769912],[-96.958017846984802,39.137002048011439],[-96.958942582429543,39.131521851719754],[-96.959687554112847,39.126727895376945],[-96.960325963570085,39.122617323087432],[-96.961124910046621,39.118224462608751],[-96.961999790401279,39.113779701905813],[-96.962398087342876,39.110065836472053],[-96.962932736121687,39.106584024495334],[-96.96292758338997,39.10056005449897],[-96.961306638885958,39.096045389462887],[-96.959150838055663,39.091966483868404],[-96.957078372288919,39.089213057620633],[-96.95422168280021,39.085973753187133],[-96.951568188881808,39.083088614281095],[-96.949066950655478,39.080094076429738],[-96.946436737377027,39.076745796955137],[-96.943879315520519,39.073406948913529],[-96.941762671223799,39.070076977911505],[-96.939936113498419,39.066809480306809],[-96.93803995215066,39.063487821446039],[-96.936380433347864,39.059826419539469],[-96.935445750632937,39.056359183213303],[-96.934145256388135,39.052881304835388],[-96.933100446158349,39.048663134768134],[-96.932198937428282,39.044511938319573],[-96.931563826957529,39.040937587054579],[-96.934824881810698,39.032426491810469],[-96.937139005618619,39.029268264164905],[-96.939271933612744,39.026576469547045],[-96.941919790908599,39.023595194214963],[-96.944273195515009,39.020730988619789],[-96.946626459300617,39.018037390890335],[-96.948979915643832,39.015232214127344],[-96.952877893411383,39.009845403479055],[-96.956038660583758,39.006179547858345],[-96.958830874654723,39.003772331791588],[-96.960816251291391,39.000504668859335],[-96.963168289731058,38.997811870750013],[-96.965886863315077,38.995461937188907],[-96.971470126043911,38.990077031871159],[-96.975878746162053,38.983774283404934],[-96.978377025636149,38.980335026129715],[-96.981242063130935,38.97649685102337],[-96.984767860941901,38.972138100192979],[-96.987852248535859,38.968527802021484],[-96.99064260335841,38.965431669164303],[-96.994019916562209,38.961362729613889],[-96.996149321706568,38.958669981760188],[-96.998424838573982,38.955748479278093],[-97.0005537287783,38.953109197794383],[-97.003782920216722,38.948983169797373],[-97.007305949607087,38.944110735920788],[-97.011342472904275,38.938723205043935],[-97.014350924128252,38.934422467500575],[-97.017505358348359,38.929606294726334],[-97.02000017299865,38.925134524693668],[-97.021614852741635,38.921328013925852],[-97.022975969923991,38.91719230923507],[-97.024417575440552,38.913972737603224],[-97.026348355765464,38.907657403171086],[-97.027119069867723,38.903065918388911],[-97.02760576642261,38.899623347155455],[-97.029033614860964,38.894741992104528],[-97.030899202190753,38.889628357129936],[-97.032840316085199,38.884799581651571],[-97.034203891616627,38.881123260079718],[-97.035782204896051,38.876816083717742],[-97.037797634050008,38.872218588157942],[-97.039963142299101,38.868020221445121],[-97.041766739537721,38.864454988588022],[-97.043423685585509,38.860950124433849],[-97.045008264073545,38.857557318607491],[-97.046227920192777,38.854338246575736],[-97.04751673335538,38.850661307921357],[-97.049168010920155,38.846526226128539],[-97.050456718320632,38.842790119267448],[-97.051816227874298,38.838883893655272],[-97.053468161953248,38.834861405567288],[-97.054612313128303,38.831474472646832],[-97.055898629410265,38.827567701405506],[-97.057044354036776,38.824406045235953],[-97.057969652429549,38.821190496387217],[-97.058887440406508,38.817055971000954],[-97.059591936995602,38.813725186797299],[-97.060296252343861,38.810339737893607],[-97.060260415637487,38.806036033247246],[-97.060891264399203,38.802650087550099],[-97.061668108688295,38.799266301877005],[-97.06238200138155,38.795997853192539],[-97.063429728945223,38.791054704274856],[-97.064332873343986,38.785199338037437],[-97.064886498406267,38.781410310081164],[-97.065514503118266,38.777739979861224],[-97.066141375097004,38.773948089225506],[-97.067049701410312,38.768839921116772],[-97.067520198099501,38.763905071105448],[-97.067493159099286,38.760697650923269],[-97.067446614865432,38.755249756007231],[-97.067339981782709,38.751233318568275],[-97.067090642743494,38.747678752765722],[-97.066383059184062,38.741890808625499],[-97.065312002561328,38.73633686670437],[-97.065122161011502,38.731115506883391],[-97.066027474225351,38.725778742122642],[-97.067012138071888,38.721069221967682],[-97.067633927892331,38.716825673604319],[-97.06788180489167,38.711544778080103],[-97.068274418039564,38.706037343692302],[-97.06880904649104,38.700188527892323],[-97.069494029133324,38.694735412776367],[-97.070182293653829,38.689687137114269],[-97.070796583960686,38.684578174635433],[-97.07184092997683,38.6784906896631],[-97.072744502145511,38.672982166887145],[-97.073148673234002,38.66902376907094],[-97.073339936717602,38.665752044221833],[-97.073459569776048,38.662653796463708],[-97.073501051345403,38.658987413889271],[-97.073614739738062,38.655199961111222],[-97.073579565181106,38.651072525932108],[-97.073547935930975,38.64740009523576],[-97.073807440678138,38.643556714777382],[-97.073774501598876,38.639771663066036],[-97.073964882221546,38.636386168580529],[-97.074845024118659,38.628930509463814],[-97.077255939365941,38.625114108936522],[-97.087604227461043,38.604526323127885],[-97.095437763257891,38.594210186289956],[-97.103269089932127,38.583893555897845],[-97.10591780816155,38.581283443605692],[-97.111125156767699,38.57802347471489],[-97.114243810321497,38.575884057831338],[-97.117203759790328,38.573744935599507],[-97.123887527192096,38.569060163281378],[-97.128677833357216,38.566163486450051],[-97.132373414372495,38.563447299255991],[-97.137381121051206,38.560490288292527],[-97.142458264134092,38.557245791351015],[-97.147388388500758,38.553948889949844],[-97.152245733380965,38.550764019548126],[-97.156598108603475,38.548155840350809],[-97.160876365030859,38.545434442603593],[-97.169075850043768,38.540935892052687],[-97.175633093596772,38.537542133853407],[-97.179056895822342,38.535757284360763],[-97.185394453716512,38.532593722196218],[-97.190711079007485,38.52966167054521],[-97.196609043250135,38.526152655669065],[-97.198774600861924,38.524919070042507],[-97.20236148775237,38.522875665384277],[-97.205564896765011,38.520978455660838],[-97.208914686268827,38.519195735999745],[-97.212773049719829,38.517064392781627],[-97.216340264681392,38.515109781811894],[-97.222601430701673,38.511883681145093],[-97.226168962017582,38.510099429351882],[-97.229736285130855,38.50831619893814],[-97.233375686831337,38.506361490831942],[-97.240290977740358,38.503135740976866],[-97.247061107064042,38.500078385151689],[-97.253830056462647,38.497084219294877],[-97.259942731703262,38.493971483386666],[-97.265762919817618,38.490804551298702],[-97.270927111100619,38.487637399154195],[-97.27601760217712,38.484473038365117],[-97.280960078060147,38.480675369045464],[-97.285755769722101,38.476996142133473],[-97.291059968026374,38.472793877701001],[-97.294038531613808,38.470436051333536],[-97.297380066875149,38.467677278539867],[-97.300430349838607,38.465144531709917],[-97.303262945241698,38.462842679831468],[-97.307981989950065,38.458702744535174],[-97.312626963759783,38.454276747552086],[-97.317341856247111,38.449217456043066],[-97.319807302673013,38.44651312781032],[-97.322200381312101,38.443929993269506],[-97.326333908766827,38.439618274726058],[-97.330104484786929,38.435648266453178],[-97.333291680156833,38.431683350441382],[-97.335970380636297,38.428062923885768],[-97.338165440455612,38.425145906126737],[-97.342268513583079,38.419618222271296],[-97.344584029408708,38.416339512983868],[-97.346464304273354,38.413527251967707],[-97.349068950000643,38.409792447529696],[-97.352566505728191,38.402122887801852],[-97.359356115691838,38.391002282206372],[-97.366143667369073,38.379881298419683],[-97.367717689076443,38.375561910388001],[-97.366908704429036,38.368968028563472],[-97.366139104934149,38.365455391157795],[-97.365434198629998,38.362228719166431],[-97.364654277733877,38.359055290280075],[-97.362762209233054,38.354144188055876],[-97.360837814557925,38.350323110196712],[-97.358873319991545,38.345407170744515],[-97.357083856013276,38.341930313793142],[-97.354952129389417,38.337760087762263],[-97.351428235978233,38.333907416085182],[-97.346835049932523,38.330156674999053],[-97.344699397544773,38.325313780014888],[-97.342020428438246,38.320738896676396],[-97.339147636300552,38.317558004296707],[-97.333628749294078,38.312933537739767],[-97.332791565428096,38.307567724539737],[-97.332789673593481,38.303377400526003],[-97.332833676156966,38.296488542514631],[-97.332287757122614,38.292862891451783],[-97.331237507560814,38.289112173215273],[-97.329887014500812,38.285645823318525],[-97.328595493556094,38.282636080548613],[-97.32701610901789,38.27956808554017],[-97.324313127092552,38.275153689258374],[-97.319861253823618,38.270881851578572],[-97.316883927050824,38.268360754488917],[-97.313689067555103,38.265831854969193],[-97.310135638574351,38.263127170716892],[-97.306590045019959,38.260192528506103],[-97.302540999378607,38.257073498759247],[-97.297913097714172,38.253889089683902],[-97.291900574030663,38.250846228597169],[-97.287541031521556,38.248412576085585],[-97.283702599424757,38.245693387196326],[-97.278196057796777,38.240317953852859],[-97.274945793618301,38.237345880524607],[-97.271464888481603,38.233653385941786],[-97.267879169088189,38.229311600096295],[-97.264643093804182,38.225839438500032],[-97.261993177386969,38.22275824725849],[-97.259554269208436,38.219050236126613],[-97.2567483004335,38.214997941112749],[-97.254389452785546,38.21171840577572],[-97.252247760862204,38.208775692005943],[-97.249145619713858,38.204098315759161],[-97.245092525476224,38.19751770487624],[-97.242625107791667,38.192442234712175],[-97.24127195916752,38.188209809281787],[-97.239994834309812,38.184373675785807],[-97.238787446014584,38.180196641386203],[-97.237791167486989,38.175441947189178],[-97.236216273925194,38.170862603517847],[-97.234712699571205,38.166172070616646],[-97.23190213961874,38.158545748446308],[-97.230457862530685,38.155419424545023],[-97.228149090209783,38.149986294012685],[-97.226068985514942,38.145525638447602],[-97.223773027175355,38.141242212915557],[-97.220604283209894,38.136733200191152],[-97.217804940625683,38.132793753245736],[-97.214493664711114,38.128457760154859],[-97.212274336825999,38.125671273197582],[-97.208118959127546,38.123895378237826],[-97.201668967351438,38.121358876965225],[-97.196428076144926,38.11959322122749],[-97.190383046281156,38.118040373145618],[-97.186126948116126,38.117267404055987],[-97.180623819072437,38.116930133491245],[-97.175464266633838,38.117170422034462],[-97.171311441333089,38.117723220079334],[-97.167004036223105,38.118551705571733],[-97.162608038333772,38.119925158377995],[-97.152690973766781,38.115241777003526],[-97.142327459849184,38.106719976075162],[-97.131966344282688,38.098197290989695],[-97.119861250663121,38.082805270449157],[-97.105682302354666,38.07346254114168],[-97.095369225105173,38.063413373390624],[-97.081217073098301,38.053306971002456],[-97.070811090063813,38.047057645684539],[-97.060406109456821,38.04080858464097],[-97.053804288817972,38.036138754746275],[-97.040623231188775,38.026042747645107],[-97.034085520104512,38.019093814637188],[-97.030273976950255,38.014753817391679],[-97.028280452318697,38.009317680927644],[-97.027810493051788,38.002682027956084],[-97.027979366697252,37.998053074345087],[-97.028218678684539,37.993767040895435],[-97.027956025642922,37.988905245307016],[-97.027983449000359,37.983759947042529],[-97.028584547378543,37.979300230710095],[-97.028821556956288,37.975415734686628],[-97.029851331902947,37.971814544166349],[-97.031173079983674,37.967587426770237],[-97.032492438577322,37.963708283247271],[-97.033824870306802,37.957309441748407],[-97.034786441944917,37.952909077300411],[-97.035892731591289,37.948282198467496],[-97.037146113206632,37.943197838392685],[-97.038323636055424,37.938685169339855],[-97.039426166531143,37.934688421399215],[-97.040382133136859,37.931144607921361],[-97.041265173200443,37.927775454093357],[-97.042220962305606,37.924231642555263],[-97.043177381740776,37.92057961209963],[-97.044062128648676,37.916808857563048],[-97.044948098292977,37.912750310253138],[-97.045615760966456,37.909094053423978],[-97.046498047453582,37.905782806377424],[-97.047380549363183,37.902409095097532],[-97.048479031404653,37.898926464239075],[-97.049289458051078,37.89555558040832],[-97.049882972438908,37.892186551196517],[-97.050199190591883,37.886639378219975],[-97.049868729635165,37.880577972338259],[-97.049383927663143,37.87651775550971],[-97.048539032383559,37.872455042277487],[-97.047550841708656,37.868276410495447],[-97.046275519600016,37.863812492353198],[-97.044925622723724,37.85986114924583],[-97.043431650147838,37.855967892360411],[-97.041721914329912,37.852017313245696],[-97.039942872909094,37.847550928571287],[-97.037948597246071,37.84285658583137],[-97.035953080476901,37.83861723924975],[-97.034099107068741,37.834780451895313],[-97.032029217704064,37.831055892938259],[-97.029814612965978,37.827389390835805],[-97.027314193196176,37.823319251293078],[-97.024886263490956,37.819308676619364],[-97.022386174498791,37.815296450011616],[-97.019672936660683,37.810769515780301],[-97.017245918557578,37.806700780773674],[-97.014678741895864,37.801888090466868],[-97.012254670878704,37.797305042253427],[-97.010910942776718,37.792782164595017],[-97.00949372051025,37.788545405873116],[-97.007931238545126,37.784594254757799],[-97.00672738159588,37.780987005220616],[-97.005882144814649,37.777555257249986],[-97.005338006458004,37.771662719444784],[-97.005501240454947,37.768175817058712],[-97.005809442624624,37.764573908468087],[-97.006549159700413,37.760860273054291],[-97.00758095133942,37.756405825462366],[-97.008322528948781,37.752348604169612],[-97.008629500066476,37.74886159709957],[-97.008374110904896,37.742857336756188],[-97.007817289994051,37.739367401469941],[-97.007258992137778,37.736277918981855],[-97.006071707526417,37.729696849771017],[-97.005013167498291,37.725806167084947],[-97.003741241476675,37.721626091815239],[-97.002325538850585,37.717390309528113],[-97.000983692088283,37.712866116914476],[-96.99978581975968,37.708347411015112],[-96.99894717592079,37.70399755567243],[-96.998324383678792,37.699476344003678],[-96.997773948727286,37.694959010389141],[-96.997296904244649,37.690269301386429],[-96.996962086955961,37.685750191239904],[-96.996550933725885,37.682089453996667],[-96.995779681052397,37.678596717243181],[-96.994649461079376,37.674935155062556],[-96.993734468391466,37.67144244895637],[-96.992966837277692,37.667322810869379],[-96.992773775938005,37.663205171101595],[-96.993010927391239,37.659318268055273],[-96.993750478531453,37.655662613668753],[-96.994993284386936,37.65183553030171],[-96.996522376196111,37.648239209732147],[-96.998191536360409,37.645273045640025],[-97.001809236035555,37.64082628981906],[-97.004482201296668,37.638264474573269],[-97.007301385312687,37.635072287169656],[-97.009200095239223,37.629476128304603],[-97.008572586799673,37.625814940838268],[-97.007303114690743,37.621407248668035],[-97.005892183879581,37.616541145697759],[-97.005056540280435,37.611620086470914],[-97.004725373441957,37.606472892812668],[-97.004753137812102,37.60127141591466],[-97.004779800742668,37.596353256652307],[-97.004949016697267,37.591609037874377],[-97.005116286335877,37.587148165746306],[-97.005645079080594,37.582290524791809],[-97.006894502498739,37.576920533615471],[-97.008070146509525,37.571892447877175],[-97.009747982634195,37.566867965964562],[-97.011641637105626,37.561729031555394],[-97.013676646256926,37.556819758458005],[-97.016214537223462,37.551909618160884],[-97.018534698304805,37.547458518524152],[-97.021214395680346,37.542722175027862],[-97.024183961632389,37.537416661725985],[-97.027154190327252,37.531881282875275],[-97.028396135913937,37.527368809865123],[-97.029063276660182,37.523138920585517],[-97.02930086432967,37.518679547496035],[-97.028533677237334,37.514216381240352],[-97.027621803103017,37.510096855864035],[-97.026567271899282,37.505919459856301],[-97.025728001535711,37.501570644698518],[-97.024462266942464,37.496590724758789],[-97.023197888994957,37.491269447957983],[-97.021711784159919,37.487261796629745],[-97.020153031858854,37.48365293706302],[-97.018596735567556,37.479471823101257],[-97.017110949971666,37.475522083426981],[-97.016055844146805,37.471457217732002],[-97.015289393484807,37.467224834534633],[-97.015022909397317,37.463221380066862],[-97.014827435353737,37.459389107052104],[-97.014849479373623,37.45521482934722],[-97.014941972008629,37.451155920562933],[-97.015320427942456,37.447154869244642],[-97.015769775129755,37.443380793647734],[-97.01650804634663,37.439153622489613],[-97.01717690898154,37.43458121248603],[-97.01799131416999,37.429437580235394],[-97.018805713586289,37.424293911713548],[-97.01983224536248,37.419667165622293],[-97.020712296680287,37.415667443800913],[-97.021515988361372,37.412526134771028],[-97.022679626961846,37.408983551753415],[-97.023556001005815,37.405728955250886],[-97.025088497950307,37.400015833294049],[-97.026334862587149,37.394245969508894],[-97.02728141500188,37.391102284837714],[-97.028813936634265,37.385389083013891],[-97.029690201351173,37.381848829185024],[-97.031000981264285,37.377393534662616],[-97.031738428076011,37.373107044094809],[-97.032762513882687,37.368592814701501],[-97.033646200160973,37.363506322440593],[-97.034384403825243,37.358935346221628],[-97.034975374186814,37.355049422034305],[-97.035709486427905,37.35127604735117],[-97.03644328272253,37.347620904393118],[-97.036817667681433,37.344190823060259],[-97.037051864188214,37.340073666210444],[-97.037143608950487,37.335899694803487],[-97.036673659938145,37.32926520944163],[-97.036478119770777,37.325263235768311],[-97.036353570976374,37.321374452050399],[-97.036226217959069,37.318056825919726],[-97.036822462150482,37.313083140369535],[-97.037848049924392,37.308111349744401],[-97.03786782109087,37.3038810439513],[-97.037529162700409,37.299818922432799],[-97.036830126626597,37.296328790164509],[-97.034784702574754,37.290318988923069],[-97.033441279050109,37.287110961549025],[-97.03209630316077,37.284075886313104],[-97.030253878089326,37.280524008724967],[-97.027913109793062,37.276627206671478],[-97.025072212942817,37.272616323151539],[-97.022015818771834,37.268829173591605],[-97.018815413137361,37.265330957038636],[-97.015613299508644,37.262230923228543],[-97.012552419182683,37.259532357149041],[-97.009203670876673,37.257118352279512],[-97.005710914165633,37.255047906308761],[-97.002006212202218,37.252633301472564],[-96.998654914011155,37.250848182677217],[-96.99494759525318,37.248946527495697],[-96.991027360589641,37.246816725142004],[-96.986750675076607,37.244454255839365],[-96.982762502480156,37.241694435541383],[-96.979490298658192,37.238880710024617],[-96.976718017625686,37.236010440973899],[-96.974231787443316,37.233198064231885],[-96.972176688842211,37.230103264101686],[-96.970409328837974,37.226607864366834],[-96.969285898330213,37.223057110330252],[-96.967747822545292,37.216933789905553],[-96.967052598708676,37.213498928563617],[-96.966287627400689,37.209780119906704],[-96.965166180819637,37.205831051852662],[-96.964114281333124,37.202338767412122],[-96.962703313079032,37.199243107601305],[-96.959519304241923,37.193798721270433],[-96.957536813761479,37.190761071743424],[-96.955128099593111,37.187319571816154],[-96.952865387285641,37.183251035230484],[-96.950886005755805,37.179697859652492],[-96.949260925864507,37.176717512981455],[-96.945579095526696,37.171268798314074],[-96.943381630297594,37.168515952412072],[-96.939197731144517,37.163521657372648],[-96.937071676724017,37.160826147150999],[-96.934803714628401,37.158071434765674],[-96.932249572506819,37.155316675610408],[-96.929839325736893,37.152504955054511],[-96.927498927923665,37.149920246214144],[-96.925301690721909,37.147281949435992],[-96.922120983605822,37.142119857060713],[-96.920862112590967,37.137884593648728],[-96.920744778226918,37.133765583061773],[-96.922124901413724,37.129941931099559],[-96.925003270857459,37.12606446480234],[-96.927661210557986,37.123218276793153],[-96.930246783400094,37.120541069213949],[-96.932833764191301,37.11752235921729],[-96.943094131434293,37.111508903239248],[-96.948183982708443,37.11241625814344],[-96.95351912097982,37.106422528634532],[-96.959035010839969,37.092046575958733],[-96.962483236080701,37.078495556890651],[-96.962287952787378,37.075029740677905],[-96.961897073786247,37.068090241012762],[-96.959737463820346,37.058000891180704],[-96.951591355608571,37.044628520603887],[-96.942411063451516,37.039325281605301],[-96.933265605538864,37.036708668858303],[-96.926387488076443,37.033178153275323],[-96.922904403263274,37.027830717681269],[-96.920538531953341,37.020681829687341],[-96.919333720313631,37.015315803127514],[-96.918107040926586,37.008159262146123],[-96.918806989193016,37.000138530007419],[-96.918978513608636,36.999177714132784],[-96.917098768678727,36.999188311517685],[-96.91549876776871,36.9991610386584],[-96.904462401841869,36.999206494445637],[-96.903516947495476,36.999142857487826],[-96.90208967426139,36.999161040139164],[-96.889198761393033,36.99919740399303],[-96.876298758338351,36.999242859136423],[-96.875316939406019,36.999242859090799],[-96.867626028632344,36.999224678502799],[-96.854362389010078,36.999251951578074],[-96.842635113102375,36.999179224487868],[-96.84088965814702,36.99916104332253],[-96.831216928311889,36.999188316023449],[-96.830844201526105,36.999188316433539],[-96.822798744377096,36.999188316998307],[-96.821516926035301,36.999170135344578],[-96.816871469609694,36.999115590308413],[-96.814207833268028,36.999088317298146],[-96.804707830706789,36.998979227350368],[-96.795207828733254,36.998870136494261],[-96.794780555125314,36.999097409533888],[-96.79207146430474,36.999188318623311],[-96.781044188592304,36.99917922865351],[-96.77001691306252,36.999179228736644],[-96.760162364878994,36.99914286534387],[-96.750316907855705,36.99910650276788],[-96.749844180022706,36.998997411706839],[-96.741107814332267,36.999215594114808],[-96.73889872289115,36.999233776104489],[-96.736689630942806,36.999215594082308],[-96.731989630246986,36.999288321530543],[-96.722353264492114,36.999279231684078],[-96.712716897606242,36.999279232403637],[-96.710653261488332,36.999251959154208],[-96.710471442217496,36.999251959606759],[-96.709680533428028,36.999242868599197],[-96.709262351402089,36.999224687040936],[-96.70544416851709,36.999242868743139],[-96.686871437161187,36.999170142391193],[-96.675235070243701,36.999151961208455],[-96.663571430901271,36.999124688968713],[-96.651935063816126,36.999188326546836],[-96.64795324443142,36.999088326025209],[-96.637625969120293,36.999070145286311],[-96.627307785331979,36.999051964311597],[-96.625307784288751,36.999042872848435],[-96.62449869349804,36.998988328017894],[-96.611435053879362,36.998951964689141],[-96.598371413572153,36.998915602178613],[-96.588171410593716,36.998888329452967],[-96.577962317961067,36.998861057280862],[-96.567635042328732,36.998833785612419],[-96.554924752523192,36.998789920632213],[-96.554471402671808,36.998788331015518],[-96.55392594739665,36.998788331299032],[-96.541244126337347,36.998761059059341],[-96.528653214274598,36.998724696245006],[-96.526371395425386,36.998715605877102],[-96.525753213057257,36.998715605763564],[-96.525507759066571,36.998715605664387],[-96.525280485510734,36.998715605431158],[-96.512698664710342,36.998679242814255],[-96.500298660653442,36.998651970826984],[-96.488035022018025,36.998761061884188],[-96.475780473162544,36.998879245067577],[-96.46352592409896,36.998997427075956],[-96.451271375350373,36.999106518925899],[-96.433344097774295,36.999115610363972],[-96.415635003036272,36.999188339306954],[-96.412689547466314,36.999288339219433],[-96.39868045267167,36.999197430777656],[-96.394316815693571,36.999188340569198],[-96.379953175139832,36.999261067885421],[-96.379862266173419,36.999261068237857],[-96.375289537608751,36.999270159845068],[-96.373053173298985,36.999324704915303],[-96.362599131267956,36.999300057460495],[-96.363235815810924,37.000086188511723],[-96.365022139708259,37.002295793043771],[-96.36530130827677,37.002759026604458],[-96.365300077754412,37.00292972632856],[-96.366758296572172,37.006491929400411],[-96.367250079651086,37.00724014266509],[-96.367247196889721,37.007413076495617],[-96.367567546973703,37.010623952608704],[-96.367565541593322,37.010851539214976],[-96.366732831455408,37.014912664618514],[-96.366729946067153,37.015085597851225],[-96.365396869853569,37.01925866032915],[-96.365394798911325,37.019485142227069],[-96.364007740636211,37.022055230323623],[-96.363641583916035,37.022797100614405],[-96.36364087752716,37.022913120401519],[-96.36174763175562,37.026050294588181],[-96.361669427680354,37.026563715288596],[-96.358556483293512,37.030208750274603],[-96.357689123586255,37.031117197256364],[-96.353769885345358,37.03635867292337],[-96.353121514408741,37.036870379883482],[-96.349873066147069,37.039768120289537],[-96.349295225558208,37.040336526943349],[-96.346039602861808,37.043808704251184],[-96.341645239932689,37.046868995955975],[-96.341357563287843,37.047092928536678],[-96.340998264396433,37.047207751184047],[-96.336754352938271,37.049697370909776],[-96.335958933915279,37.0505485478079],[-96.333288411683171,37.052819473970708],[-96.332710813034637,37.053272883898558],[-96.332281737760781,37.053385623274913],[-96.329479057543296,37.054739816283245],[-96.328904117600118,37.05496335504256],[-96.325092124664792,37.057113389298692],[-96.316905307165854,37.060813240305336],[-96.311365257590921,37.062484271616391],[-96.306873910484811,37.063102643305079],[-96.303728301266588,37.063360448340866],[-96.300419803309566,37.06353161726917],[-96.295818836175584,37.063810696361578],[-96.292242593688897,37.064623757696872],[-96.289460468673084,37.065738204294789],[-96.287231658859568,37.067737074811234],[-96.284323998711017,37.071541384289048],[-96.284125652518611,37.075425178195601],[-96.285489099836212,37.079725858216747],[-96.287074154294189,37.083571948177628],[-96.288297192114086,37.087756900700548],[-96.288173067602898,37.091415154523943],[-96.284988976533612,37.094586456618899],[-96.281465843502872,37.09649452979518],[-96.275736561267848,37.098097413508214],[-96.269159645248195,37.099118469174662],[-96.263174457792303,37.098716656938649],[-96.259264451233918,37.097819254510057],[-96.255995474137748,37.096816625157636],[-96.254682624528115,37.096733500201687],[-96.252123910590399,37.09647113411112],[-96.250419123543637,37.096608539890205],[-96.248544711184778,37.097015123574081],[-96.247182342583159,37.097553391782647],[-96.246505975971758,37.099296169610881],[-96.245492938932998,37.102380534025379],[-96.246184792258688,37.105327563591025],[-96.24708061902173,37.107489921230709],[-96.249530116540782,37.109613398009806],[-96.253611445330222,37.113371033246267],[-96.257415791422488,37.116610368409845],[-96.261861756639746,37.119912905617923],[-96.266525180109852,37.122987271036806],[-96.270553490583822,37.125600989931776],[-96.275141304237295,37.129018745632344],[-96.277890850883963,37.131277019100217],[-96.281408464617542,37.134739370071387],[-96.284437403011836,37.137455348888899],[-96.28923645411183,37.141160986424836],[-96.291984253540832,37.143589620048111],[-96.296983091930628,37.148383223076557],[-96.300413197662422,37.153045549726521],[-96.303262913131348,37.158389695981917],[-96.304549896413235,37.16326247678299],[-96.303762125364159,37.16839928605777],[-96.303209985996745,37.172051823304649],[-96.303595076239873,37.174370050132403],[-96.302653897507852,37.176045708291106],[-96.29945336796473,37.181474016964209],[-96.294865453915349,37.185459904926276],[-96.287504830639321,37.186923335959612],[-96.280142556614464,37.188023754021444],[-96.276457990204932,37.187670799638923],[-96.273232552271566,37.186956380808716],[-96.272009894300439,37.186240726048972],[-96.26884784427159,37.18309419059171],[-96.26631396244214,37.18061215444142],[-96.26066215941421,37.176552806754124],[-96.255779946912995,37.173589187886684],[-96.251759143991123,37.170346967684786],[-96.248319904528344,37.166425140778486],[-96.246145964974559,37.163831500715006],[-96.244626928195032,37.162091001023434],[-96.241842358341358,37.161368164096373],[-96.235853551441224,37.159573916539053],[-96.228486577789027,37.158503749422586],[-96.22296718270502,37.159598339136771],[-96.218371214350228,37.161774206543875],[-96.216997856483232,37.164305566833846],[-96.216080806794551,37.165173996506276],[-96.216676773540101,37.167589181741981],[-96.214919371958516,37.170430240561863],[-96.211097688662022,37.172847628397477],[-96.205784860253587,37.174736433478756],[-96.198993656986971,37.17529440901972],[-96.195062295399453,37.17559528951481],[-96.191952345425406,37.178079002756434],[-96.191020256809651,37.182870521391806],[-96.192961128626564,37.186550910288993],[-96.195485609742946,37.189491839387713],[-96.198155952315943,37.192207141382191],[-96.20104398444974,37.194751358976823],[-96.204852622765856,37.197821575955224],[-96.209228213705714,37.201182963454968],[-96.213112852687885,37.203966113224816],[-96.217638894950909,37.206872907570528],[-96.220964395672681,37.208906037692522],[-96.224924389237941,37.211520212275325],[-96.227814682602215,37.214007995970505],[-96.230921244140447,37.216382599510922],[-96.234030017427187,37.21864558663593],[-96.236710277345949,37.220902645504694],[-96.239592436232215,37.223961283230885],[-96.242111101459727,37.227473506488657],[-96.243996635113902,37.230352156499926],[-96.246091713196336,37.233572852901936],[-96.248456483133154,37.237827027220959],[-96.24940150263221,37.241496211725647],[-96.249908963361136,37.245731827293959],[-96.249995793376868,37.249447395413],[-96.249587873978811,37.252817040626319],[-96.248608062152726,37.256120895917952],[-96.246623823855018,37.259704598235459],[-96.244140091473128,37.26322229012888],[-96.241924969206877,37.267039507650587],[-96.241271277227995,37.269405649400753],[-96.238518561654374,37.27338558461998],[-96.236686342768465,37.277002269585772],[-96.234851586976134,37.279896046269059],[-96.232089160687053,37.280985633075893],[-96.227022813207498,37.282439754623091],[-96.223334913331712,37.282446603241482],[-96.219187075062592,37.282815580464835],[-96.214575093614002,37.282101014323182],[-96.211287550156186,37.281678441575529],[-96.207852280816155,37.279885084986617],[-96.204376955650844,37.278132997378862],[-96.199201265524394,37.275393047499378],[-96.19380476397555,37.273048125250547],[-96.187972343675298,37.271215627147683],[-96.182988238026056,37.269961641171598],[-96.178708355900682,37.269402470797353],[-96.174064343715074,37.269237447093722],[-96.167705162852585,37.269053429340275],[-96.162781682358244,37.268487899723382],[-96.157873758436409,37.267004098758747],[-96.153751308688513,37.265587146393123],[-96.148484465619418,37.264214967984643],[-96.14390897677427,37.264223818956872],[-96.140012058358337,37.266466071187381],[-96.135588668305729,37.270247019498335],[-96.133047009615325,37.272621351948857],[-96.130768698671076,37.276368543273243],[-96.129361071104455,37.279323841402814],[-96.128517069464522,37.28274591879773],[-96.128450980597492,37.286688104156106],[-96.129185454553792,37.289783888804514],[-96.130489909347148,37.292998453433576],[-96.132494596158679,37.297138025004273],[-96.134931724766972,37.301051775233773],[-96.137867205320802,37.305142244161559],[-96.140823017103145,37.30803352073449],[-96.144279532723147,37.310928563959571],[-96.147384787534733,37.313479252997155],[-96.150622398950404,37.31665772111328],[-96.153917388497931,37.320694913383598],[-96.15585364744355,37.324773958958865],[-96.155930442706904,37.32877725199922],[-96.155850067480785,37.333693210512322],[-96.155778534975312,37.338036900808795],[-96.156631173873535,37.342731882770565],[-96.15944383927102,37.34573437929059],[-96.163917834605584,37.347842209154479],[-96.168840549487811,37.348753484565172],[-96.17297581870163,37.349654544095074],[-96.176813949684828,37.351296520123249],[-96.180004023148484,37.353161345777075],[-96.183472683147698,37.355542116496757],[-96.186771854306542,37.359520359241273],[-96.187503434374804,37.363016165957404],[-96.186876735240276,37.366382462249931],[-96.185523947349026,37.370368921216034],[-96.183596085133772,37.374520216191264],[-96.180887274891575,37.378206364509069],[-96.178195479879903,37.380866215768592],[-96.175077652619109,37.383289035697786],[-96.171175146630802,37.385534402768016],[-96.166925053411191,37.387145447066537],[-96.162604196200007,37.388642662973062],[-96.15856742226137,37.390314459429156],[-96.155225970763851,37.393192163584303],[-96.153654970665841,37.397290051212075],[-96.152944745041765,37.40122622250248],[-96.152871247872852,37.405685814626196],[-96.154388438389958,37.40918858365491],[-96.155834537524612,37.412690317314386],[-96.157785526465986,37.415970516870658],[-96.159945252975774,37.419654199625064],[-96.160958923154865,37.423322619196689],[-96.160322277062093,37.427202909583222],[-96.159052125386964,37.430389130906676],[-96.155788243138645,37.432811603742117],[-96.151630134827215,37.432995319671356],[-96.147198187122086,37.432373915012704],[-96.14292227921068,37.431070622059913],[-96.138796631541993,37.429309693453938],[-96.134091345605484,37.427940769019834],[-96.128655149971607,37.427482628611862],[-96.124636901218906,37.427893940147136],[-96.120322918774335,37.428816288507399],[-96.115789565053532,37.430023131138938],[-96.111819362855314,37.431751283206424],[-96.108349376199854,37.433597107709559],[-96.104432260651024,37.436411404367114],[-96.100367686146711,37.439452130899753],[-96.098455688068299,37.442287985202967],[-96.097249233052381,37.445761258563387],[-96.09632084715858,37.449694958506534],[-96.096122233142651,37.452893032133993],[-96.096419514391826,37.456382933178119],[-96.09598760604301,37.460607342525392],[-96.095417645948274,37.464545210222695],[-96.094908019404897,37.46911209916415],[-96.093978304842324,37.473103772852255],[-96.092467138334584,37.477545372911443],[-96.090968296453042,37.481298722535001],[-96.089258519427503,37.484766688331554],[-96.087973198276515,37.488582312010394],[-96.08755932910563,37.491721343914477],[-96.087261386908708,37.496460901090927],[-96.087051895139041,37.500231115903674],[-96.087263261978123,37.504520803313412],[-96.08770988104942,37.507670361966113],[-96.088506134066932,37.51133721150098],[-96.08915577521735,37.515175924657939],[-96.090158305319349,37.519359046554236],[-96.091658012287553,37.523833999797461],[-96.093521601645492,37.527972907542996],[-96.095735190922227,37.532683717628089],[-96.097967742667379,37.536255647080104],[-96.10071732778016,37.539028486090324],[-96.102955725958182,37.54231363653291],[-96.10388476110495,37.546668439903499],[-96.103451631734202,37.550949676204134],[-96.10229909980805,37.555338573394096],[-96.101162118938575,37.558811727557554],[-96.098525138718003,37.561868884758262],[-96.094460273248103,37.564507748390511],[-96.091007257765213,37.566357463207403],[-96.090527575282053,37.568168085054509],[-96.089273916596611,37.569803034121229],[-96.088230974141879,37.572745033514337],[-96.087398632169624,37.576830153079072],[-96.088448652366324,37.579770628089094],[-96.090549310439641,37.585977264291103],[-96.090917190012377,37.587263023283199],[-96.093072288849029,37.594797949695639],[-96.093081925811916,37.602476152283081],[-96.092461359474015,37.608521937992016],[-96.09058143257954,37.612280988177041],[-96.088492308743895,37.616366999064248],[-96.085354696770509,37.619473287825294],[-96.080122180143817,37.622255213197093],[-96.073213969868704,37.625199653737376],[-96.065258262740016,37.62847216857336],[-96.061768368732871,37.630497256161682],[-96.057586492148346,37.631353671648633],[-96.051928438797901,37.634429055890557],[-96.049916507160731,37.638407226053417],[-96.048705791598195,37.641763827024519],[-96.047857075539099,37.644955195446336],[-96.047152671978182,37.648147624701885],[-96.046918184757288,37.653117728193116],[-96.047069602519187,37.65660648128798],[-96.047929830310565,37.660673809237068],[-96.050084610178146,37.664644726004688],[-96.053164668450847,37.669139411558703],[-96.055030698181909,37.671697180926785],[-96.055032307143819,37.67386317655864],[-96.055983178281878,37.678539373133454],[-96.055355433899209,37.683709318218952],[-96.050939990539632,37.692327256485683],[-96.037992506299787,37.697008607010133],[-96.027569240210752,37.698242740686162],[-96.021855963545931,37.697996299377223],[-96.015453483134849,37.695091809138304],[-96.010308669184795,37.690431340299384],[-96.005170962103421,37.691419857596415],[-96.000666371487313,37.690165203576591],[-95.993257134254492,37.688739623864926],[-95.988055790459711,37.688007546630772],[-95.983459882516527,37.687777256133209],[-95.976130242279979,37.687686809869327],[-95.971679086719419,37.687401461015121],[-95.966126163181713,37.687357646645353],[-95.962428788510735,37.690027807757495],[-95.960192961163514,37.693205826883073],[-95.958103961743689,37.697656458232736],[-95.957039703051279,37.702641637224218],[-95.956833227882456,37.706422578034484],[-95.95744738082405,37.712562714630522],[-95.957508871927843,37.716533344456764],[-95.957983707341953,37.7219752273908],[-95.958481193264831,37.72528793720965],[-95.958711099007914,37.729042229743285],[-95.959164947088667,37.733387702210486],[-95.960096986365272,37.73862894396602],[-95.961043270539321,37.744389920469708],[-95.961257747320829,37.749580702510926],[-95.960732107132273,37.753534386520798],[-95.961541201468279,37.758718683087388],[-95.962358071413149,37.762877979574007],[-95.963115138981507,37.767539144872273],[-95.963113055348302,37.771718252367599],[-95.963334872714029,37.774856817411674],[-95.962881980885015,37.779767446195692],[-95.962441102076511,37.783185758768632],[-95.957611984293209,37.786942777921716],[-95.943879227521563,37.795483932504403],[-95.932895487897923,37.797613108850165],[-95.916562900532853,37.801274651414261],[-95.91205016148146,37.803903636603295],[-95.90866512005492,37.806093840440006],[-95.903586933493429,37.80959984553796],[-95.897945662648951,37.812227389198135],[-95.891740833086573,37.814414752826877],[-95.887790892682247,37.816604997380914],[-95.882147799801629,37.819670143569262],[-95.875373612406619,37.824489368215112],[-95.873676742202093,37.827558060628128],[-95.871978210959341,37.831504480496292],[-95.868578241000122,37.840712199362535],[-95.867441589256075,37.845536900631387],[-95.866867255357562,37.851238826845211],[-95.867420344569652,37.8573802852437],[-95.866849078453825,37.861327828331873],[-95.867210545678901,37.866388331994415],[-95.877846267993149,37.880902777216605],[-95.886068893555162,37.895870162653367],[-95.891548515968196,37.908692089693872],[-95.894271211703327,37.92792875534375],[-95.894261689452406,37.934333844398964],[-95.888741214425309,37.947153593132192],[-95.883215343021419,37.962103259945209],[-95.880425568064069,37.985603970606292],[-95.883150653825837,38.002700421141718],[-95.891394799028362,38.013392319232388],[-95.896896032178304,38.017668573037341],[-95.91065433041345,38.026225680912646],[-95.929921372507209,38.039056010194024],[-95.951955223739787,38.043342568968761],[-95.960529363554244,38.043344528231287],[-95.968483295185109,38.043346832306277],[-95.985012226206365,38.043348844881699],[-95.990521734212052,38.041214769017941],[-96.004023223900305,38.042261184627343],[-96.010283263952743,38.043429622241014],[-96.014341086275337,38.04558724474532],[-96.018167258884958,38.047744787344783],[-96.021917117066351,38.04992898129904],[-96.026533012745517,38.053954166908632],[-96.035299512026199,38.062257330445078],[-96.039197626363972,38.068296418693173],[-96.045044544462399,38.075089687289399],[-96.05381349310889,38.080371384541948],[-96.061611498151436,38.087918030962342],[-96.069415424652618,38.099994343860224],[-96.075272357553445,38.111317450951788],[-96.079181218762642,38.121885385673394],[-96.083101429787064,38.141513499182402],[-96.087021052404978,38.158876376708285],[-96.087033553793319,38.169447813067883],[-96.087046951959991,38.180773156262205],[-96.087068396467416,38.198893688414387],[-96.088062015941517,38.213993418646929],[-96.089062447356639,38.234379369614622],[-96.091032206758712,38.24872328261133],[-96.093984973570841,38.267596518941048],[-96.094986749320853,38.287227323702076],[-96.095991084764819,38.308366997385519],[-96.096782841415873,38.313823259659834],[-96.096017297375411,38.328375447693482],[-96.096040011623742,38.345740772009592],[-96.097140642130881,38.361464719504909],[-96.097403046763844,38.366788638078908],[-96.0980403474219,38.379715930232877],[-96.098056492508178,38.391796122723193],[-96.099047823561278,38.401610517651619],[-96.100242054710137,38.408922101640151],[-96.101020934395549,38.413689091212746],[-96.102015057930089,38.425013475277737],[-96.103004241618763,38.432563882778723],[-96.104971242713773,38.439357338135217],[-96.10791857664519,38.446904896734338],[-96.110869864072654,38.456717432504796],[-96.11578500015672,38.469548129539071],[-96.117762726504708,38.481626440532004],[-96.11679422572746,38.488422475472653],[-96.115826768581073,38.495974614531235],[-96.113880713920665,38.504281560159662],[-96.112918591121087,38.515607618877311],[-96.111954964155657,38.526178661785309],[-96.11089636826847,38.530694714816427],[-96.110007666188991,38.534485548055592],[-96.10806104193972,38.543547413050256],[-96.103172108083101,38.551857836623711],[-96.096323366257266,38.561678551143629],[-96.090055454633756,38.566998466574347],[-96.079245271695115,38.575340023373968],[-96.070931644046269,38.586024546535242],[-96.06818280604206,38.590265087761424],[-96.065388701958128,38.59457474225308],[-96.054301939977094,38.615945743607774],[-96.051533905572327,38.626628635175088],[-96.059879767058987,38.645853753024973],[-96.066833929064416,38.657603645755984],[-96.073790327280363,38.669353154052487],[-96.087331521305359,38.676547646823053],[-96.089156130735333,38.682462666230755],[-96.09210865127713,38.689252296775592],[-96.101573692810888,38.697965486655058],[-96.111040992447101,38.706677956577359],[-96.122405905067893,38.718296945515604],[-96.126203570341772,38.727012086941606],[-96.133807311196961,38.747353907157269],[-96.137613110646868,38.758973907141737],[-96.130080338992286,38.77933081533206],[-96.122525623657438,38.789512354708101],[-96.114968799529208,38.799693442466008],[-96.104090986359751,38.815835140013213],[-96.090612756624054,38.822315292571311],[-96.07713213162549,38.828793982283031],[-96.058196060869122,38.836072974057664],[-96.039256209648826,38.843349076030528],[-96.022205704864888,38.844807038645307],[-96.005154518650485,38.846262654603819],[-95.978628826437543,38.852074728871607],[-95.967256918276703,38.859338118205983],[-95.955882743649909,38.866600469646635],[-95.944505505973027,38.875316072596732],[-95.929327885981721,38.889845721436494],[-95.920521387005962,38.903631671751526],[-95.910331573535871,38.921807931860698],[-95.906512089032191,38.942156453008081],[-95.906493508577455,38.956687238367522],[-95.91785829941314,38.974141435326807],[-95.927228745938862,38.993323279542047],[-95.929223108213534,38.997404099681177],[-95.940598487061862,39.0177571916267],[-95.944385576425333,39.032293239883032],[-95.948167879429292,39.055554106234673],[-95.948864318735573,39.059297288753825],[-95.950513286072791,39.068160017229765],[-95.951954689652325,39.07590513902187],[-95.9519445966327,39.090881257975717],[-95.951933814430916,39.10788056964094],[-95.944314123600719,39.125320632024028],[-95.940496251874222,39.142759938456599],[-95.936331512261404,39.149114013256579],[-95.929064797841207,39.160197330905916],[-95.913825664230941,39.174721289693743],[-95.906199667498484,39.184892447473636],[-95.898571532788196,39.195063160302226],[-95.892841155632766,39.208138803649412],[-95.887108712419547,39.221214221536187],[-95.879811460524749,39.233006965935076],[-95.872511835039901,39.244799314943002],[-95.871038131533624,39.254095175728636],[-95.868493801274752,39.260209003249692],[-95.864162738738287,39.270613773892599],[-95.860284017525132,39.305497344082788],[-95.86275560312059,39.321546601955838],[-95.863722223748979,39.327820394646437],[-95.864290807875747,39.331510594900003],[-95.869865472627481,39.34612992263245],[-95.875442388843382,39.360749058537522],[-95.879723677134038,39.367342819148348],[-95.885382667392221,39.371126997589585],[-95.886821399826431,39.375855207757546],[-95.89098793881989,39.379402459102252],[-95.89510785806624,39.38291046873313],[-95.898795057915592,39.386048814386953],[-95.902671676293721,39.389348926989733],[-95.907110209783525,39.393126726194993],[-95.911210491417549,39.396616354561694],[-95.917622002730951,39.399834156709154],[-95.923602849203974,39.402834957856669],[-95.928156547978944,39.405119725401626],[-95.932857102165954,39.407478002744945],[-95.937038661752084,39.409575991218603],[-95.940826778309329,39.411476213843436],[-95.944578779534808,39.413358460752001],[-95.948372953342314,39.415260687911882],[-95.95398329558779,39.41807363428584],[-95.959206598172045,39.420606234813434],[-95.975175978892679,39.428347268437832],[-95.991148777784801,39.436086276919426],[-96.009185754371785,39.442262154576589],[-96.027225811359159,39.448435438212421],[-96.031711867279625,39.450658454636987],[-96.053126411772269,39.457938578559691],[-96.074545268210258,39.465215046701971],[-96.084470996229342,39.467532110750241],[-96.092272391346143,39.470715511651697],[-96.096475644749233,39.472212542471304],[-96.100458386687777,39.473478721078138],[-96.104956918448963,39.475203870993106],[-96.109749836109955,39.477385944991916],[-96.11432084839609,39.479513374056921],[-96.118671793717908,39.481521496713007],[-96.123169826421176,39.483705568782284],[-96.128700171320276,39.486517491310501],[-96.133198338183618,39.488871870450261],[-96.138213235797593,39.491337037982426],[-96.142490521796802,39.4936366851963],[-96.146030877721046,39.495587871586999],[-96.148980221505511,39.497710370731049],[-96.151780512448326,39.500228936221653],[-96.15553942368193,39.503501382684284],[-96.159225301606128,39.506825126242113],[-96.162024559109739,39.510263687231465],[-96.165855998382739,39.514617688897339],[-96.169913046642861,39.517545785780612],[-96.174192015799818,39.520298301583104],[-96.179137133792793,39.522765307008541],[-96.184083541586702,39.5248852256899],[-96.189399424166311,39.526721079764933],[-96.195159732438199,39.52850468049494],[-96.199517306708444,39.529650042829083],[-96.203579780279966,39.530743295866444],[-96.208011327031471,39.531773347973335],[-96.21177807120435,39.532922598296857],[-96.216727506340007,39.533955920705729],[-96.221382054183167,39.534818904135562],[-96.226996684611379,39.535678871785628],[-96.233203046602696,39.536655712887651],[-96.238080196581976,39.537343661752132],[-96.242438964255115,39.538032426816002],[-96.248424046411117,39.539007818492344],[-96.254039993566565,39.53986992416695],[-96.2607643524276,39.540786347571192],[-96.267415803534973,39.541415899008598],[-96.273771268588618,39.541993326698176],[-96.279757193238851,39.54238942918203],[-96.286112783324725,39.543138001541642],[-96.292542774147051,39.5439953916311],[-96.298824522290971,39.544965452284671],[-96.303111752671128,39.545709173985486],[-96.307398358556242,39.546452750650246],[-96.312350131273746,39.547657395150694],[-96.318115132098569,39.549259135213525],[-96.322994005374483,39.550515985178954],[-96.328759573489577,39.552229883391014],[-96.333712907295123,39.554059458346082],[-96.338444642951643,39.555947439285887],[-96.342289147339557,39.557725026341714],[-96.346281643056372,39.559726278300253],[-96.350644646879772,39.561956139580239],[-96.353898465222898,39.563845449430687],[-96.357374456371829,39.566019607300056],[-96.363439433281016,39.569850381194797],[-96.367877968648969,39.572942797361875],[-96.371502727766611,39.575515452472004],[-96.374906583813896,39.578434444213251],[-96.377719229395325,39.581236923319246],[-96.380309340458481,39.583926204746923],[-96.382752705967704,39.586787700363729],[-96.385862874831474,39.591312442444838],[-96.388307264449651,39.595204482180563],[-96.390381848635485,39.598409411575567],[-96.392826511513405,39.601783819813363],[-96.395863818182548,39.606248338922526],[-96.397938750244151,39.609168710550456],[-96.400531819870537,39.612429861257944],[-96.40312511878264,39.615748944304556],[-96.40623764116738,39.619984321273996],[-96.409794833537902,39.624276175815098],[-96.412166617467861,39.627135130595001],[-96.41505614475804,39.630113913995281],[-96.418094689025367,39.633145682178885],[-96.423504207836132,39.637949679218345],[-96.427875513920227,39.641038060663902],[-96.432246720660871,39.643607587488781],[-96.437062662368064,39.646349441400503],[-96.441063381614626,39.648635509626558],[-96.445212117539825,39.650289586562998],[-96.45113612902594,39.65148760093885],[-96.456541578955779,39.651935405014314],[-96.46076157576465,39.652216668348139],[-96.465499152006657,39.652208082762918],[-96.46979230949961,39.651742486737056],[-96.474380058080655,39.65070791144101],[-96.480372366444129,39.648977237156636],[-96.486512009258973,39.646790640824101],[-96.490875409518836,39.645236478499449],[-96.495756511970939,39.64333768285406],[-96.50085902279146,39.641267116157906],[-96.505369275765986,39.639540103468271],[-96.510472019385432,39.637753595186751],[-96.51594590462156,39.636595606296339],[-96.521531920033226,39.635250638263358],[-96.525693239710336,39.633846701725624],[-96.531286582918966,39.631959128127981],[-96.538222340225431,39.63031319026728],[-96.543014400589129,39.629239482371318],[-96.547658595339726,39.628161781295134],[-96.552280625878169,39.627295957431542],[-96.558416574632489,39.626275975262814],[-96.562970521093533,39.625538310083215],[-96.567730494173574,39.625152056291043],[-96.571879938314638,39.625148790713403],[-96.575134366439997,39.625591325171968],[-96.578728632819988,39.626079966749103],[-96.585553849071786,39.627524006723732],[-96.591273860802218,39.628826781659704],[-96.596407437945459,39.629997092973689],[-96.601514876730363,39.631737347744881],[-96.605496917701288,39.633792954552746],[-96.609104195704759,39.635952874291441],[-96.612241755209553,39.638670503154756],[-96.613287650502699,39.641737421913668],[-96.614744615787544,39.645559728096103],[-96.617490467060662,39.650390777378234],[-96.620346433963462,39.654422539498199],[-96.623982560635071,39.657613740768952],[-96.629359505930694,39.661651679698302],[-96.632744375105929,39.663861157084526],[-96.637441407446147,39.66682127159941],[-96.644361809158056,39.670934406492528],[-96.647688620945161,39.672800227358394],[-96.653401068653409,39.676041191074503],[-96.660354343368084,39.679280948857453],[-96.664898085367923,39.68093129695049],[-96.670174798016333,39.682329907894847],[-96.677315542554126,39.684171123333904],[-96.683774246819524,39.686696126932723],[-96.687820692974938,39.685898704823799],[-96.693155740800563,39.689554942205241]]]},"properties":{"FID":3,"US_L3CODE":"28","US_L3NAME":"Flint Hills","NA_L3CODE":"9.4.4","NA_L3NAME":"Flint Hills","NA_L2CODE":"9.4","NA_L2NAME":"SOUTH CENTRAL SEMI-ARID PRAIRIES","NA_L1CODE":"9","NA_L1NAME":"GREAT PLAINS","STATE_NAME":"Kansas","EPA_REGION":7,"L3_KEY":"28  Flint Hills","L2_KEY":"9.4  SOUTH CENTRAL SEMI-ARID PRAIRIES","L1_KEY":"9  GREAT PLAINS"}},{"type":"Feature","id":4,"geometry":{"type":"Polygon","coordinates":[[[-95.759269940159683,37.815501406175365],[-95.761377946264389,37.818586048472575],[-95.761166963233123,37.823572189706816],[-95.761256567224976,37.827836208773014],[-95.76337097568566,37.831498550050426],[-95.769658677718382,37.835017091396296],[-95.772412229499182,37.84196505504687],[-95.775649963557683,37.846810347402901],[-95.780457203837301,37.850211853900042],[-95.786155815764658,37.849936427092565],[-95.791472572141814,37.848060755821471],[-95.795632105587757,37.846022310129847],[-95.801433856829703,37.84265361447568],[-95.807083194738695,37.838712252546607],[-95.812652231132503,37.834200564890345],[-95.817281608947937,37.829635928925029],[-95.819701799491654,37.82715237734606],[-95.823762536769721,37.823281492680159],[-95.828335588253495,37.819976656122158],[-95.833994125284633,37.816950830520582],[-95.83909317791597,37.81524899218401],[-95.850132182950361,37.815328838949782],[-95.855241844657655,37.814426008512086],[-95.859608388809221,37.811984121257737],[-95.863184450047328,37.809774273225244],[-95.86696237787443,37.806534018432522],[-95.870004881527976,37.802325854768512],[-95.871746765675653,37.797957887894711],[-95.872907470527835,37.793307128072996],[-95.87427695030236,37.788137932615996],[-95.875521530427207,37.784346017264738],[-95.876553004559852,37.780785847810058],[-95.877589897928331,37.777624947326871],[-95.878531258471853,37.772804367383323],[-95.880817964329054,37.766254094822791],[-95.882072448107152,37.76320714074545],[-95.884439423421313,37.757284787612612],[-95.886551926111551,37.753771260299239],[-95.891003427614478,37.747487123427163],[-95.893844338329401,37.744540689743665],[-95.896764408058132,37.742110667697737],[-95.900902707065597,37.739208657672833],[-95.905265841009367,37.736936856459877],[-95.911803021555329,37.735504090811951],[-95.918074998177985,37.735675763573852],[-95.92254810046829,37.736037815113164],[-95.929129974355305,37.735825454439635],[-95.932929132977449,37.74115886752697],[-95.93421613048605,37.745773692923187],[-95.937101296015243,37.749719012750269],[-95.940853935933518,37.753033428427152],[-95.946771323507917,37.757446128342657],[-95.949156033087462,37.760755201142274],[-95.953686446030801,37.762458979378941],[-95.957583306532044,37.76113872690339],[-95.961541201468279,37.758718683087388],[-95.960732107132273,37.753534386520798],[-95.961257747320829,37.749580702510926],[-95.961043270539321,37.744389920469708],[-95.960096986365272,37.73862894396602],[-95.959164947088667,37.733387702210486],[-95.958711099007914,37.729042229743285],[-95.958481193264831,37.72528793720965],[-95.957983707341953,37.7219752273908],[-95.957508871927843,37.716533344456764],[-95.95744738082405,37.712562714630522],[-95.956833227882456,37.706422578034484],[-95.957039703051279,37.702641637224218],[-95.958103961743689,37.697656458232736],[-95.960192961163514,37.693205826883073],[-95.962428788510735,37.690027807757495],[-95.966126163181713,37.687357646645353],[-95.971679086719419,37.687401461015121],[-95.976130242279979,37.687686809869327],[-95.983459882516527,37.687777256133209],[-95.988055790459711,37.688007546630772],[-95.993257134254492,37.688739623864926],[-96.000666371487313,37.690165203576591],[-96.005170962103421,37.691419857596415],[-96.010308669184795,37.690431340299384],[-96.015453483134849,37.695091809138304],[-96.021855963545931,37.697996299377223],[-96.027569240210752,37.698242740686162],[-96.037992506299787,37.697008607010133],[-96.050939990539632,37.692327256485683],[-96.055355433899209,37.683709318218952],[-96.055983178281878,37.678539373133454],[-96.055032307143819,37.67386317655864],[-96.055030698181909,37.671697180926785],[-96.053164668450847,37.669139411558703],[-96.050084610178146,37.664644726004688],[-96.047929830310565,37.660673809237068],[-96.047069602519187,37.65660648128798],[-96.046918184757288,37.653117728193116],[-96.047152671978182,37.648147624701885],[-96.047857075539099,37.644955195446336],[-96.048705791598195,37.641763827024519],[-96.049916507160731,37.638407226053417],[-96.051928438797901,37.634429055890557],[-96.057586492148346,37.631353671648633],[-96.061768368732871,37.630497256161682],[-96.065258262740016,37.62847216857336],[-96.073213969868704,37.625199653737376],[-96.080122180143817,37.622255213197093],[-96.085354696770509,37.619473287825294],[-96.088492308743895,37.616366999064248],[-96.09058143257954,37.612280988177041],[-96.092461359474015,37.608521937992016],[-96.093081925811916,37.602476152283081],[-96.093072288849029,37.594797949695639],[-96.090917190012377,37.587263023283199],[-96.090549310439641,37.585977264291103],[-96.088448652366324,37.579770628089094],[-96.087398632169624,37.576830153079072],[-96.088230974141879,37.572745033514337],[-96.089273916596611,37.569803034121229],[-96.090527575282053,37.568168085054509],[-96.091007257765213,37.566357463207403],[-96.094460273248103,37.564507748390511],[-96.098525138718003,37.561868884758262],[-96.101162118938575,37.558811727557554],[-96.10229909980805,37.555338573394096],[-96.103451631734202,37.550949676204134],[-96.10388476110495,37.546668439903499],[-96.102955725958182,37.54231363653291],[-96.10071732778016,37.539028486090324],[-96.097967742667379,37.536255647080104],[-96.095735190922227,37.532683717628089],[-96.093521601645492,37.527972907542996],[-96.091658012287553,37.523833999797461],[-96.090158305319349,37.519359046554236],[-96.08915577521735,37.515175924657939],[-96.088506134066932,37.51133721150098],[-96.08770988104942,37.507670361966113],[-96.087263261978123,37.504520803313412],[-96.087051895139041,37.500231115903674],[-96.087261386908708,37.496460901090927],[-96.08755932910563,37.491721343914477],[-96.087973198276515,37.488582312010394],[-96.089258519427503,37.484766688331554],[-96.090968296453042,37.481298722535001],[-96.092467138334584,37.477545372911443],[-96.093978304842324,37.473103772852255],[-96.094908019404897,37.46911209916415],[-96.095417645948274,37.464545210222695],[-96.09598760604301,37.460607342525392],[-96.096419514391826,37.456382933178119],[-96.096122233142651,37.452893032133993],[-96.09632084715858,37.449694958506534],[-96.097249233052381,37.445761258563387],[-96.098455688068299,37.442287985202967],[-96.100367686146711,37.439452130899753],[-96.104432260651024,37.436411404367114],[-96.108349376199854,37.433597107709559],[-96.111819362855314,37.431751283206424],[-96.115789565053532,37.430023131138938],[-96.120322918774335,37.428816288507399],[-96.124636901218906,37.427893940147136],[-96.128655149971607,37.427482628611862],[-96.134091345605484,37.427940769019834],[-96.138796631541993,37.429309693453938],[-96.14292227921068,37.431070622059913],[-96.147198187122086,37.432373915012704],[-96.151630134827215,37.432995319671356],[-96.155788243138645,37.432811603742117],[-96.159052125386964,37.430389130906676],[-96.160322277062093,37.427202909583222],[-96.160958923154865,37.423322619196689],[-96.159945252975774,37.419654199625064],[-96.157785526465986,37.415970516870658],[-96.155834537524612,37.412690317314386],[-96.154388438389958,37.40918858365491],[-96.152871247872852,37.405685814626196],[-96.152944745041765,37.40122622250248],[-96.153654970665841,37.397290051212075],[-96.155225970763851,37.393192163584303],[-96.15856742226137,37.390314459429156],[-96.162604196200007,37.388642662973062],[-96.166925053411191,37.387145447066537],[-96.171175146630802,37.385534402768016],[-96.175077652619109,37.383289035697786],[-96.178195479879903,37.380866215768592],[-96.180887274891575,37.378206364509069],[-96.183596085133772,37.374520216191264],[-96.185523947349026,37.370368921216034],[-96.186876735240276,37.366382462249931],[-96.187503434374804,37.363016165957404],[-96.186771854306542,37.359520359241273],[-96.183472683147698,37.355542116496757],[-96.180004023148484,37.353161345777075],[-96.176813949684828,37.351296520123249],[-96.17297581870163,37.349654544095074],[-96.168840549487811,37.348753484565172],[-96.163917834605584,37.347842209154479],[-96.15944383927102,37.34573437929059],[-96.156631173873535,37.342731882770565],[-96.155778534975312,37.338036900808795],[-96.155850067480785,37.333693210512322],[-96.155930442706904,37.32877725199922],[-96.15585364744355,37.324773958958865],[-96.153917388497931,37.320694913383598],[-96.150622398950404,37.31665772111328],[-96.147384787534733,37.313479252997155],[-96.144279532723147,37.310928563959571],[-96.140823017103145,37.30803352073449],[-96.137867205320802,37.305142244161559],[-96.134931724766972,37.301051775233773],[-96.132494596158679,37.297138025004273],[-96.130489909347148,37.292998453433576],[-96.129185454553792,37.289783888804514],[-96.128450980597492,37.286688104156106],[-96.128517069464522,37.28274591879773],[-96.129361071104455,37.279323841402814],[-96.130768698671076,37.276368543273243],[-96.133047009615325,37.272621351948857],[-96.135588668305729,37.270247019498335],[-96.140012058358337,37.266466071187381],[-96.14390897677427,37.264223818956872],[-96.148484465619418,37.264214967984643],[-96.153751308688513,37.265587146393123],[-96.157873758436409,37.267004098758747],[-96.162781682358244,37.268487899723382],[-96.167705162852585,37.269053429340275],[-96.174064343715074,37.269237447093722],[-96.178708355900682,37.269402470797353],[-96.182988238026056,37.269961641171598],[-96.187972343675298,37.271215627147683],[-96.19380476397555,37.273048125250547],[-96.199201265524394,37.275393047499378],[-96.204376955650844,37.278132997378862],[-96.207852280816155,37.279885084986617],[-96.211287550156186,37.281678441575529],[-96.214575093614002,37.282101014323182],[-96.219187075062592,37.282815580464835],[-96.223334913331712,37.282446603241482],[-96.227022813207498,37.282439754623091],[-96.232089160687053,37.280985633075893],[-96.234851586976134,37.279896046269059],[-96.236686342768465,37.277002269585772],[-96.238518561654374,37.27338558461998],[-96.241271277227995,37.269405649400753],[-96.241924969206877,37.267039507650587],[-96.244140091473128,37.26322229012888],[-96.246623823855018,37.259704598235459],[-96.248608062152726,37.256120895917952],[-96.249587873978811,37.252817040626319],[-96.249995793376868,37.249447395413],[-96.249908963361136,37.245731827293959],[-96.24940150263221,37.241496211725647],[-96.248456483133154,37.237827027220959],[-96.246091713196336,37.233572852901936],[-96.243996635113902,37.230352156499926],[-96.242111101459727,37.227473506488657],[-96.239592436232215,37.223961283230885],[-96.236710277345949,37.220902645504694],[-96.234030017427187,37.21864558663593],[-96.230921244140447,37.216382599510922],[-96.227814682602215,37.214007995970505],[-96.224924389237941,37.211520212275325],[-96.220964395672681,37.208906037692522],[-96.217638894950909,37.206872907570528],[-96.213112852687885,37.203966113224816],[-96.209228213705714,37.201182963454968],[-96.204852622765856,37.197821575955224],[-96.20104398444974,37.194751358976823],[-96.198155952315943,37.192207141382191],[-96.195485609742946,37.189491839387713],[-96.192961128626564,37.186550910288993],[-96.191020256809651,37.182870521391806],[-96.191952345425406,37.178079002756434],[-96.195062295399453,37.17559528951481],[-96.198993656986971,37.17529440901972],[-96.205784860253587,37.174736433478756],[-96.211097688662022,37.172847628397477],[-96.214919371958516,37.170430240561863],[-96.216676773540101,37.167589181741981],[-96.216080806794551,37.165173996506276],[-96.216997856483232,37.164305566833846],[-96.218371214350228,37.161774206543875],[-96.22296718270502,37.159598339136771],[-96.228486577789027,37.158503749422586],[-96.235853551441224,37.159573916539053],[-96.241842358341358,37.161368164096373],[-96.244626928195032,37.162091001023434],[-96.246145964974559,37.163831500715006],[-96.248319904528344,37.166425140778486],[-96.251759143991123,37.170346967684786],[-96.255779946912995,37.173589187886684],[-96.26066215941421,37.176552806754124],[-96.26631396244214,37.18061215444142],[-96.26884784427159,37.18309419059171],[-96.272009894300439,37.186240726048972],[-96.273232552271566,37.186956380808716],[-96.276457990204932,37.187670799638923],[-96.280142556614464,37.188023754021444],[-96.287504830639321,37.186923335959612],[-96.294865453915349,37.185459904926276],[-96.29945336796473,37.181474016964209],[-96.302653897507852,37.176045708291106],[-96.303595076239873,37.174370050132403],[-96.303209985996745,37.172051823304649],[-96.303762125364159,37.16839928605777],[-96.304549896413235,37.16326247678299],[-96.303262913131348,37.158389695981917],[-96.300413197662422,37.153045549726521],[-96.296983091930628,37.148383223076557],[-96.291984253540832,37.143589620048111],[-96.28923645411183,37.141160986424836],[-96.284437403011836,37.137455348888899],[-96.281408464617542,37.134739370071387],[-96.277890850883963,37.131277019100217],[-96.275141304237295,37.129018745632344],[-96.270553490583822,37.125600989931776],[-96.266525180109852,37.122987271036806],[-96.261861756639746,37.119912905617923],[-96.257415791422488,37.116610368409845],[-96.253611445330222,37.113371033246267],[-96.249530116540782,37.109613398009806],[-96.24708061902173,37.107489921230709],[-96.246184792258688,37.105327563591025],[-96.245492938932998,37.102380534025379],[-96.246505975971758,37.099296169610881],[-96.247182342583159,37.097553391782647],[-96.248544711184778,37.097015123574081],[-96.250419123543637,37.096608539890205],[-96.252123910590399,37.09647113411112],[-96.254682624528115,37.096733500201687],[-96.255995474137748,37.096816625157636],[-96.259264451233918,37.097819254510057],[-96.263174457792303,37.098716656938649],[-96.269159645248195,37.099118469174662],[-96.275736561267848,37.098097413508214],[-96.281465843502872,37.09649452979518],[-96.284988976533612,37.094586456618899],[-96.288173067602898,37.091415154523943],[-96.288297192114086,37.087756900700548],[-96.287074154294189,37.083571948177628],[-96.285489099836212,37.079725858216747],[-96.284125652518611,37.075425178195601],[-96.284323998711017,37.071541384289048],[-96.287231658859568,37.067737074811234],[-96.289460468673084,37.065738204294789],[-96.292242593688897,37.064623757696872],[-96.295818836175584,37.063810696361578],[-96.300419803309566,37.06353161726917],[-96.303728301266588,37.063360448340866],[-96.306873910484811,37.063102643305079],[-96.311365257590921,37.062484271616391],[-96.316905307165854,37.060813240305336],[-96.325092124664792,37.057113389298692],[-96.328904117600118,37.05496335504256],[-96.329479057543296,37.054739816283245],[-96.332281737760781,37.053385623274913],[-96.332710813034637,37.053272883898558],[-96.333288411683171,37.052819473970708],[-96.335958933915279,37.0505485478079],[-96.336754352938271,37.049697370909776],[-96.340998264396433,37.047207751184047],[-96.341357563287843,37.047092928536678],[-96.341645239932689,37.046868995955975],[-96.346039602861808,37.043808704251184],[-96.349295225558208,37.040336526943349],[-96.349873066147069,37.039768120289537],[-96.353121514408741,37.036870379883482],[-96.353769885345358,37.03635867292337],[-96.357689123586255,37.031117197256364],[-96.358556483293512,37.030208750274603],[-96.361669427680354,37.026563715288596],[-96.36174763175562,37.026050294588181],[-96.36364087752716,37.022913120401519],[-96.363641583916035,37.022797100614405],[-96.364007740636211,37.022055230323623],[-96.365394798911325,37.019485142227069],[-96.365396869853569,37.01925866032915],[-96.366729946067153,37.015085597851225],[-96.366732831455408,37.014912664618514],[-96.367565541593322,37.010851539214976],[-96.367567546973703,37.010623952608704],[-96.367247196889721,37.007413076495617],[-96.367250079651086,37.00724014266509],[-96.366758296572172,37.006491929400411],[-96.365300077754412,37.00292972632856],[-96.36530130827677,37.002759026604458],[-96.365022139708259,37.002295793043771],[-96.363235815810924,37.000086188511723],[-96.362599131267956,36.999300057460495],[-96.361507716637576,36.999297432474116],[-96.351780441111913,36.999297433385564],[-96.338544074000396,36.999297434365623],[-96.328744070911497,36.999306525660984],[-96.318944068724846,36.999306526273735],[-96.311962248274071,36.999106526632751],[-96.308853157422305,36.999124708049216],[-96.305825883535931,36.999151981278182],[-96.299116790766703,36.999397436455354],[-96.29848042760996,36.999424709431537],[-96.285344060359037,36.999279255026991],[-96.284162241950128,36.999279254944227],[-96.279298604421342,36.999306528375435],[-96.278680421559429,36.999315619034753],[-96.277371331102671,36.999315619401877],[-96.27638042112055,36.999315619569373],[-96.2748076940467,36.999261074353285],[-96.258798598096973,36.999233802264314],[-96.254325870092515,36.999242893412891],[-96.250316778254273,36.999233802959665],[-96.249125868214151,36.999233802867572],[-96.242834958359168,36.999197439525986],[-96.241144048953004,36.999151985078775],[-96.240134957706303,36.999070166722099],[-96.236498592861111,36.99919743951903],[-96.235334956093709,36.999179257855516],[-96.230962228211851,36.999170166908499],[-96.227753136448442,36.999188349233705],[-96.226734953818422,36.999170167346804],[-96.225398590029769,36.999088348962601],[-96.218434951900718,36.999133804210175],[-96.2183713158731,36.999170167814043],[-96.21828949742644,36.999188349839208],[-96.217544042803837,36.999179259145436],[-96.208234948978841,36.999179259107763],[-96.206134948705312,36.999106532027476],[-96.204053129749198,36.99908835058649],[-96.200071311038784,36.99904289619225],[-96.199953129228405,36.999088350785676],[-96.199689491988124,36.999170168511668],[-96.199389492129711,36.999197441764522],[-96.190489489971455,36.999224714707665],[-96.184762216114223,36.999306533340977],[-96.16848948467873,36.999133807104144],[-96.159225845020444,36.999088353255381],[-96.156762208766679,36.999079262504559],[-96.154180389067633,36.999261080332083],[-96.152944025835822,36.999261080588646],[-96.152380388564438,36.999261080798824],[-96.152234934430396,36.99922471675464],[-96.150180388323292,36.99916108107638],[-96.149644024481717,36.999151989439383],[-96.147398569666052,36.999124717228788],[-96.147216751276417,36.999115626070633],[-96.14508038760674,36.999015626342207],[-96.143562204675604,36.999261080588468],[-96.14308947772291,36.999251990393674],[-96.142807659165641,36.999251990145886],[-96.142544023184016,36.999251990095217],[-96.142234931903403,36.999251990350295],[-96.141280385667358,36.999270171963623],[-96.140962203915137,36.999251990205323],[-96.135589475657838,36.999042899189327],[-96.133580383912104,36.999006535940879],[-96.125271290999635,36.999033809252971],[-96.124162200178461,36.999051990780288],[-96.112953105808671,36.999215628485558],[-96.109680377636451,36.999197446807557],[-96.108034923578259,36.999197446509307],[-96.095480374826124,36.999161083212108],[-96.093998556268787,36.998988356254806],[-96.078516733338205,36.999106539012438],[-96.064398547797424,36.999061085566488],[-96.05123490813645,36.999024722291651],[-96.048843998347422,36.999006540830813],[-96.048298543474104,36.998988358393774],[-96.036253085608678,36.998970177932591],[-96.024616720003849,36.998942905318977],[-96.021725809825469,36.99893381500231],[-96.01659853567574,36.998915633130622],[-96.001280350163441,36.998870179950202],[-96.000816713293787,36.998870179508472],[-96.000253076874159,36.999042906507725],[-95.995662166200148,36.999042907371859],[-95.984998527532426,36.999042907648864],[-95.982305947524949,36.999051288470653],[-95.982321382928816,36.99933379580478],[-95.982087742449366,37.003758606323842],[-95.982644333109263,37.010752418483754],[-95.983201795010544,37.014570091223021],[-95.985262238930233,37.019267056542354],[-95.987366328029523,37.021867753030058],[-95.990772605051177,37.024731794719791],[-95.994701574556288,37.027572349015998],[-95.997622175007436,37.031956719328321],[-95.999564525750728,37.037726587503187],[-95.999903214134406,37.041275278162168],[-95.999982115866842,37.046546438605866],[-95.999614463516622,37.05061720734232],[-95.998751404775803,37.054978023541786],[-95.996391387212356,37.059528434173522],[-95.992805937635552,37.063342453301402],[-95.988438824902133,37.067450783160993],[-95.985545714794654,37.069826656439758],[-95.980821866023945,37.075000033627539],[-95.97562821565532,37.075417438985582],[-95.972005032081981,37.076767611330226],[-95.964536549671323,37.078955515531931],[-95.958852327637771,37.081071073656787],[-95.954920728538497,37.079656231526805],[-95.953145338744719,37.085339387754352],[-95.950539860069114,37.089223866635294],[-95.948395104238926,37.094111386064256],[-95.947183856086824,37.099336166816585],[-95.945743354487121,37.10353115561972],[-95.943018312582211,37.107854906426624],[-95.93942960522439,37.111782173467645],[-95.934187263812888,37.115036856747601],[-95.924099323408427,37.119363742387478],[-95.919278139071537,37.122157315489353],[-95.916528496314498,37.124874056389046],[-95.913921452164175,37.127587479731673],[-95.911601935778407,37.130415942428165],[-95.912431475749571,37.135457714230562],[-95.906990704027407,37.138134298698752],[-95.905552866332968,37.142729225021704],[-95.904326281394503,37.147093353066403],[-95.903597502199091,37.151283883340405],[-95.902932288421212,37.154897689698565],[-95.901779988583243,37.159492769188645],[-95.899816565033177,37.162315697526054],[-95.897002815012002,37.165721275612682],[-95.893978108982509,37.169413314269377],[-95.89006156253015,37.171679914880862],[-95.890846410755771,37.181013138883742],[-95.890182077997451,37.184743968333152],[-95.88966860941936,37.189046058296093],[-95.888804214484708,37.193865443699288],[-95.885683612543076,37.198729546238873],[-95.884483632739631,37.202324829022523],[-95.881599248287898,37.205958636548566],[-95.877208939106168,37.209376663826568],[-95.872659733997764,37.211647606747597],[-95.86702051881673,37.215478902631972],[-95.862824950306631,37.217016967725449],[-95.858794979320336,37.217071465279915],[-95.849402971840249,37.217168351559977],[-95.84584605833237,37.218802571611612],[-95.842295654017335,37.220950940441796],[-95.837967399885045,37.223851115128113],[-95.835715824174059,37.226846563364148],[-95.831277592378214,37.228857311676201],[-95.833779772084881,37.234421554008094],[-95.836718138114037,37.237048086807796],[-95.834828975336364,37.241236470671396],[-95.835942269955396,37.244264331242704],[-95.838424081226705,37.247910887331201],[-95.841605500731603,37.250292206810471],[-95.846216002384026,37.252432063861853],[-95.851035380432037,37.254111348531552],[-95.855133739419813,37.255395803589089],[-95.860379355887545,37.256785165032852],[-95.865197949077213,37.258348958869455],[-95.869805742277308,37.260202370038506],[-95.875342165205808,37.261876972327784],[-95.88094337189014,37.263031543004431],[-95.88611130891988,37.263905492403147],[-95.892642977736486,37.264996806923058],[-95.900679932255187,37.266187190976744],[-95.905852313785559,37.267346982857681],[-95.911818062113795,37.268900866050707],[-95.916128946324989,37.269893348975323],[-95.920227531594691,37.271060713260638],[-95.9249813722422,37.27296899041383],[-95.930322855486438,37.275900330063919],[-95.933083600648118,37.278625889429783],[-95.934733881396895,37.283823825225952],[-95.937420173121254,37.286323913233652],[-95.937976755081621,37.290156986940239],[-95.939037305917552,37.294156525382107],[-95.939516666503522,37.297591316083114],[-95.939306259357181,37.302864041250217],[-95.937588064772541,37.307920726542832],[-95.935053337981017,37.31103826076783],[-95.931943657442261,37.314044974342778],[-95.929484254490518,37.316373788990902],[-95.928941829020417,37.317040505011775],[-95.928082453689782,37.317811912823586],[-95.926533162106423,37.318355327947266],[-95.924959363644305,37.318606469573346],[-95.924103380939428,37.318887032730601],[-95.918649652946073,37.320490867324217],[-95.915234092516187,37.32420081022655],[-95.914280319285737,37.329544335439074],[-95.91256973744359,37.333550994537191],[-95.908965206921707,37.336072608228228],[-95.903087581606584,37.33710766807301],[-95.897970916634009,37.336063862031892],[-95.892619472237214,37.337963338304611],[-95.890571208555812,37.340808161858014],[-95.891512789567173,37.345114668188728],[-95.891315174571474,37.350606994929599],[-95.891308236320072,37.355357712946137],[-95.89009609577532,37.362346051615596],[-95.889964515892871,37.36649092901763],[-95.891852656509798,37.372134558226811],[-95.893481237999538,37.375183402449551],[-95.896306691049858,37.379526049928181],[-95.898285629168939,37.382430109167139],[-95.900732909608749,37.38565240514604],[-95.903315809998517,37.38831035013218],[-95.906079898571917,37.39063487009868],[-95.908485589729835,37.393589313032386],[-95.912573010279161,37.398609529727622],[-95.915714429149475,37.402593856530629],[-95.919119477692107,37.404912930546239],[-95.923963499250405,37.407506093160137],[-95.929024792072298,37.410211854983942],[-95.934301670341313,37.412915292858514],[-95.939434406475698,37.415560405578255],[-95.943293139525309,37.41859513247244],[-95.942232413328597,37.422623548952039],[-95.940439650311788,37.429318623565642],[-95.942804918846136,37.435334102286731],[-95.942171193337856,37.440917603887385],[-95.94001651473279,37.445634775422192],[-95.932647782244956,37.450118230864355],[-95.925603009014026,37.454286924377826],[-95.921247232847435,37.45691767646256],[-95.917072535292519,37.46043291803435],[-95.911791818496525,37.462529517090694],[-95.907586550921494,37.462746123302146],[-95.901970398775404,37.462690430293627],[-95.897531192622438,37.463062648743197],[-95.89359080418761,37.462204854474074],[-95.888703505162226,37.462718033249729],[-95.884361110041425,37.462866797815664],[-95.878030173377411,37.462757981109988],[-95.873227224794064,37.463160206006805],[-95.868458577569896,37.465176256238941],[-95.865191428587238,37.467299773289845],[-95.862224407079296,37.46996229749314],[-95.859757305455645,37.472659874332159],[-95.858665717834995,37.476118614653629],[-95.859697960125203,37.47994789976498],[-95.867769295262818,37.488393875343824],[-95.872056929435615,37.491437965018399],[-95.874635815532073,37.498440896166457],[-95.876346499774627,37.503084957880006],[-95.881077398609534,37.508485977632795],[-95.888735396719198,37.512356948487977],[-95.896565322228511,37.513856234851218],[-95.905233192714277,37.513870023527225],[-95.91281866674295,37.513852268454087],[-95.923775842495218,37.510901596377472],[-95.934522223414575,37.503361083229464],[-95.936199369639994,37.503292813369171],[-95.937753191162813,37.503549040933379],[-95.939552246818934,37.503933653000928],[-95.940942353353307,37.504381599853758],[-95.942332350761944,37.504957814691437],[-95.943803971034555,37.505789472595012],[-95.944539510029941,37.506620779059169],[-95.945274521298899,37.508154785712442],[-95.945518455459833,37.510072273036343],[-95.945844424975249,37.511797932779167],[-95.944956472908402,37.513867704979283],[-95.941068821166837,37.517471950804364],[-95.941037457601823,37.522492337851538],[-95.942648963130907,37.52743763761103],[-95.943820928198747,37.530511094540579],[-95.945571303308185,37.533570281709657],[-95.944698847714861,37.539497072282963],[-95.947445028006911,37.545373025987779],[-95.951569749383538,37.547227391855259],[-95.955541343275399,37.548450250910122],[-95.95952253540095,37.550305416333742],[-95.963434638006788,37.552332173420432],[-95.967207531124629,37.554645442301457],[-95.970911380122772,37.557133693335281],[-95.974544486365659,37.55967758373275],[-95.977895358718897,37.56256594404136],[-95.98181834096026,37.566129126384112],[-95.983064689010305,37.567710913424975],[-95.98536601500642,37.571142106001837],[-95.985783795218097,37.575390650093375],[-95.984736630723532,37.578657435023196],[-95.982015175962459,37.580617884666616],[-95.977409994832584,37.581760376445544],[-95.976153901726491,37.582413743560252],[-95.971967711460323,37.582086048390799],[-95.967363362215281,37.580778812822381],[-95.966233029365924,37.580584416924047],[-95.962816686698645,37.578847904268969],[-95.958758311478448,37.577695526885556],[-95.954009877552537,37.576899671600664],[-95.947437500785043,37.5782142852308],[-95.944086322272753,37.581712835749592],[-95.941414780944442,37.586872414746509],[-95.939527469584661,37.590188603365711],[-95.936223648136789,37.593128139693846],[-95.932049516581571,37.594605998456998],[-95.924461879916251,37.595193782560635],[-95.918012190947422,37.595781886742508],[-95.913838579933397,37.5963712390108],[-95.907766978889569,37.597846907313127],[-95.902451531784408,37.601098517960075],[-95.900171247628762,37.604057980094055],[-95.897504803813177,37.611752906972072],[-95.896898389982852,37.620359658854142],[-95.896110638523709,37.625695990824227],[-95.89687743891443,37.629012615703722],[-95.898798040990485,37.632490795802667],[-95.901874231676558,37.636245406670554],[-95.904795084628333,37.639198927075647],[-95.908682925639809,37.64376818541389],[-95.909982807015595,37.647584771299243],[-95.908188541153677,37.655300580405019],[-95.904652081142842,37.660014688372385],[-95.9010258435559,37.663976857268096],[-95.895589261215605,37.669359469543387],[-95.886698923942916,37.67319946559703],[-95.87485175976289,37.67357269058045],[-95.86349381960116,37.676254060664249],[-95.859041663070698,37.681251316919465],[-95.855081858625226,37.686633802356326],[-95.851609822667399,37.694711398188055],[-95.846654790331868,37.703170709065631],[-95.8426798051416,37.714709393756287],[-95.840681952379839,37.725096156858065],[-95.838479976223852,37.727790161504885],[-95.833752821912867,37.731243555853162],[-95.82534584970125,37.735079712795589],[-95.817929930933332,37.737377607257216],[-95.811498680158081,37.740830952125357],[-95.803569290125552,37.750053371313101],[-95.793675158369993,37.754269715946528],[-95.78576212965956,37.756565912498466],[-95.781298783859867,37.76194503510164],[-95.777545379587366,37.769203474156178],[-95.773241204927004,37.771428433209984],[-95.763354578424014,37.776168769763444],[-95.759626207468344,37.779635712228007],[-95.75713771877858,37.783020258774826],[-95.755196948518289,37.786676852846639],[-95.753327472683111,37.79096820429033],[-95.751596064723756,37.79406193748175],[-95.74866815726179,37.799371542148634],[-95.747476807526382,37.804057880338725],[-95.748604162183895,37.807476418782358],[-95.750678316089093,37.811480194351994],[-95.754223556951345,37.813406865142461],[-95.759269940159683,37.815501406175365]]]},"properties":{"FID":4,"US_L3CODE":"29","US_L3NAME":"Cross Timbers","NA_L3CODE":"9.4.5","NA_L3NAME":"Cross Timbers","NA_L2CODE":"9.4","NA_L2NAME":"SOUTH CENTRAL SEMI-ARID PRAIRIES","NA_L1CODE":"9","NA_L1NAME":"GREAT PLAINS","STATE_NAME":"Kansas","EPA_REGION":6,"L3_KEY":"29  Cross Timbers","L2_KEY":"9.4  SOUTH CENTRAL SEMI-ARID PRAIRIES","L1_KEY":"9  GREAT PLAINS"}},{"type":"Feature","id":5,"geometry":{"type":"Polygon","coordinates":[[[-94.618234544952955,37.15166118951764],[-94.618234544450317,37.15210664420551],[-94.618207271966753,37.152515734788587],[-94.618289090919831,37.160161191280224],[-94.618275697405778,37.162257416589796],[-94.619283603380808,37.157505449245058],[-94.619838374703804,37.156000061041524],[-94.621315458953603,37.151991620845131],[-94.626912429207508,37.150935138282186],[-94.630988257070044,37.149273273058057],[-94.634563566523013,37.147952549248025],[-94.638640411813469,37.147263263700729],[-94.645006758348487,37.147261080161222],[-94.649370737827439,37.14760104648812],[-94.65523763835219,37.148400472580427],[-94.661104810732795,37.149429452754632],[-94.667830644699919,37.15045643654738],[-94.671837038778961,37.150684566438031],[-94.678846853439225,37.15022019599499],[-94.683708321342436,37.148497070522062],[-94.688853014054715,37.145282942870828],[-94.69292328611121,37.141725676206079],[-94.695920118175863,37.137881107374369],[-94.698415080092829,37.133521251550434],[-94.700265619749501,37.129046184324558],[-94.701616176519138,37.124860255614117],[-94.70275095965907,37.120215688612589],[-94.704670368394304,37.114654632207674],[-94.706233234621976,37.109491348194155],[-94.707081143376755,37.104732081423741],[-94.708216171050239,37.10037303728685],[-94.709709972009065,37.096647043793766],[-94.711204145324231,37.093376214853002],[-94.713055629766885,37.090051175542783],[-94.715406438869721,37.086377713234825],[-94.718473494068874,37.083451500617613],[-94.721256001473066,37.081211705354619],[-94.724393665020088,37.07822805438699],[-94.727672254421222,37.074268505312496],[-94.729663528248579,37.070138011890961],[-94.731226336110055,37.066122384077062],[-94.731930631688343,37.061821014907807],[-94.731349680213242,37.057751618940742],[-94.729841589246732,37.054485799790541],[-94.72833218810888,37.050532679609546],[-94.727181053994883,37.046921345639547],[-94.726095564519085,37.040788132836191],[-94.725655154417339,37.035570979226726],[-94.725646892260571,37.031959403103414],[-94.726139127418023,37.028405509684973],[-94.726630850781817,37.024849394789271],[-94.728148762150127,37.020383628808368],[-94.729319516248097,37.013489758063912],[-94.731701418847294,37.005710433511098],[-94.733102852031976,37.001460909419478],[-94.734828878110008,36.99965035115838],[-94.735895610723105,36.998761161550426],[-94.732834561895075,36.998761156619857],[-94.731598198395815,36.998770247488139],[-94.72828910604774,36.998815701788907],[-94.724043650366383,36.998770247563279],[-94.723834559587758,36.998770247439012],[-94.722634559070144,36.998770247435168],[-94.718261831440486,36.998788430136457],[-94.716789103906905,36.998797520549395],[-94.716134557916504,36.998797520844285],[-94.712780011052516,36.9987975209187],[-94.712243647815939,36.998797520809852],[-94.71211637490002,36.99879752126337],[-94.711589102545318,36.998797520578321],[-94.711289102073309,36.998797521400583],[-94.711170920085522,36.998797520573468],[-94.710934557014454,36.998806611873775],[-94.71036182873884,36.998806611559125],[-94.701807281576521,36.998824794307311],[-94.700461825897833,36.998824794656485],[-94.699743644238907,36.998815703707805],[-94.691316369025643,36.998852067420302],[-94.685952731798395,36.998761158978184],[-94.681189094240025,36.998679340442052],[-94.66807999998862,36.998679341071494],[-94.667525454444529,36.998679341714514],[-94.65741636016466,36.998679341789305],[-94.640143628740674,36.998679342951277],[-94.631061808262203,36.998670252101043],[-94.625161806708846,36.998706616226563],[-94.617925440792476,36.998188435269881],[-94.617970895846426,37.000070253493796],[-94.617970895651155,37.002742981234469],[-94.617970896060783,37.004815708885417],[-94.617898168558554,37.005479344928631],[-94.617870896373901,37.008897528076517],[-94.617870896564142,37.009015709831516],[-94.617943623677178,37.013233891674723],[-94.617979988882823,37.02207025713669],[-94.618016352258053,37.030952076810848],[-94.617989080039024,37.03297025956121],[-94.61797089875742,37.040397533294616],[-94.61797089862452,37.040542987799206],[-94.617916354003611,37.04203389738084],[-94.617970899066435,37.042506624521003],[-94.618025444916569,37.043188442488301],[-94.618089081152078,37.043588442596217],[-94.618089081605447,37.043861170078877],[-94.618052716936447,37.044088443040906],[-94.618016354293744,37.044388443125115],[-94.617970898733546,37.044652079598343],[-94.617925445574457,37.051224808360786],[-94.617907263557285,37.056397536221226],[-94.61787999158318,37.056806627498929],[-94.617879991364106,37.058215718249627],[-94.617861809649213,37.060088445815616],[-94.617898174013163,37.064206628138926],[-94.617916355859691,37.06922481153169],[-94.617943628950769,37.070397538800506],[-94.617952719271628,37.07095208452764],[-94.617934538315822,37.072170266557954],[-94.6178709018821,37.072806629873405],[-94.617952719725821,37.074724812098985],[-94.617961810447937,37.075088448716443],[-94.617952719595223,37.07746117602683],[-94.617952720201217,37.078688449457758],[-94.617943629037669,37.078988449066856],[-94.617961811273517,37.079461176694714],[-94.617970902656026,37.080361176649355],[-94.617961811159944,37.081006631426334],[-94.61796181174978,37.081306631131682],[-94.617961811422063,37.085933905419132],[-94.617916357610625,37.086452087250429],[-94.617861811882818,37.087079359506518],[-94.617834538738393,37.089297542040583],[-94.617852721330863,37.090461178353571],[-94.61789817617769,37.091124815165053],[-94.617998175443617,37.091388451628866],[-94.617952721197,37.091488451070731],[-94.617943630326366,37.091679360145825],[-94.617961811784269,37.091842997391183],[-94.61797999370954,37.092052088269],[-94.617989084598477,37.092197542598726],[-94.61797090274051,37.092315724726035],[-94.617970902962185,37.09237026962743],[-94.617979994265269,37.092424814890592],[-94.617998175832227,37.092461178871979],[-94.617998175759283,37.092533906290441],[-94.617989084959476,37.092652087872423],[-94.617979994273838,37.092761179080895],[-94.61799817578202,37.09280663342394],[-94.617998175709005,37.092879360831887],[-94.617989085467599,37.092961179147473],[-94.617979994389628,37.093024814930054],[-94.617970903484746,37.093142997378614],[-94.617961812874469,37.093242997305786],[-94.617943631046558,37.093342996863001],[-94.617943630756628,37.093424815511334],[-94.617961812909471,37.093506633993968],[-94.617970903702584,37.093933906496453],[-94.6179799947503,37.096642998052289],[-94.61807999451878,37.101897544537074],[-94.618007267577056,37.103979362995446],[-94.618025450569363,37.108970273179153],[-94.618043632609243,37.113315727621753],[-94.618170905386847,37.118933910642887],[-94.618098178382169,37.124715730299577],[-94.618034542790838,37.129643003430971],[-94.617961815363984,37.131079367493456],[-94.617825451704164,37.133770277486462],[-94.618070907188127,37.142670279135814],[-94.6180799986886,37.143888460686448],[-94.618234544952955,37.15166118951764]]]},"properties":{"FID":5,"US_L3CODE":"39","US_L3NAME":"Ozark Highlands","NA_L3CODE":"8.4.5","NA_L3NAME":"Ozark Highlands","NA_L2CODE":"8.4","NA_L2NAME":"OZARK/OUACHITA-APPALACHIAN FORESTS","NA_L1CODE":"8","NA_L1NAME":"EASTERN TEMPERATE FORESTS","STATE_NAME":"Kansas","EPA_REGION":6,"L3_KEY":"39  Ozark Highlands","L2_KEY":"8.4  OZARK/OUACHITA-APPALACHIAN FORESTS","L1_KEY":"8  EASTERN TEMPERATE FORESTS"}},{"type":"Feature","id":6,"geometry":{"type":"Polygon","coordinates":[[[-94.885052460956771,39.2849932926595],[-94.887062080431761,39.286488814854877],[-94.888571171394915,39.288006997360434],[-94.889243899866798,39.288743360559415],[-94.891334809438305,39.290570633466999],[-94.89368935580751,39.292634270583797],[-94.895225720189146,39.294216088566124],[-94.896562083932778,39.295679725207798],[-94.896789356314585,39.295934270596362],[-94.896889357185742,39.296043361531147],[-94.898652993402521,39.298388816459195],[-94.900052994469434,39.300197907665655],[-94.900862085339526,39.301443362113723],[-94.901016631030231,39.301688817218007],[-94.901989358905823,39.303779725886322],[-94.902452995404559,39.305125180756058],[-94.903143904992589,39.306279726768942],[-94.904107541651513,39.308570636372195],[-94.904852996963797,39.310470636163579],[-94.905334814968782,39.311961545795441],[-94.906171179029826,39.314725182017966],[-94.906725724937942,39.31720700051374],[-94.907398452917803,39.319907001507026],[-94.907571179788263,39.320643365074581],[-94.908071180720128,39.323734274891287],[-94.908190165225179,39.325618299753508],[-94.908244312086097,39.325729520811322],[-94.910397758495066,39.330627220389786],[-94.911111822902484,39.337772191922646],[-94.911345185605697,39.340107695218315],[-94.912445356709682,39.346306804594654],[-94.9162266323669,39.358733281336136],[-94.918890950045949,39.36631347097245],[-94.923156281500113,39.373426677109542],[-94.924123956227049,39.374672044915059],[-94.928823285939416,39.378944437146707],[-94.932798064271395,39.382578015413749],[-94.935972327480883,39.38314389206689],[-94.937223304830127,39.383366478342126],[-94.939923428013515,39.384140139393004],[-94.94286452899361,39.385291671273329],[-94.945559307736289,39.386441073693689],[-94.947178901005017,39.386792733619778],[-94.950965479027246,39.387613219502271],[-94.953915011501294,39.38820128101009],[-94.957850633943508,39.388796386963691],[-94.959575962328358,39.388810784258936],[-94.964245686460416,39.389788838423542],[-94.96867984532301,39.390012955798504],[-94.972870069809829,39.390047515847954],[-94.975088425430755,39.390065755333822],[-94.97829812007528,39.389717292430383],[-94.980519149438877,39.389546941104371],[-94.983170026190763,39.389385635042039],[-94.98665400129525,39.38931805146936],[-94.990137313747539,39.389250365326838],[-94.994335358525561,39.388720970928482],[-94.99853862606291,39.387815611636199],[-95.000041221313651,39.387477412827785],[-95.001322773736817,39.38695003685396],[-95.002976699025169,39.386270553347245],[-95.008550326836215,39.384336199516312],[-95.013830911093891,39.382577739640979],[-95.01947747404391,39.380642355499475],[-95.026595837299979,39.378640134249373],[-95.031744521867296,39.377274773089589],[-95.039667247477041,39.375667326593572],[-95.043857212536565,39.375062595127972],[-95.051136626864405,39.374141071990245],[-95.057903461772909,39.373453938150433],[-95.064302712494865,39.372827263407416],[-95.070700914937689,39.372141149215679],[-95.074817669324773,39.371590608374319],[-95.079741315977671,39.370804976508687],[-95.0849510005214,39.369441216425734],[-95.090889974950741,39.367559420443278],[-95.097636588858578,39.365550467658792],[-95.1042347205222,39.363489899717983],[-95.110976642423466,39.3611957657522],[-95.117274294914566,39.358793273657611],[-95.124153351186436,39.355870335189117],[-95.131244861362021,39.352429827158311],[-95.13482553175065,39.350619877963084],[-95.138258425641169,39.348759743811023],[-95.141543800103278,39.346897356336612],[-95.148040040655388,39.343174067699522],[-95.151838542650864,39.341188926546536],[-95.158264709404591,39.337754632952631],[-95.161547896152243,39.335832613779395],[-95.164979879072035,39.334025274914637],[-95.168483900296295,39.332104555947822],[-95.171987365681858,39.330182612748956],[-95.175344538836455,39.328318728607741],[-95.178846848180044,39.326338611536883],[-95.185414940107833,39.322728786562372],[-95.189062151439273,39.320632216709448],[-95.193002235462373,39.318477191089471],[-95.197308404296749,39.316201721731311],[-95.20175793935077,39.313698365267499],[-95.206646951000593,39.311074951417773],[-95.211318958960064,39.308737756564113],[-95.215625820131962,39.306578770588757],[-95.219499393231658,39.304937840536283],[-95.223890433463382,39.303461699138388],[-95.228502778901472,39.302044814357068],[-95.232894226601204,39.300627525544868],[-95.237578853014085,39.299149361063471],[-95.242702602525824,39.297551033148864],[-95.247460385986273,39.296071862112555],[-95.25273122399696,39.294474013849531],[-95.258367481044885,39.292756544440749],[-95.263637254282401,39.291153775895111],[-95.268908120131641,39.289614350131082],[-95.274179753699826,39.288128268733061],[-95.279601646198415,39.286869241846972],[-95.285029850423456,39.285955790910556],[-95.289945464924671,39.285215401925583],[-95.294792541202966,39.284764437429907],[-95.299720002259903,39.284711925232273],[-95.304062024913463,39.2848377294345],[-95.308771694960555,39.284960985643352],[-95.313483246004822,39.285195611418779],[-95.317754938034113,39.285493435629313],[-95.321803742723759,39.285678385567635],[-95.326004738688752,39.28614955363873],[-95.330278036228535,39.286559619098647],[-95.335144401181026,39.287195797118635],[-95.340379915209624,39.287937446569167],[-95.345758972071337,39.288450995302171],[-95.351067564682609,39.289141266494973],[-95.356448761869089,39.289767004187077],[-95.361466582889932,39.290629340381194],[-95.36626356096366,39.291491475624959],[-95.371508263513277,39.292690273138149],[-95.376610262973045,39.29412239266405],[-95.381416195349317,39.29543902684366],[-95.385558170743707,39.296651849785583],[-95.393028440791298,39.298799840677006],[-95.397096061089186,39.299955024021521],[-95.401899488449359,39.301103570850564],[-95.406997497897379,39.302246668670023],[-95.412310815820476,39.303100507747843],[-95.417619760290179,39.303728840357145],[-95.422629368705685,39.304070033548115],[-95.428222900526364,39.304175012803697],[-95.433521266815617,39.304230442055527],[-95.43763830000573,39.30406726513894],[-95.441752102906506,39.303728844442574],[-95.44586130698552,39.303164967085259],[-95.45230880258309,39.301772479968342],[-95.458599866328797,39.299923943710283],[-95.464228526833537,39.298084492169409],[-95.470073262468077,39.296009265711177],[-95.475989991259368,39.293879385008822],[-95.479712518155779,39.292403740449274],[-95.485613801194873,39.289524995211707],[-95.490195622848304,39.2868959533604],[-95.494989848784726,39.283860532190083],[-95.499566395890639,39.281000252079295],[-95.503854911990857,39.278485551767986],[-95.50771299876034,39.276492115946006],[-95.512297583569378,39.27408648272278],[-95.516522273243268,39.272089755694147],[-95.520893063261795,39.270030975712388],[-95.524315676340905,39.26838443478583],[-95.52788300035057,39.266626835720132],[-95.5315210479868,39.26474670543876],[-95.535449766071082,39.262696920811486],[-95.539233070694522,39.260757989996115],[-95.542943085366545,39.258820926457275],[-95.546509297439684,39.257058341545601],[-95.55007544412166,39.25530011161672],[-95.555610382294248,39.252769183483238],[-95.562314869678531,39.249932076650843],[-95.566688693603851,39.248160594154371],[-95.571283965494871,39.246441012313674],[-95.576025556713589,39.244719552214661],[-95.58091553212887,39.243053055808346],[-95.585804011591634,39.241331721417765],[-95.590256204582403,39.239840741307241],[-95.594414052020014,39.238356434302368],[-95.598792558457305,39.236870512811521],[-95.603318666975184,39.235436178324356],[-95.608141107380092,39.234111939690244],[-95.61325342938963,39.232614410234063],[-95.618295951506113,39.231289338563727],[-95.623556122812317,39.229846504224241],[-95.628158442240377,39.228581030587172],[-95.633052429491045,39.227199154291348],[-95.637214843894753,39.225996751014513],[-95.641084582246279,39.224860293516521],[-95.645030384118371,39.223833238831105],[-95.649127901056104,39.223032884962514],[-95.653812941233141,39.222228471935118],[-95.658575352188237,39.221588042714146],[-95.663780584298777,39.221059035530267],[-95.668406187047268,39.220880714509484],[-95.672446413820936,39.22082450179245],[-95.67670964533518,39.220883602152014],[-95.681272973762745,39.22121992900847],[-95.685538899463481,39.22138803833441],[-95.689584447011043,39.22156436488698],[-95.693632306681934,39.221849891487246],[-95.701139302484634,39.222373366832272],[-95.707859796317052,39.223825833060019],[-95.712150481923899,39.225081679454455],[-95.716814478650363,39.226563480135241],[-95.72111208720969,39.228102301735809],[-95.72548076007628,39.229527370559097],[-95.729403801918437,39.230732688207326],[-95.734295447169146,39.232492057365583],[-95.739940354996804,39.235043578920482],[-95.743439244410141,39.236943566909218],[-95.748278039667966,39.239563308594555],[-95.752373055972939,39.241790999935823],[-95.75824016618148,39.244341032699623],[-95.763666587404188,39.246892182391846],[-95.769998537147615,39.250408402855527],[-95.775420201386709,39.252730386056633],[-95.780846600345399,39.255226126436455],[-95.784874161414635,39.257630014599549],[-95.788685733575875,39.260205120859474],[-95.792794182759167,39.262891077997509],[-95.796597964762995,39.265123564075211],[-95.800098397840955,39.266962831069129],[-95.804799948232514,39.269808816859978],[-95.810327232486486,39.273332898176427],[-95.815416854730216,39.276976556579314],[-95.81849540359687,39.2795641869468],[-95.821957245540716,39.28277245406268],[-95.82594107400341,39.286261276470746],[-95.829402326013565,39.289415801455718],[-95.832264275677488,39.292121040727842],[-95.834844950737519,39.29534224257911],[-95.837498057811231,39.298506616144337],[-95.840222167901771,39.301557264443602],[-95.842870060753313,39.304492871060603],[-95.845588939061543,39.307313624842941],[-95.848536971017438,39.310471452091214],[-95.851407697932288,39.313459568754858],[-95.854499205565901,39.316446775467583],[-95.857090272319439,39.318926970749537],[-95.858533331464798,39.321013194861756],[-95.86191180052198,39.326469942098768],[-95.864290807875747,39.331510594899981],[-95.863722223748979,39.327820394646437],[-95.86275560312059,39.321546601955838],[-95.860284017525046,39.305497344082816],[-95.864162738738287,39.270613773892599],[-95.868493801274752,39.260209003249692],[-95.871038131533624,39.254095175728658],[-95.872511835039901,39.244799314943002],[-95.879811460524749,39.233006965935076],[-95.887108712419547,39.221214221536215],[-95.892841155632766,39.208138803649419],[-95.898571532788196,39.195063160302226],[-95.906199667498484,39.184892447473636],[-95.913825664230941,39.174721289693743],[-95.929064797841207,39.160197330905895],[-95.936331512261404,39.149114013256579],[-95.940496251874222,39.142759938456564],[-95.944314123600719,39.125320632024028],[-95.951933814430916,39.10788056964094],[-95.9519445966327,39.090881257975667],[-95.951954689652325,39.07590513902187],[-95.950513286072791,39.068160017229722],[-95.948864318735488,39.059297288753775],[-95.948167879429292,39.055554106234673],[-95.944385576425333,39.032293239883032],[-95.940598487061862,39.0177571916267],[-95.929223108213534,38.997404099681191],[-95.927228745938862,38.993323279542047],[-95.91785829941314,38.974141435326807],[-95.906493508577455,38.956687238367522],[-95.906512089032191,38.942156453008081],[-95.910331573535871,38.921807931860698],[-95.920521387005962,38.903631671751526],[-95.929327885981721,38.889845721436494],[-95.944505505973027,38.875316072596732],[-95.955882743649909,38.866600469646663],[-95.967256918276703,38.859338118205983],[-95.978628826437543,38.852074728871571],[-96.005154518650485,38.846262654603841],[-96.022205704864888,38.844807038645342],[-96.039256209648826,38.843349076030528],[-96.058196060869122,38.836072974057693],[-96.07713213162549,38.828793982283067],[-96.090612756624054,38.822315292571339],[-96.104090986359751,38.815835140013213],[-96.114968799529208,38.799693442466008],[-96.122525623657438,38.789512354708101],[-96.130080338992286,38.77933081533206],[-96.137613110646868,38.758973907141794],[-96.133807311196918,38.747353907157233],[-96.126203570341744,38.727012086941606],[-96.122405905067893,38.718296945515604],[-96.111040992447101,38.706677956577359],[-96.101573692810888,38.697965486655072],[-96.09210865127713,38.689252296775642],[-96.089156130735333,38.68246266623072],[-96.087331521305359,38.676547646823032],[-96.073790327280363,38.669353154052487],[-96.066833929064416,38.657603645755977],[-96.059879767058987,38.645853753024944],[-96.051533905572285,38.626628635175052],[-96.054301939977094,38.615945743607796],[-96.065388701958128,38.59457474225308],[-96.06818280604206,38.590265087761424],[-96.070931644046269,38.586024546535242],[-96.079245271695115,38.575340023373968],[-96.090055454633756,38.566998466574361],[-96.096323366257266,38.561678551143586],[-96.103172108083101,38.551857836623746],[-96.10806104193972,38.543547413050256],[-96.110007666188977,38.534485548055571],[-96.11089636826847,38.530694714816427],[-96.111954964155657,38.526178661785309],[-96.112918591121087,38.515607618877311],[-96.113880713920665,38.504281560159662],[-96.115826768581073,38.495974614531235],[-96.11679422572746,38.488422475472653],[-96.117762726504708,38.481626440531961],[-96.11578500015672,38.469548129539028],[-96.110869864072654,38.456717432504831],[-96.10791857664519,38.446904896734338],[-96.104971242713773,38.439357338135217],[-96.103004241618763,38.432563882778773],[-96.102015057930089,38.425013475277737],[-96.101020934395549,38.413689091212717],[-96.100242054710137,38.408922101640186],[-96.099047823561307,38.401610517651612],[-96.098056492508178,38.391796122723193],[-96.0980403474219,38.379715930232877],[-96.097403046763844,38.366788638078908],[-96.097140642130881,38.361464719504909],[-96.096040011623742,38.345740772009592],[-96.096017297375411,38.32837544769346],[-96.096782841415873,38.313823259659834],[-96.095991084764819,38.308366997385519],[-96.094986749320853,38.287227323702076],[-96.093984973570841,38.267596518941005],[-96.091032206758712,38.24872328261133],[-96.089062447356639,38.234379369614622],[-96.088062015941517,38.213993418646915],[-96.087068396467416,38.19889368841438],[-96.087046951959991,38.180773156262205],[-96.087033553793319,38.169447813067883],[-96.087021052404978,38.158876376708257],[-96.083101429787064,38.141513499182402],[-96.079181218762642,38.121885385673394],[-96.075272357553445,38.111317450951788],[-96.069415424652618,38.099994343860175],[-96.061611498151436,38.087918030962342],[-96.05381349310889,38.080371384541948],[-96.045044544462399,38.075089687289399],[-96.039197626363972,38.06829641869318],[-96.035299512026199,38.062257330445078],[-96.026533012745517,38.053954166908632],[-96.021917117066351,38.049928981299004],[-96.018167258884958,38.047744787344783],[-96.014341086275337,38.04558724474532],[-96.010283263952743,38.043429622241014],[-96.004023223900305,38.042261184627343],[-95.990521734212052,38.041214769017941],[-95.985012226206365,38.043348844881699],[-95.968483295185109,38.043346832306277],[-95.960529363554244,38.043344528231287],[-95.951955223739787,38.043342568968725],[-95.929921372507209,38.039056010194024],[-95.91065433041345,38.026225680912646],[-95.896896032178304,38.017668573037383],[-95.891394799028362,38.013392319232388],[-95.883150653825837,38.002700421141675],[-95.880425568064069,37.985603970606292],[-95.883215343021419,37.962103259945209],[-95.888741214425309,37.947153593132214],[-95.894261689452406,37.934333844398921],[-95.894271211703327,37.92792875534375],[-95.891548515968196,37.908692089693872],[-95.886068893555162,37.895870162653367],[-95.877846267993149,37.880902777216619],[-95.867210545678901,37.866388331994415],[-95.866849078453825,37.861327828331873],[-95.867420344569652,37.8573802852437],[-95.866867255357562,37.851238826845211],[-95.867441589256075,37.845536900631387],[-95.868578241000122,37.840712199362493],[-95.871978210959341,37.831504480496243],[-95.873676742202093,37.827558060628128],[-95.875373612406619,37.824489368215112],[-95.882147799801629,37.819670143569304],[-95.887790892682247,37.816604997380942],[-95.891740833086573,37.814414752826877],[-95.897945662648951,37.812227389198178],[-95.903586933493429,37.809599845537939],[-95.90866512005482,37.806093840440006],[-95.91205016148146,37.803903636603295],[-95.916562900532853,37.801274651414317],[-95.932895487897923,37.797613108850165],[-95.943879227521563,37.795483932504403],[-95.957611984293209,37.786942777921688],[-95.962441102076511,37.783185758768632],[-95.962881980885015,37.779767446195692],[-95.963334872714029,37.774856817411639],[-95.963113055348302,37.771718252367599],[-95.963115138981507,37.767539144872273],[-95.962358071413149,37.762877979573958],[-95.961541201468279,37.758718683087388],[-95.957583306532044,37.76113872690339],[-95.953686446030801,37.762458979378941],[-95.949156033087462,37.760755201142274],[-95.946771323507917,37.757446128342657],[-95.940853935933518,37.753033428427152],[-95.937101296015243,37.749719012750269],[-95.93421613048605,37.745773692923187],[-95.932929132977449,37.74115886752697],[-95.929129974355305,37.735825454439635],[-95.92254810046829,37.736037815113164],[-95.918074998177985,37.735675763573852],[-95.911803021555329,37.735504090811951],[-95.905265841009367,37.736936856459877],[-95.900902707065597,37.739208657672819],[-95.896764408058132,37.742110667697766],[-95.893844338329401,37.744540689743665],[-95.891003427614478,37.747487123427163],[-95.886551926111551,37.75377126029921],[-95.884439423421313,37.757284787612612],[-95.882072448107152,37.763207140745465],[-95.880817964329054,37.766254094822791],[-95.878531258471853,37.772804367383323],[-95.877589897928331,37.777624947326871],[-95.876553004559852,37.780785847810058],[-95.875521530427207,37.784346017264738],[-95.87427695030236,37.788137932615982],[-95.872907470527835,37.793307128072996],[-95.871746765675653,37.797957887894711],[-95.870004881527976,37.802325854768512],[-95.86696237787443,37.806534018432522],[-95.863184450047328,37.809774273225244],[-95.859608388809121,37.81198412125768],[-95.855241844657655,37.814426008512108],[-95.850132182950361,37.815328838949782],[-95.83909317791597,37.815248992183975],[-95.833994125284633,37.816950830520533],[-95.828335588253495,37.819976656122194],[-95.823762536769721,37.823281492680159],[-95.819701799491654,37.82715237734606],[-95.817281608947937,37.829635928924986],[-95.812652231132503,37.834200564890295],[-95.807083194738695,37.838712252546628],[-95.801433856829703,37.842653614475637],[-95.795632105587757,37.846022310129847],[-95.791472572141828,37.848060755821436],[-95.786155815764658,37.849936427092537],[-95.780457203837301,37.850211853899999],[-95.775649963557683,37.846810347402901],[-95.772412229499182,37.84196505504687],[-95.769658677718297,37.835017091396253],[-95.76337097568566,37.831498550050426],[-95.761256567224976,37.827836208773043],[-95.761166963233123,37.823572189706816],[-95.761377946264389,37.818586048472596],[-95.759269940159683,37.815501406175414],[-95.754223556951345,37.813406865142461],[-95.750678316089093,37.811480194351994],[-95.748604162183895,37.807476418782358],[-95.747476807526382,37.804057880338711],[-95.74866815726179,37.799371542148592],[-95.751596064723756,37.794061937481722],[-95.753327472683111,37.790968204290287],[-95.755196948518289,37.786676852846639],[-95.75713771877858,37.783020258774826],[-95.759626207468344,37.779635712227972],[-95.763354578424014,37.776168769763444],[-95.773241204927004,37.771428433209984],[-95.777545379587366,37.769203474156178],[-95.781298783859867,37.761945035101604],[-95.78576212965956,37.756565912498466],[-95.793675158369993,37.754269715946535],[-95.803569290125552,37.750053371313101],[-95.811498680158081,37.740830952125357],[-95.817929930933332,37.737377607257237],[-95.825345849701264,37.735079712795532],[-95.833752821912881,37.731243555853119],[-95.838479976223852,37.727790161504885],[-95.840681952379839,37.725096156858044],[-95.8426798051416,37.714709393756287],[-95.846654790331868,37.703170709065581],[-95.851609822667399,37.694711398188055],[-95.855081858625226,37.686633802356326],[-95.859041663070698,37.681251316919465],[-95.86349381960116,37.676254060664249],[-95.87485175976289,37.673572690580407],[-95.886698923942916,37.67319946559698],[-95.895589261215605,37.669359469543387],[-95.9010258435559,37.663976857268096],[-95.904652081142842,37.660014688372442],[-95.908188541153677,37.655300580405047],[-95.909982807015595,37.647584771299265],[-95.908682925639809,37.643768185413862],[-95.904795084628333,37.639198927075675],[-95.901874231676487,37.636245406670554],[-95.898798040990485,37.632490795802667],[-95.89687743891443,37.629012615703722],[-95.896110638523709,37.625695990824227],[-95.896898389982852,37.620359658854184],[-95.897504803813078,37.611752906972072],[-95.900171247628762,37.604057980094055],[-95.902451531784408,37.601098517960075],[-95.907766978889569,37.597846907313127],[-95.913838579933397,37.5963712390108],[-95.918012190947422,37.595781886742486],[-95.924461879916251,37.595193782560635],[-95.932049516581571,37.59460599845697],[-95.936223648136789,37.593128139693889],[-95.939527469584661,37.590188603365718],[-95.941414780944442,37.586872414746509],[-95.944086322272753,37.581712835749556],[-95.947437500785043,37.578214285230771],[-95.954009877552537,37.576899671600643],[-95.958758311478448,37.577695526885513],[-95.962816686698645,37.578847904268969],[-95.966233029365924,37.580584416924104],[-95.967363362215281,37.580778812822381],[-95.971967711460323,37.582086048390757],[-95.976153901726491,37.58241374356021],[-95.977409994832584,37.581760376445516],[-95.982015175962459,37.58061788466658],[-95.984736630723532,37.578657435023231],[-95.985783795218097,37.575390650093375],[-95.98536601500642,37.571142106001837],[-95.983064689010305,37.567710913424939],[-95.98181834096026,37.566129126384077],[-95.977895358718897,37.562565944041346],[-95.974544486365659,37.55967758373275],[-95.970911380122686,37.557133693335324],[-95.967207531124629,37.554645442301506],[-95.963434638006788,37.552332173420432],[-95.95952253540095,37.550305416333742],[-95.955541343275399,37.548450250910122],[-95.951569749383538,37.547227391855259],[-95.947445028006911,37.545373025987779],[-95.944698847714861,37.539497072282927],[-95.945571303308185,37.533570281709643],[-95.943820928198747,37.530511094540579],[-95.942648963130907,37.527437637611072],[-95.941037457601823,37.522492337851538],[-95.941068821166837,37.517471950804364],[-95.944956472908402,37.513867704979312],[-95.945844424975249,37.511797932779125],[-95.945518455459833,37.510072273036322],[-95.945274521298899,37.508154785712442],[-95.944539510029941,37.506620779059169],[-95.943803971034555,37.505789472595012],[-95.942332350761944,37.504957814691437],[-95.940942353353307,37.504381599853723],[-95.939552246818934,37.503933653000928],[-95.937753191162813,37.503549040933379],[-95.936199369639994,37.503292813369157],[-95.934522223414575,37.503361083229464],[-95.923775842495218,37.510901596377472],[-95.91281866674295,37.513852268454087],[-95.905233192714277,37.513870023527211],[-95.896565322228511,37.513856234851218],[-95.888735396719113,37.512356948487977],[-95.881077398609534,37.508485977632809],[-95.876346499774627,37.503084957880006],[-95.874635815532073,37.498440896166457],[-95.872056929435615,37.491437965018399],[-95.867769295262747,37.488393875343874],[-95.859697960125203,37.47994789976498],[-95.858665717834995,37.476118614653622],[-95.859757305455645,37.472659874332159],[-95.862224407079225,37.46996229749314],[-95.865191428587238,37.467299773289845],[-95.868458577569896,37.465176256238898],[-95.873227224794064,37.463160206006805],[-95.878030173377411,37.462757981109988],[-95.884361110041425,37.462866797815664],[-95.888703505162226,37.462718033249729],[-95.89359080418761,37.462204854474074],[-95.897531192622438,37.463062648743197],[-95.901970398775404,37.462690430293627],[-95.907586550921494,37.462746123302097],[-95.911791818496525,37.462529517090736],[-95.917072535292519,37.460432918034314],[-95.921247232847435,37.45691767646256],[-95.925603009014026,37.45428692437779],[-95.932647782244956,37.450118230864319],[-95.94001651473279,37.445634775422192],[-95.942171193337856,37.440917603887385],[-95.942804918846136,37.435334102286703],[-95.940439650311788,37.429318623565642],[-95.942232413328597,37.422623548952068],[-95.943293139525309,37.418595132472404],[-95.939434406475698,37.415560405578255],[-95.934301670341313,37.412915292858514],[-95.929024792072298,37.410211854983906],[-95.923963499250391,37.407506093160173],[-95.919119477692121,37.404912930546303],[-95.915714429149475,37.402593856530629],[-95.912573010279161,37.398609529727622],[-95.908485589729835,37.393589313032436],[-95.906079898571917,37.39063487009868],[-95.903315809998517,37.38831035013218],[-95.900732909608749,37.385652405146061],[-95.898285629168939,37.382430109167139],[-95.896306691049858,37.379526049928181],[-95.893481237999538,37.375183402449551],[-95.891852656509798,37.372134558226854],[-95.889964515892871,37.36649092901763],[-95.89009609577532,37.362346051615617],[-95.891308236320072,37.355357712946137],[-95.891315174571474,37.350606994929599],[-95.891512789567173,37.345114668188714],[-95.890571208555812,37.340808161858014],[-95.892619472237214,37.337963338304647],[-95.897970916634009,37.336063862031892],[-95.903087581606584,37.33710766807306],[-95.908965206921707,37.336072608228228],[-95.91256973744359,37.333550994537191],[-95.914280319285737,37.329544335439074],[-95.915234092516087,37.324200810226586],[-95.918649652946073,37.320490867324217],[-95.924103380939428,37.318887032730601],[-95.924959363644305,37.318606469573396],[-95.926533162106423,37.318355327947316],[-95.928082453689782,37.317811912823586],[-95.928941829020417,37.317040505011775],[-95.929484254490518,37.316373788990944],[-95.931943657442261,37.314044974342764],[-95.935053337981017,37.311038260767795],[-95.937588064772541,37.307920726542832],[-95.939306259357181,37.302864041250217],[-95.939516666503522,37.297591316083086],[-95.939037305917552,37.294156525382142],[-95.937976755081621,37.290156986940239],[-95.937420173121254,37.286323913233673],[-95.934733881396895,37.283823825225916],[-95.933083600648118,37.278625889429783],[-95.930322855486438,37.275900330063919],[-95.9249813722422,37.272968990413808],[-95.920227531594605,37.271060713260638],[-95.916128946324989,37.269893348975323],[-95.911818062113795,37.268900866050707],[-95.905852313785559,37.267346982857653],[-95.900679932255187,37.266187190976744],[-95.892642977736486,37.26499680692303],[-95.88611130891988,37.263905492403197],[-95.880943371890055,37.263031543004367],[-95.875342165205808,37.261876972327784],[-95.869805742277308,37.260202370038471],[-95.865197949077213,37.258348958869455],[-95.860379355887545,37.256785165032817],[-95.855133739419813,37.255395803589067],[-95.851035380432037,37.254111348531552],[-95.846216002384026,37.252432063861853],[-95.841605500731603,37.250292206810471],[-95.838424081226705,37.247910887331201],[-95.835942269955311,37.244264331242668],[-95.834828975336364,37.241236470671396],[-95.836718138114037,37.237048086807775],[-95.833779772084881,37.234421554008136],[-95.831277592378214,37.228857311676201],[-95.835715824174059,37.226846563364148],[-95.837967399885045,37.223851115128078],[-95.842295654017335,37.220950940441782],[-95.84584605833237,37.218802571611612],[-95.849402971840249,37.217168351559977],[-95.858794979320336,37.217071465279943],[-95.862824950306631,37.217016967725499],[-95.86702051881673,37.215478902631972],[-95.872659733997764,37.211647606747597],[-95.877208939106168,37.209376663826568],[-95.881599248287898,37.205958636548566],[-95.884483632739631,37.202324829022523],[-95.885683612543076,37.198729546238873],[-95.888804214484693,37.193865443699316],[-95.88966860941936,37.189046058296093],[-95.890182077997451,37.184743968333152],[-95.890846410755771,37.181013138883742],[-95.89006156253015,37.171679914880862],[-95.893978108982509,37.169413314269363],[-95.897002815012002,37.165721275612732],[-95.899816565033177,37.162315697526019],[-95.901779988583243,37.159492769188667],[-95.902932288421212,37.154897689698565],[-95.903597502199091,37.151283883340405],[-95.904326281394503,37.147093353066403],[-95.905552866332968,37.142729225021753],[-95.906990704027407,37.138134298698752],[-95.912431475749571,37.135457714230562],[-95.911601935778407,37.130415942428129],[-95.913921452164175,37.127587479731645],[-95.916528496314513,37.124874056389103],[-95.919278139071537,37.122157315489353],[-95.924099323408427,37.119363742387478],[-95.934187263812888,37.115036856747601],[-95.93942960522439,37.111782173467645],[-95.943018312582211,37.107854906426624],[-95.945743354487121,37.10353115561972],[-95.947183856086824,37.099336166816549],[-95.948395104238926,37.094111386064256],[-95.950539860069114,37.089223866635294],[-95.953145338744719,37.085339387754352],[-95.954920728538497,37.079656231526805],[-95.958852327637771,37.081071073656751],[-95.964536549671323,37.078955515531931],[-95.972005032081981,37.076767611330226],[-95.97562821565532,37.075417438985568],[-95.980821866023945,37.075000033627582],[-95.985545714794569,37.06982665643973],[-95.988438824902133,37.067450783160993],[-95.992805937635552,37.063342453301402],[-95.996391387212356,37.059528434173522],[-95.998751404775803,37.054978023541786],[-95.999614463516622,37.050617207342349],[-95.999982115866842,37.046546438605866],[-95.999903214134406,37.041275278162203],[-95.999564525750728,37.037726587503187],[-95.997622175007436,37.031956719328321],[-95.994701574556288,37.027572349016019],[-95.990772605051177,37.024731794719791],[-95.987366328029523,37.02186775303003],[-95.985262238930233,37.019267056542319],[-95.983201795010544,37.014570091222978],[-95.982644333109263,37.010752418483754],[-95.982087742449366,37.003758606323842],[-95.982321382928816,36.99933379580478],[-95.982305947524949,36.999051288470703],[-95.973171250985402,36.999079272159662],[-95.966853068231828,36.9990974537196],[-95.964280339786143,36.999106545418613],[-95.961671248924816,36.999124727495641],[-95.957543975215359,36.999133818519944],[-95.955007610274706,36.999133818660958],[-95.954025791668812,36.999306545593399],[-95.948707608529773,36.999388363902504],[-95.940971243451017,36.999188364768393],[-95.936998514831615,36.999270182826415],[-95.936507605631789,36.999252001450621],[-95.936398514823054,36.999252001171953],[-95.932543968375057,36.999315637441505],[-95.932007604809044,36.999324729016017],[-95.930780331128574,36.999297456011313],[-95.927907603184593,36.999333819574474],[-95.92583487528151,36.999315638075032],[-95.922407602059721,36.999306547796223],[-95.91321669070318,36.999315638743319],[-95.910162144395571,36.999306548549797],[-95.895080322170571,36.999197458081213],[-95.888753048112164,36.999197458711933],[-95.885725774374208,36.999161095321774],[-95.87665304501806,36.999233822500031],[-95.876125771566763,36.999252004171439],[-95.875107589220249,36.999261095844432],[-95.873898498660054,36.999270186820858],[-95.872980316794809,36.999261095218053],[-95.867007586954429,36.999179277787171],[-95.858916676722046,36.999179277818904],[-95.856298493639059,36.999188368901677],[-95.840843943833079,36.999188370169811],[-95.837443943709715,36.9992338247608],[-95.832243942214262,36.999197460986395],[-95.823389394309217,36.999161098499158],[-95.822907575652621,36.999152007373524],[-95.819362120211935,36.999152007310833],[-95.814634846504404,36.999142917078636],[-95.812089391834263,36.999161099088099],[-95.81068030038243,36.999170190136034],[-95.807816663290865,36.999188371975912],[-95.796625750742848,36.999233827269002],[-95.79450756841031,36.999252008494885],[-95.786771203156675,36.999315645310951],[-95.782998474327542,36.999297464019008],[-95.768725744005209,36.999252010111412],[-95.761216650334248,36.999242919912248],[-95.759698468255678,36.999242920147296],[-95.750662102364032,36.99923382927323],[-95.750162102337967,36.999242920235446],[-95.746471192919216,36.999224739079999],[-95.742571191042131,36.999215648159506],[-95.742325736697836,36.999206557045369],[-95.732662097506633,36.999297466400989],[-95.728253006188851,36.999306557957105],[-95.725580277858725,36.999288376526238],[-95.718062093696787,36.999261103721921],[-95.714762092740344,36.999242922548724],[-95.710789365198806,36.999370195555066],[-95.710389364632846,36.999379286321847],[-95.705225726868434,36.99931564974802],[-95.696671179486714,36.999224741098374],[-95.692307542150175,36.999333832882741],[-95.689189359049706,36.999315650774392],[-95.686907540050768,36.999361105730308],[-95.686462085523658,36.999352014337454],[-95.676307537621128,36.99927019744522],[-95.674052991678082,36.999279288450104],[-95.669162081319442,36.999306561503595],[-95.664307534140264,36.999324743249524],[-95.664234806814676,36.999333834410734],[-95.660498442209217,36.999315652049312],[-95.655989350590659,36.999406562174663],[-95.647034802419014,36.999424744492984],[-95.644862074994577,36.999415653475666],[-95.642580256484791,36.999397471317067],[-95.63813480007083,36.999379290144901],[-95.631889343914864,36.999333835716968],[-95.630089343640833,36.999324745071625],[-95.629971162501406,36.999397472200286],[-95.629252979645841,36.999388381720387],[-95.628752979420952,36.999379290223629],[-95.628262070663567,36.999370199649064],[-95.628080252523191,36.999370199500284],[-95.626180252340774,36.999352017807958],[-95.625262069459083,36.999342927010431],[-95.624362069421707,36.999370199653434],[-95.621016614637071,36.999370199652773],[-95.620689341425688,36.99937020043771],[-95.620316613664656,36.999370200251867],[-95.615943885082459,36.999370200539438],[-95.61573479502043,36.999370200397593],[-95.612143884433422,36.999324746103234],[-95.609016611305634,36.99932474645027],[-95.606552973472816,36.99931565566267],[-95.604116609571435,36.999315655497995],[-95.60345297292676,36.999315655234739],[-95.602080245760433,36.99930656481834],[-95.60152569982715,36.999306564361937],[-95.598107517085495,36.999306564477855],[-95.589007515221596,36.999288383159993],[-95.585925696103388,36.9992883838596],[-95.576716602455775,36.999270202792268],[-95.573607511040692,36.999315657051369],[-95.57069841908924,36.999315657541736],[-95.567507509073067,36.999333838801789],[-95.55859841566101,36.999388385103494],[-95.552898414134077,36.999388385783682],[-95.552352959813859,36.999315658057185],[-95.54077113915713,36.999406567722552],[-95.534407500961834,36.999342932049181],[-95.522425679305258,36.999288387042419],[-95.52120749721341,36.999279296330108],[-95.515034768679243,36.999261114608558],[-95.511589312577357,36.999242932978454],[-95.508280221235594,36.999306569349812],[-95.507280221232577,36.999215660315635],[-95.504343856759277,36.99930657015976],[-95.503252946528136,36.999242934004386],[-95.500262037422331,36.999233842854188],[-95.498071127328089,36.999215660949069],[-95.486125669458076,36.999288389173593],[-95.480134758855158,36.999288389135828],[-95.478216576981794,36.99936111653092],[-95.473871120859528,36.999352025871545],[-95.468034756391646,36.99934293569666],[-95.46668930100202,36.999270208152588],[-95.462443844883893,36.999206571728251],[-95.449716569059547,36.999270208992201],[-95.443871113594653,36.999252027336105],[-95.440616566508112,36.999261118354134],[-95.431598383282392,36.999297482981405],[-95.425780199592523,36.99927021029162],[-95.416234741880388,36.99928839294811],[-95.413889286611095,36.999297483474514],[-95.413452923972429,36.999297483917623],[-95.407689285414961,36.99925202981801],[-95.399762010402455,36.999433848443324],[-95.389971099259682,36.999261121753982],[-95.389598371866199,36.999261121784677],[-95.381043824219333,36.999424758615724],[-95.377262004941102,36.999415667416322],[-95.37525291326078,36.999415668019921],[-95.373898367438471,36.999461122326878],[-95.371052912765677,36.999415668318051],[-95.370043821352283,36.999415667954707],[-95.367043820035363,36.999415668175494],[-95.358752909288256,36.999397486734424],[-95.356752908072025,36.999388395815672],[-95.354161999123463,36.999379305061744],[-95.353961999074016,36.999288395875929],[-95.353925635378928,36.999361122954674],[-95.347661996688885,36.999388396254702],[-95.340607449614978,36.999433851267426],[-95.336198358211021,36.999406578696373],[-95.333525629277986,36.999397488046846],[-95.331216538532203,36.999388396881507],[-95.328334719665548,36.999370215204934],[-95.328061992261354,36.999370215482429],[-95.326534718239571,36.999361124574072],[-95.324516535976642,36.999406579297343],[-95.322571081062065,36.999361125301405],[-95.317525625960215,36.999433852786971],[-95.308843804728269,36.999497489243581],[-95.304343803817162,36.999524762249983],[-95.285998345024126,36.999570217878095],[-95.281907433923053,36.999524763800885],[-95.281652889256719,36.999524763822706],[-95.269852885899866,36.99959749165091],[-95.267907430752757,36.999606582642038],[-95.263707429529148,36.99957930983561],[-95.262961974744329,36.999579310411811],[-95.254789245370091,36.999597492678362],[-95.25058924381328,36.999597492591683],[-95.250252880641696,36.999597492625519],[-95.249780152972903,36.999588401700848],[-95.245580152450103,36.999588401472515],[-95.231752875756996,36.999597493124298],[-95.228743784177269,36.999570220792251],[-95.227389238756146,36.999561129845631],[-95.221034691099206,36.999570221263916],[-95.216180144498026,36.999570221568078],[-95.213489234241862,36.999570221515775],[-95.209380142829275,36.999542949095151],[-95.20317105024877,36.999561131234017],[-95.195316502732283,36.999570223136637],[-95.186334681644425,36.999506586799036],[-95.182671044421767,36.999479314602901],[-95.177307407389236,36.999524769204228],[-95.173316496442823,36.99952476899967],[-95.163789344729409,36.99955706838557],[-95.159843765967423,36.999570224438337],[-95.159080129109526,36.999570224942715],[-95.155380127937818,36.999552042668697],[-95.155198309858093,36.999542951857251],[-95.146843762806,36.999561134347154],[-95.140561942650649,36.99956113466871],[-95.13733466956019,36.999515680620696],[-95.132343758386355,36.999542953319683],[-95.128116484646668,36.999533862846206],[-95.125243756311278,36.999533863185633],[-95.122216483051758,36.999533862721542],[-95.119071027812311,36.999561135653856],[-95.114716481305877,36.999561136560445],[-95.112080116795468,36.999561136100475],[-95.104098296733596,36.999561136272632],[-95.103952841715454,36.999561136288627],[-95.101043750784626,36.999542955231149],[-95.096689203266905,36.999542955044269],[-95.094880112453055,36.999542955073679],[-95.092434657480965,36.999533864743924],[-95.085807382833323,36.999579319827582],[-95.083034654551611,36.999479319260992],[-95.075698288638591,36.999506592457777],[-95.073516470618287,36.999515683473128],[-95.064916468341707,36.99955204801303],[-95.054943738018864,36.999570230306453],[-95.049507372814105,36.999588412689555],[-95.046843736070073,36.999588412326155],[-95.043034644558261,36.999588412405423],[-95.038861915363441,36.999588413155422],[-95.038407370304952,36.999606594727474],[-95.037980097242595,36.999524776937896],[-95.037861915789634,36.999506594883023],[-95.035471005856849,36.999506595271313],[-95.03469827860296,36.999506594485986],[-95.030334641168167,36.999524776771608],[-95.020889183351514,36.999533868194774],[-95.011443727172363,36.999542960000078],[-95.007625543821675,36.999524778142018],[-95.005989180343121,36.999515687207982],[-95.004334634485986,36.999506596467612],[-95.000243723736986,36.999479324435995],[-94.996334631918884,36.999533870070664],[-94.995298267819933,36.999533869829506],[-94.993070994173763,36.99953386989506],[-94.984370992187053,36.999579325225675],[-94.984107356171137,36.999579325031029],[-94.981489173949882,36.999561142752391],[-94.979425537095295,36.999552052576576],[-94.977407353798341,36.999542961228123],[-94.97504371754205,36.999570234775092],[-94.968307351784219,36.999533871521088],[-94.966225532775752,36.999524780695992],[-94.960716440171453,36.999488416693879],[-94.95926189452517,36.999479326133176],[-94.957289167107433,36.999479326149313],[-94.949216437879258,36.999370235824649],[-94.944607345521078,36.999370235712149],[-94.940798253491138,36.999370236165802],[-94.931816432557667,36.999288418803673],[-94.928025523360304,36.999252055001428],[-94.92256188537182,36.99920660043513],[-94.920989157846734,36.999161145915309],[-94.904607334429386,36.999179328721333],[-94.895152786602253,36.999061147911782],[-94.88999824007584,36.998997511480503],[-94.886380057506074,36.998952056930356],[-94.88486187500304,36.99887933042352],[-94.878089146197041,36.998915694149289],[-94.875234600279185,36.998933875878855],[-94.871861872229644,36.998915694748838],[-94.868016416640799,36.998897513021411],[-94.866816415514634,36.998879331251729],[-94.858770958642054,36.99889751291979],[-94.858370958601739,36.998897513370146],[-94.853489139514295,36.998879331693374],[-94.853207321445367,36.99887933191502],[-94.851816411355742,36.998879331769857],[-94.849807320083869,36.998879331456791],[-94.84811641048698,36.99882478671001],[-94.847780047317968,36.998815695541268],[-94.846643682959296,36.998833877849492],[-94.845552773936589,36.998815695544145],[-94.844661864631831,36.998815695648574],[-94.844325500779135,36.998815696008727],[-94.843070955148889,36.998815695874306],[-94.841734590802403,36.998842968254422],[-94.840934590696122,36.998842968335801],[-94.84028004509301,36.998842968436371],[-94.835370953024523,36.998842968584505],[-94.832007315878798,36.998824787602381],[-94.83155277047733,36.998815696218003],[-94.831080042460329,36.998806605650941],[-94.830343678762162,36.998770241581624],[-94.827325496308802,36.998770242170366],[-94.826234586787407,36.998752060259164],[-94.822270949408477,36.998770242280465],[-94.820434585757127,36.998779333826626],[-94.816480038991628,36.998797515478628],[-94.813480038390779,36.998797515170793],[-94.808861854838511,36.99879751571369],[-94.801298217006575,36.998815698028999],[-94.800007307182284,36.99882478881721],[-94.795443669971675,36.998824789707115],[-94.794534578759723,36.998824789420937],[-94.787280031187379,36.998797516974072],[-94.783761848135356,36.998752062403604],[-94.783198212345823,36.998752062572606],[-94.782116393649716,36.998752062637571],[-94.780807301785202,36.998752062611558],[-94.777261846519693,36.998770244740207],[-94.77635275515334,36.998697517223953],[-94.773952755284569,36.998724790454858],[-94.773180028026005,36.998715699438236],[-94.767416389972595,36.998633881608257],[-94.761780024615447,36.998642972594922],[-94.758998205428753,36.998652063485402],[-94.75262547715073,36.998706609552706],[-94.751525476485199,36.998715700727374],[-94.750234567136872,36.998706609530011],[-94.740680019060164,36.998697519709559],[-94.738943654676845,36.998670246366984],[-94.7374618366715,36.998670247103853],[-94.736334563168086,36.998761155819537],[-94.735895610723105,36.998761161550426],[-94.734828878110008,36.99965035115838],[-94.733102852031976,37.001460909419514],[-94.731701418847294,37.005710433511148],[-94.729319516248097,37.013489758063912],[-94.728148762150127,37.020383628808339],[-94.726630850781731,37.024849394789264],[-94.726139127418023,37.028405509684973],[-94.725646892260571,37.031959403103393],[-94.725655154417339,37.035570979226691],[-94.726095564519085,37.040788132836191],[-94.727181053994883,37.046921345639547],[-94.72833218810888,37.050532679609546],[-94.729841589246732,37.054485799790527],[-94.731349680213242,37.057751618940742],[-94.731930631688257,37.061821014907807],[-94.731226336110055,37.066122384077062],[-94.729663528248579,37.070138011890961],[-94.727672254421222,37.074268505312496],[-94.724393665020088,37.07822805438699],[-94.721256001473066,37.081211705354576],[-94.718473494068874,37.083451500617613],[-94.715406438869721,37.086377713234825],[-94.713055629766885,37.090051175542783],[-94.711204145324231,37.093376214853023],[-94.70970997200898,37.096647043793766],[-94.708216171050239,37.10037303728685],[-94.707081143376755,37.10473208142372],[-94.706233234621976,37.109491348194119],[-94.704670368394304,37.114654632207674],[-94.70275095965907,37.120215688612589],[-94.701616176519138,37.124860255614117],[-94.700265619749501,37.129046184324594],[-94.698415080092829,37.133521251550434],[-94.695920118175863,37.137881107374369],[-94.69292328611121,37.141725676206079],[-94.688853014054715,37.145282942870793],[-94.683708321342436,37.148497070522062],[-94.678846853439225,37.150220195994947],[-94.671837038778961,37.150684566438031],[-94.667830644699919,37.150456436547323],[-94.661104810732795,37.149429452754632],[-94.65523763835219,37.148400472580427],[-94.649370737827354,37.14760104648812],[-94.645006758348487,37.147261080161222],[-94.638640411813469,37.147263263700729],[-94.634563566523013,37.147952549248025],[-94.630988257070044,37.149273273058107],[-94.626912429207508,37.150935138282136],[-94.621315458953603,37.151991620845131],[-94.619838374703804,37.156000061041524],[-94.619283603380808,37.157505449245058],[-94.618275697405778,37.162257416589796],[-94.618252727994999,37.16585210125681],[-94.618252727157284,37.166161192166328],[-94.618270910453177,37.174043011168578],[-94.618289091816166,37.174743011791691],[-94.61830727445728,37.181097557859694],[-94.618316364795149,37.18146119449306],[-94.618307274423969,37.187152104430588],[-94.618307274719015,37.18756119544161],[-94.618289092833393,37.188861195805281],[-94.618325456900493,37.194352105906106],[-94.618207276596294,37.207315744458057],[-94.618198184973565,37.207788472404076],[-94.618180004096075,37.211124836411699],[-94.618180004790432,37.218243019500541],[-94.618189095444379,37.222024838077729],[-94.618189095683462,37.225415747615344],[-94.618198186819413,37.227261202642737],[-94.618189096434989,37.227406657504154],[-94.618161823587016,37.227497566518764],[-94.618152732536444,37.227606657385465],[-94.618170914877354,37.227743021041142],[-94.618243642045826,37.227852112406474],[-94.618307278520277,37.227988475882164],[-94.618343641481331,37.22810665733887],[-94.618280005488955,37.228252112170168],[-94.618180004841619,37.228379384795986],[-94.618061823147002,37.228543020977234],[-94.61796182367155,37.228688475856714],[-94.617989096421056,37.228833930416755],[-94.618134551023658,37.229079384611943],[-94.618161823803561,37.22917938528385],[-94.618152732841864,37.229270293663092],[-94.618189096032367,37.229397566763133],[-94.618180005083161,37.229861203554059],[-94.618189096046464,37.231433930981815],[-94.61821636964666,37.231543021414502],[-94.618180006175876,37.231661203321458],[-94.618098187944227,37.231752113055109],[-94.617961824202084,37.231861203247057],[-94.6180800053057,37.23275211263671],[-94.61817091460054,37.233033931059026],[-94.618152733707944,37.23644302277895],[-94.618189097242634,37.237606659184102],[-94.618189097827837,37.240424841038077],[-94.618161825351905,37.243188478757943],[-94.61814364331623,37.243733933013452],[-94.618152734505983,37.243815751369169],[-94.618170915385321,37.243933932699271],[-94.618152734592925,37.246497569642592],[-94.618143643222623,37.24727029718003],[-94.618089098406188,37.251252115750979],[-94.618089098884653,37.254997571630192],[-94.618125461969015,37.257315753374527],[-94.618107280791122,37.261815754327749],[-94.618116371877008,37.265879391208124],[-94.618016372583966,37.276315757228602],[-94.618016373712109,37.280424848548982],[-94.617998192848646,37.290815759102948],[-94.617970920129849,37.294933942267114],[-94.617961829160322,37.29549757812957],[-94.61795273879774,37.29632485112554],[-94.617880011390938,37.306370308005192],[-94.617925466452974,37.309461217044515],[-94.617834557980828,37.320624855431014],[-94.617789103983355,37.323888492702778],[-94.617698196259695,37.335561221639907],[-94.617725468803187,37.336688495179217],[-94.617725469035165,37.336988494728537],[-94.617770923227283,37.337688494621361],[-94.617752741512945,37.338424858381643],[-94.617689105696073,37.342406677928807],[-94.617689105724523,37.342506677583231],[-94.617689106362477,37.343588496351757],[-94.617652742604761,37.344615768700521],[-94.617661832626993,37.344961223825443],[-94.617670924494973,37.345579405544164],[-94.617661833100584,37.349852133118837],[-94.61764365235301,37.352870315632657],[-94.617598198674486,37.360306680499562],[-94.617598198106563,37.364188500006961],[-94.61758910697219,37.364279408576984],[-94.617589108190046,37.367306681757036],[-94.617589107976571,37.367788500455923],[-94.61754365408207,37.37521577398595],[-94.617516380947791,37.378843047936172],[-94.617525472090747,37.381697593797583],[-94.617525472962953,37.391761231535426],[-94.617552746860824,37.39543395969762],[-94.617552746242481,37.39633395992675],[-94.61748002020326,37.406115779814421],[-94.617480020684084,37.407997597916427],[-94.617461839034178,37.409261235024324],[-94.617461838272035,37.410733962669973],[-94.617452747701051,37.410970326183502],[-94.617398203090232,37.414206689926019],[-94.617325475758989,37.420688509717856],[-94.617280021428201,37.425597601814985],[-94.617280021933922,37.425779419756452],[-94.617243658458776,37.4280248742106],[-94.617216385300452,37.430924874823383],[-94.617225476533463,37.433143057650781],[-94.617298204554601,37.440033967374703],[-94.617280023402145,37.444188513683095],[-94.617216387495532,37.446715786946982],[-94.617134570047355,37.454815788533828],[-94.617116387592688,37.456933970521256],[-94.617152752051538,37.460379425892548],[-94.617152752415407,37.460815789651868],[-94.617234570080612,37.461252153391307],[-94.617343661021891,37.462079425634393],[-94.617361842702906,37.46280669849795],[-94.617316388932707,37.464215790115212],[-94.617252751989653,37.464779426924693],[-94.617125479241139,37.465333972486647],[-94.617080025199513,37.469488518387237],[-94.617116389258811,37.469779427842468],[-94.617134571143467,37.470488518096182],[-94.617107299129472,37.477770338140061],[-94.616998207867525,37.483861247905999],[-94.616861845276475,37.491915795362623],[-94.616689118782944,37.500052159932622],[-94.616725482474664,37.50693397968665],[-94.616725482697277,37.508488525245305],[-94.616734574470428,37.508770343425326],[-94.616752756039403,37.513206708169001],[-94.616798211875178,37.521570345326893],[-94.616916393426436,37.527806710496691],[-94.616889121789725,37.528752165406907],[-94.616970939322485,37.532270347574858],[-94.617016394636053,37.535188529954468],[-94.617025485466698,37.535352166407797],[-94.617034576766855,37.535397620748704],[-94.617080031128324,37.537624894165241],[-94.617052758473761,37.540106712106756],[-94.617052759018136,37.541324894248284],[-94.617080031661246,37.542070349651127],[-94.617025486608867,37.544215804589655],[-94.617143668129017,37.548388531819143],[-94.617152759111761,37.550188532681915],[-94.617216396254463,37.550524896382747],[-94.617180032597517,37.551788532711008],[-94.617125487458352,37.554197623897188],[-94.617107305236928,37.554343078717693],[-94.617107304817296,37.554788533416122],[-94.617107305394867,37.555706715570281],[-94.61710730599232,37.556552170337909],[-94.6171073057576,37.557352169767078],[-94.617107306044502,37.558243079252271],[-94.617143669350369,37.558961261421913],[-94.617134578832676,37.559197625159612],[-94.617134578868473,37.559924897804095],[-94.617125487593881,37.560652170521763],[-94.617125487571215,37.560870352598066],[-94.617125487777074,37.561806716263277],[-94.61714366967712,37.562752170765684],[-94.617134578695456,37.563170352677162],[-94.617125488598845,37.565006717080173],[-94.617089124019984,37.567024899452335],[-94.617189124817145,37.571515809330783],[-94.617116397615874,37.571943081677965],[-94.617134580114168,37.57308853622289],[-94.617125488480511,37.574570354944392],[-94.617280035091753,37.578297628695253],[-94.617298216658938,37.581252174017258],[-94.617307307891508,37.581497629064643],[-94.617343671517517,37.583024902223443],[-94.617389126665728,37.586288539097886],[-94.617361854158204,37.589561266758153],[-94.617352763416278,37.591215812302984],[-94.617352762954653,37.593388540255908],[-94.617389127282337,37.59561581275775],[-94.617389127548279,37.599097632029363],[-94.61738912809534,37.601188541201665],[-94.617434582804037,37.603979451356281],[-94.617434582731448,37.609533997698477],[-94.61730730980706,37.610506725147822],[-94.617461855643825,37.617024907755443],[-94.617689130199082,37.625052181945726],[-94.617689130136711,37.625243091350718],[-94.61763458427923,37.628661273059542],[-94.617516403538275,37.635352183751465],[-94.617498222058302,37.63654309275158],[-94.617607312572446,37.637088547898045],[-94.617634586009132,37.63932491173518],[-94.617616403747405,37.639543093461896],[-94.617589131206699,37.639606729621121],[-94.617561857703706,37.639661275297932],[-94.617598222281842,37.639770366540667],[-94.617625494420949,37.639861275412464],[-94.617625494865209,37.64029763909712],[-94.617625495210731,37.643143094060711],[-94.617634586166375,37.643970367085778],[-94.617716404717171,37.648506731610382],[-94.617734586841351,37.653570368958441],[-94.617770950590881,37.658924915565791],[-94.617725496217687,37.663197642860915],[-94.617680042756234,37.668006734889254],[-94.617770952018347,37.669152189499258],[-94.617743679743853,37.673134008196811],[-94.617743680034152,37.678606737151348],[-94.61788913436952,37.682224918942623],[-94.617734589177957,37.685824919970976],[-94.617698225627151,37.686661283770718],[-94.617698226045448,37.687534010612232],[-94.617661862450234,37.687679465211801],[-94.617816408195552,37.690188557100868],[-94.61784368078591,37.690434011199677],[-94.617898226364503,37.690824921049327],[-94.617925499177034,37.695734012252146],[-94.617934590823481,37.696979467143237],[-94.61796186358616,37.70216128653891],[-94.617916409994905,37.711679469673733],[-94.617952774355246,37.716688561951727],[-94.617980047623405,37.722179471963152],[-94.617898229359739,37.726415835620649],[-94.617816411777014,37.729715836532428],[-94.617870957154821,37.731197655007861],[-94.617816411385192,37.731570381977093],[-94.617852776285957,37.740215838250585],[-94.617734593663059,37.740970384167504],[-94.61782550354738,37.745506748119404],[-94.617798231628441,37.75005220361659],[-94.617834595804709,37.755306750479086],[-94.617780050314252,37.761052205786932],[-94.61773459688429,37.771924934593898],[-94.617725506517999,37.772979480369557],[-94.617643688409032,37.77584311728387],[-94.617598233867184,37.78160675514895],[-94.617589142784951,37.782915846284517],[-94.617561870489425,37.786434028700391],[-94.617598235206444,37.790415847154904],[-94.617480053583677,37.791243119898368],[-94.617170962453272,37.800852212925804],[-94.617089144595028,37.805161303961704],[-94.61692550864845,37.811679487628545],[-94.616834600452691,37.815479487811068],[-94.616843691335291,37.818070397187874],[-94.616752783133364,37.819306761002188],[-94.616870963919055,37.819461306555247],[-94.616661874442769,37.828515854207353],[-94.616653003986897,37.828917513967262],[-94.616461874867369,37.837570400982159],[-94.616525511301319,37.83774312856913],[-94.616480057238562,37.841224947324513],[-94.61646187553265,37.842952220457803],[-94.616434602945048,37.845288584301336],[-94.616352784979952,37.848570402504237],[-94.616289149397744,37.851288584823955],[-94.61613460404422,37.857979495325552],[-94.616007331092149,37.8631340415035],[-94.615843696366468,37.872515861705871],[-94.615861878386099,37.875043135029571],[-94.615870968680397,37.87696131714074],[-94.615925514390767,37.878343134945602],[-94.615798242788728,37.886561318497137],[-94.615789151589979,37.886852227531179],[-94.61571642483527,37.886852227706953],[-94.61565278855899,37.890915864836458],[-94.615480061883616,37.901779503260045],[-94.615543698718213,37.901843139510611],[-94.615398244658437,37.906306776402637],[-94.615398244109755,37.906397685582959],[-94.615189154682412,37.91595223289783],[-94.614989155256538,37.925079506937713],[-94.614789155474043,37.934206781943267],[-94.614870974584051,37.935624963291659],[-94.614843701764386,37.936706781585087],[-94.614807337830257,37.938315873535558],[-94.614761883035783,37.940779510235679],[-94.614625519999734,37.944097692284188],[-94.614616429746292,37.944370419561736],[-94.614634611020833,37.947924965778377],[-94.614598247608171,37.94998860269952],[-94.61458915742314,37.951470420545007],[-94.614570974773883,37.951524966259051],[-94.614525522263321,37.964343150351418],[-94.61453461336599,37.965424968356906],[-94.614561886319862,37.971043151567422],[-94.614580068641104,37.973315879119774],[-94.614580067996059,37.974188606768287],[-94.614498249591549,37.975288607045364],[-94.614525522650268,37.977852243594945],[-94.61464370507457,37.9782886071118],[-94.614734613727634,37.978334061573811],[-94.614880068550178,37.978834062403827],[-94.614670977897759,37.978879516322927],[-94.614470977669953,37.97917951656131],[-94.614352796308637,37.9796613352745],[-94.614534615330243,37.986597700136457],[-94.614480069200624,37.987734063826558],[-94.614470978836565,37.987806791008929],[-94.614389160014028,37.98847951783479],[-94.614280068979994,37.989397699910157],[-94.614225523964748,37.992015882440683],[-94.614216433725559,37.992470427950899],[-94.614252796852014,37.992597700660141],[-94.614280069401914,37.992679518687439],[-94.614225524844827,38.000043156416538],[-94.614052798267139,38.008070430835168],[-94.613907343646602,38.009724976425545],[-94.614143708168172,38.011715886209423],[-94.614025525530835,38.01265224992342],[-94.61403461686794,38.015097704404411],[-94.613998253516741,38.01672497784056],[-94.613998253482137,38.01754315938053],[-94.61400734485072,38.02233406914327],[-94.613989162838791,38.02394316099101],[-94.613925527732022,38.031052252782608],[-94.614016437010363,38.032261343687502],[-94.613989164464883,38.03696134494016],[-94.613998256500821,38.045243164601978],[-94.61399825576035,38.045615892095476],[-94.614025529412075,38.051379529328344],[-94.614061893998212,38.0600977121969],[-94.614098257809829,38.065706804245515],[-94.614098257807001,38.065906804734261],[-94.614070985153631,38.067352259586784],[-94.61407098506173,38.067506804331401],[-94.613980076128755,38.06957044176729],[-94.613961895000372,38.074579533115703],[-94.613961895361271,38.080970443082933],[-94.613934623101017,38.085843171860716],[-94.613907351056312,38.089343172083424],[-94.613943714187585,38.090697718106796],[-94.613916442666991,38.095661354833162],[-94.613861896886249,38.100497719279865],[-94.613834625062495,38.10380681060559],[-94.613898261569631,38.109961357686913],[-94.613898262236034,38.111806812022806],[-94.613889171978585,38.117906813333164],[-94.613889171205685,38.118079540891891],[-94.613880080499214,38.119361358915292],[-94.613880081302227,38.124243177873332],[-94.613907354402841,38.124524996648539],[-94.613880081758424,38.124724996245448],[-94.613989171908543,38.125034087652125],[-94.613980081021097,38.12652499689591],[-94.613825536540162,38.132524997498436],[-94.613880081880808,38.136470453267158],[-94.613916446747453,38.139061362359321],[-94.613907355595046,38.140988635978594],[-94.613880083081256,38.146588636940692],[-94.613861901195989,38.149779546232153],[-94.613752811342863,38.160643184579399],[-94.613643720495219,38.161634093426379],[-94.613461903296795,38.16780682201351],[-94.613452812020469,38.168025003753215],[-94.61345281211122,38.169370458452029],[-94.613225540011115,38.175879550727643],[-94.613180086607656,38.184634097484384],[-94.613180086135216,38.185034097614945],[-94.613170995256397,38.185634098149137],[-94.612952814491436,38.190152280557982],[-94.612952814279822,38.190434098881489],[-94.61299826882545,38.194288644986948],[-94.612961905802948,38.195743190714708],[-94.612934633455041,38.197115918486737],[-94.612925541674272,38.197497736232073],[-94.612852815149054,38.20054319180997],[-94.612852815706262,38.200725009317892],[-94.6129073608993,38.201406828345917],[-94.612898270335648,38.202952282603299],[-94.612834633489399,38.203925010604848],[-94.612825542956614,38.204315919502193],[-94.612825543184272,38.204625010670163],[-94.612807361444581,38.208206829258586],[-94.612725543929642,38.215434103129063],[-94.612661907710532,38.217661376196013],[-94.612661907237879,38.218725012648619],[-94.61266190714322,38.219261376516528],[-94.612661907635371,38.222188649444199],[-94.612643726786658,38.226261377655845],[-94.612643725991774,38.226997741864636],[-94.612707363777233,38.231115923990394],[-94.612680091161067,38.232643196988661],[-94.612652817654123,38.235261378840086],[-94.612634636248842,38.236415925267558],[-94.61262554566018,38.237770470375281],[-94.612680091260259,38.24067956192534],[-94.61268918249722,38.241961380458541],[-94.612698273552638,38.250034109415616],[-94.612743729610585,38.256715928797774],[-94.61275282042331,38.257788656008337],[-94.612743729720691,38.259225019966209],[-94.612698276013731,38.270397749188092],[-94.612698275621582,38.270988657941274],[-94.612698275554848,38.272370476279924],[-94.612789185810968,38.273652295372656],[-94.612761913002032,38.274734113516644],[-94.612734639781763,38.275897749824559],[-94.612761912644004,38.279597750256087],[-94.612734640678127,38.28456138811196],[-94.612807367920595,38.287015933654637],[-94.61286191372848,38.288643206653489],[-94.612852823287369,38.289470479723363],[-94.612852822858486,38.289925025302729],[-94.61285282349165,38.290243206675804],[-94.612843731815246,38.291043206633617],[-94.612852823142035,38.291434116589102],[-94.612689187216475,38.297170480601949],[-94.612689187979669,38.298834117110303],[-94.6126800971808,38.301325026832949],[-94.612680097254881,38.301470481357171],[-94.612680096927491,38.302534117685227],[-94.612698278638646,38.305061391037562],[-94.612707369877796,38.305243209780308],[-94.612716461445743,38.310652301602879],[-94.61271646174859,38.311543210842444],[-94.612716461337811,38.311706846968335],[-94.612716460922783,38.312752301868606],[-94.612716461586743,38.313125028789095],[-94.612725552018674,38.314234119911717],[-94.612680097825574,38.314843210840316],[-94.612734643285634,38.31721593915843],[-94.61279828000319,38.320152302838487],[-94.612834644056505,38.324397757947295],[-94.612907371729975,38.330461395299615],[-94.612980099472267,38.335561396810313],[-94.613007372292344,38.335806851257537],[-94.612934645225579,38.337288669293606],[-94.613025555639382,38.343606852719404],[-94.613107374539268,38.349770489666774],[-94.613152828349911,38.353434126989747],[-94.613243738258745,38.359725036828983],[-94.613234648187259,38.360879582865678],[-94.613234648487889,38.362106855273282],[-94.613316466863552,38.364415946997411],[-94.613352830089212,38.366888674979037],[-94.613334648100547,38.369625038932973],[-94.6132437397779,38.375025039702201],[-94.613243740884386,38.38872504175508],[-94.613334650583923,38.39249777009816],[-94.61330737869703,38.396079588717484],[-94.613343742672228,38.399879589374471],[-94.613361924229451,38.40364322677749],[-94.613380106577182,38.406688681306086],[-94.613389197692783,38.40716140855001],[-94.613398288510481,38.407706863154132],[-94.613480107732656,38.4179886837371],[-94.613471017268992,38.418597774790058],[-94.613443744926144,38.432170503848312],[-94.613289200392018,38.44353414213829],[-94.61329829186981,38.446706870063707],[-94.613371019482443,38.447861416211303],[-94.613407383573232,38.453970508189478],[-94.613389202057121,38.457988690435116],[-94.613407383791241,38.458725054100725],[-94.613334656429018,38.46117050934707],[-94.613316475550391,38.46274323687679],[-94.613198292994127,38.464161418323286],[-94.613189203174926,38.464343236446673],[-94.613207383913789,38.464625054680134],[-94.613280111989823,38.466388691719011],[-94.613198293323251,38.46811596452347],[-94.613098294205528,38.474943238282194],[-94.613107385667007,38.475706875044963],[-94.613080112685182,38.477461420567671],[-94.612916477055677,38.483179603522437],[-94.612916476588609,38.484406876318282],[-94.612789204757902,38.490179604628516],[-94.612752841002475,38.490315968313915],[-94.61272556886756,38.491815968759035],[-94.612443750830593,38.500025061059837],[-94.61238920707072,38.509397790216049],[-94.612334662100309,38.518770519059451],[-94.612326655692343,38.522938307367532],[-94.612316481217874,38.52823415726867],[-94.612189209046591,38.532706885306538],[-94.612189208138503,38.532943248871476],[-94.612280119273208,38.546770523956333],[-94.612125573745445,38.547715978079339],[-94.612107392418267,38.549743251268161],[-94.612171029201008,38.56432507258301],[-94.61217102992704,38.565543254368478],[-94.612016484824636,38.576461437624509],[-94.6119710301559,38.57647052895009],[-94.611934667095582,38.576497801524447],[-94.611898303801425,38.576515983720057],[-94.611880121960311,38.576543256435485],[-94.611871030364441,38.576961437707823],[-94.611825576008073,38.579925074693307],[-94.611816486105056,38.580179620502861],[-94.611898304165877,38.585543257787798],[-94.611907396357182,38.593534168263325],[-94.611907396449993,38.601534169689096],[-94.611916487703638,38.605897806274641],[-94.611761943089761,38.609225080248741],[-94.611643762414872,38.62058871811287],[-94.61148012638553,38.625615992092236],[-94.611525581498867,38.629388719876282],[-94.61140739914697,38.634870538940511],[-94.611325581797999,38.635070539109307],[-94.611271035702799,38.638234176045913],[-94.611143764218639,38.643588722569369],[-94.611071036825749,38.646334176911239],[-94.610980127843291,38.649334177672664],[-94.610907400642461,38.652706905632733],[-94.61084376566356,38.65689781576755],[-94.610816492335417,38.658434179485923],[-94.610725584465783,38.663879634915986],[-94.610634675303388,38.670779635717516],[-94.610552857268161,38.672697817832727],[-94.610525585454127,38.676470545655448],[-94.610471040333564,38.679216000625658],[-94.610289222779073,38.686834184554137],[-94.610089222709846,38.694525094468744],[-94.60994376863772,38.701925095480853],[-94.609907406050183,38.70408873237163],[-94.609861951292189,38.705506914251643],[-94.609761951064371,38.70909782421311],[-94.60971649655211,38.710897824994575],[-94.609643770700018,38.715797825610011],[-94.609552861843497,38.719934189596223],[-94.609480134496437,38.723616009124257],[-94.609471044123154,38.723870554180756],[-94.609380135428083,38.729361464601958],[-94.609171045049123,38.735452374797497],[-94.609098317197464,38.738125102180753],[-94.609098317107765,38.738552374504771],[-94.609098317927689,38.740679647687124],[-94.609061954753088,38.741643284793689],[-94.609052863948733,38.742452375166003],[-94.608907409393623,38.749679649101182],[-94.608880136622872,38.752688740552586],[-94.608861955454671,38.753225104988857],[-94.608734682687114,38.760579651105296],[-94.608634684150715,38.767225106825109],[-94.608507411525267,38.775206926874027],[-94.608489231064141,38.782025109488018],[-94.608398322062314,38.7897796560937],[-94.608334686732604,38.796606930643698],[-94.608325595805454,38.79704329427296],[-94.608171050968281,38.810997841903664],[-94.608161961045312,38.811106932844297],[-94.60766196138735,38.825779662570405],[-94.607634689645025,38.827570571945124],[-94.607671052485315,38.829652390685652],[-94.607680143673207,38.829852390693418],[-94.607716507369261,38.83171602750614],[-94.607880144701682,38.839461483189268],[-94.608043781747583,38.847216029928965],[-94.608043781902026,38.850116030068023],[-94.607943782332512,38.85311603045664],[-94.60804378305582,38.854116030855216],[-94.608043783223536,38.855016031524386],[-94.608043782711221,38.856316031553369],[-94.608043783382996,38.859616032305006],[-94.608043783169038,38.860416032102314],[-94.608043782955065,38.861216031972944],[-94.608043783406998,38.861352395630497],[-94.607998329862752,38.867279669290383],[-94.608034692823409,38.868006942476256],[-94.608043784294736,38.869670578942859],[-94.608043784330818,38.871634215538009],[-94.608043784859191,38.87256148883597],[-94.608043784635086,38.873816034216944],[-94.608043784567712,38.875443307356328],[-94.608043785646572,38.881570581096852],[-94.608016512321385,38.883125126413631],[-94.608007422258268,38.883725127327828],[-94.608016512627074,38.883825126735331],[-94.608034694456876,38.883916035954385],[-94.607961967965664,38.890870583011434],[-94.60797105933608,38.892834219701037],[-94.607980149627167,38.893706946873991],[-94.60798015061323,38.89400694702536],[-94.607971059142059,38.894306946798544],[-94.607980150113036,38.896452401507489],[-94.607998331740163,38.898652402501789],[-94.608016513593384,38.899197856752721],[-94.608016514034247,38.89937058430948],[-94.608007423455007,38.899997857348403],[-94.60800742297036,38.900125130147678],[-94.607961968956658,38.902052402757818],[-94.607980151194809,38.903561493808162],[-94.608016515188581,38.904834221282961],[-94.608016515037122,38.905625130419104],[-94.607998332634409,38.906679676242419],[-94.608007424441325,38.907570585260373],[-94.607998333120065,38.908706948945849],[-94.607989242497126,38.908997858705639],[-94.608007424069328,38.909670585719446],[-94.608007424337103,38.912906949636628],[-94.60801651609394,38.920234224245633],[-94.608016516489727,38.920334223745606],[-94.608016516368792,38.922361497403259],[-94.608052880440027,38.923352406070208],[-94.608052880758123,38.924370588105333],[-94.608052879964845,38.924434225147252],[-94.608043789794124,38.9261342254201],[-94.608080153540669,38.926825134015886],[-94.608125608216284,38.927534225122621],[-94.608125607590637,38.929170589305819],[-94.608125608307517,38.929343316651462],[-94.608125607500739,38.929370589427286],[-94.608116516897709,38.931161498942977],[-94.608089244869703,38.932461498825916],[-94.608089244565974,38.932897862688584],[-94.608089245312826,38.934152407953924],[-94.608080153808913,38.935152408103761],[-94.608080154346595,38.935288772144766],[-94.608080153791107,38.935616044940488],[-94.608071063143925,38.936616045305016],[-94.608080154040934,38.936843317859619],[-94.608080154650139,38.937016045387409],[-94.608089245530465,38.937052409145657],[-94.60812560818998,38.937625135886215],[-94.608116518269355,38.937788772493896],[-94.608198336400392,38.938279681420497],[-94.608416518235884,38.938470590872441],[-94.608271063732474,38.939097863870487],[-94.608225608993735,38.939406954994965],[-94.60814379098116,38.940016046012744],[-94.608143790855124,38.940816045944857],[-94.608143791394639,38.942070591684384],[-94.608152881975954,38.942579682488748],[-94.608161972347546,38.942979682871965],[-94.608152881784832,38.946143318901427],[-94.608198337514096,38.949306956265133],[-94.608152882594155,38.951952411237301],[-94.60815288322371,38.952170593322791],[-94.608143791938332,38.955188775744638],[-94.60816197398475,38.956134230374893],[-94.608152883170533,38.95645241230973],[-94.60814379208729,38.956697866252938],[-94.608143792190589,38.956734229809591],[-94.608143792276806,38.956770594258501],[-94.608171065650652,38.957397867111617],[-94.608143792394131,38.95816150286204],[-94.608116519329755,38.959488776246957],[-94.608125610360048,38.960643321978345],[-94.608125611061908,38.961370594444482],[-94.608116519662346,38.962979686134943],[-94.608116520741845,38.963061503999363],[-94.608116520623568,38.964088777034945],[-94.608107429989005,38.964870595446371],[-94.608134701981854,38.967425141090956],[-94.6082074298522,38.971943324145272],[-94.608180157475729,38.972825142328297],[-94.60823470309785,38.973925142034545],[-94.608271067231641,38.974734233083922],[-94.608280158320326,38.975152414882842],[-94.608325612745872,38.976597869880862],[-94.608325611924855,38.976716051549488],[-94.608380158465238,38.977797870402348],[-94.608398339749343,38.978706960816361],[-94.608325613215897,38.981906962141714],[-94.608216522082316,38.984325143998021],[-94.608125613442951,38.985661508222172],[-94.607989249705525,38.987752417185284],[-94.608007431484765,38.989206963271165],[-94.607998340326048,38.989270599788377],[-94.60799834068375,38.989334235657807],[-94.607971068684449,38.990916054470503],[-94.607961977399654,38.992706963265839],[-94.607952886113438,38.992979690738032],[-94.607952886755896,38.993216054712185],[-94.607925613506936,38.994834236467725],[-94.607925613997438,38.99579787321958],[-94.60792561391672,38.996634237339208],[-94.607907432255587,38.997543327778295],[-94.60789834132035,38.998461510196279],[-94.607880160055501,38.999334237115036],[-94.607871068585254,39.000216055994358],[-94.607861978254988,39.00059787431227],[-94.607816523924029,39.001088783124331],[-94.607852887432728,39.001906964749793],[-94.607834705146701,39.002697874682298],[-94.607843797092769,39.003506965099781],[-94.607834705628093,39.004325147662584],[-94.607825615442565,39.005134238722789],[-94.607843797089131,39.005961511135126],[-94.607816524453582,39.006897874930594],[-94.607816524698706,39.007861511759636],[-94.607789251614577,39.010906966863303],[-94.607789251407141,39.011325148140678],[-94.60775288779584,39.011779694208791],[-94.607771070511305,39.012770603600366],[-94.607761979935546,39.013879694857032],[-94.607743797408375,39.015170603724847],[-94.607734706423088,39.016606967777157],[-94.607725616369137,39.016634240711745],[-94.607698343002241,39.017634240528196],[-94.60768925298116,39.017788785781264],[-94.607689252450442,39.019288785956377],[-94.607661980510045,39.021088786200984],[-94.607607435142015,39.023243332225391],[-94.60761652578222,39.023897877941458],[-94.607616525693217,39.024125150551782],[-94.607598344668332,39.024852423613225],[-94.607561980304482,39.026088787155381],[-94.607580162669393,39.028352424170855],[-94.607534707792368,39.030743334026504],[-94.607489254122697,39.033852425126533],[-94.607489253684648,39.034170606782133],[-94.607480163102096,39.034243334577724],[-94.607480162890695,39.034279697685392],[-94.607452890527867,39.0352978802878],[-94.607443799616419,39.035706970504883],[-94.607461981357091,39.036406970827279],[-94.607416526871461,39.036797880497424],[-94.607480163867592,39.03694333448621],[-94.607461981432522,39.037406971083215],[-94.607452890312473,39.037452425675923],[-94.607425617984632,39.039688790096683],[-94.607452891121554,39.040488789757781],[-94.607452890980994,39.040916063016162],[-94.607461981518497,39.041261517626545],[-94.60743470953625,39.041625153922816],[-94.607371072777241,39.041961517024987],[-94.607398345273083,39.042843335902617],[-94.607389254606346,39.044043336291054],[-94.607371073041165,39.044661517860746],[-94.607343800249964,39.046488791189581],[-94.607343800720287,39.048343336337219],[-94.607343800463596,39.04881606418293],[-94.607343801335048,39.049552427997064],[-94.607343801401768,39.050279701093785],[-94.607343800612412,39.051116064813442],[-94.607343801622946,39.05231606447208],[-94.607343801784836,39.05321606504404],[-94.607152891904533,39.054388792044733],[-94.607289256511407,39.055352429004699],[-94.607325619288659,39.057270610820161],[-94.607316528733108,39.057325156408695],[-94.607325619571569,39.057379701483811],[-94.6073165294125,39.058725156226188],[-94.607307437740388,39.058888793399881],[-94.607271074965041,39.060606975088675],[-94.607243802371741,39.061916066047935],[-94.607243802158351,39.062316066668608],[-94.607225620874729,39.062788793528988],[-94.607243801988247,39.063816066803916],[-94.607289256544661,39.0646342482517],[-94.607289257352562,39.064843339936857],[-94.607271074875612,39.066334248649646],[-94.607298347638775,39.067234249333502],[-94.607343803124166,39.068916067429754],[-94.60732562153278,39.069806976802866],[-94.607243802701433,39.070716067643048],[-94.607334711646217,39.072452431789358],[-94.607334712494364,39.073188795130783],[-94.607298348345054,39.073516068261696],[-94.607243803763964,39.07407970473092],[-94.607243803496132,39.074425159390614],[-94.607343802817255,39.075088795422246],[-94.607343803119903,39.075606977961257],[-94.607343803378839,39.07583425084934],[-94.607343803409236,39.075979705251299],[-94.607343803470243,39.076270614066793],[-94.607343803295279,39.076888796016981],[-94.607343804007172,39.077543341435089],[-94.607343803324483,39.080016069340203],[-94.607343803475189,39.081825160627439],[-94.607343803536168,39.082116069755159],[-94.607234712755456,39.082488797370296],[-94.607243804505231,39.083161524457083],[-94.60724380429123,39.083279706483957],[-94.607243804547565,39.083697887699842],[-94.607243804806117,39.086179706645844],[-94.607243804507064,39.087516070613489],[-94.607243803955484,39.089484458950132],[-94.608304924034215,39.089257543580956],[-94.608029471270498,39.105683367870419],[-94.609022097547737,39.106092684612648],[-94.610334103407425,39.107646636232758],[-94.611098722390864,39.108594351518732],[-94.612864384580405,39.109810910155488],[-94.61452168225253,39.110855569977836],[-94.615513106843991,39.111635140785744],[-94.617486344269153,39.113708353601403],[-94.62034103248034,39.116476188091674],[-94.62423065185088,39.120706558538267],[-94.625107235195316,39.121656548778525],[-94.627526645049358,39.123820397722767],[-94.629829523446702,39.126239484773784],[-94.631479413157479,39.127709924340301],[-94.638069847402377,39.134107794165068],[-94.63927106786258,39.135659120350795],[-94.641776007148266,39.139275915162287],[-94.643642099070888,39.141176871614597],[-94.646599560169349,39.144543057048601],[-94.649354292610496,39.146794924510402],[-94.651511510588946,39.148099938671443],[-94.653063152094234,39.148886381112739],[-94.654737769853895,39.149075170938922],[-94.65651474974409,39.149778122322218],[-94.660624884578965,39.151361708732118],[-94.666304268829322,39.152790244786033],[-94.674447893684174,39.154073036482345],[-94.682705288128432,39.155272819654094],[-94.684709404488146,39.155806001333133],[-94.691393347042649,39.157415771951769],[-94.701199130908307,39.15965454723171],[-94.708387184064989,39.161268660515248],[-94.713847701975197,39.162520949167877],[-94.723654847861155,39.16475908188972],[-94.732579544486697,39.166303688311359],[-94.738257054359494,39.167985446422939],[-94.744264557865861,39.17001156063121],[-94.751174890485615,39.171620382019583],[-94.758415389910837,39.173572314710654],[-94.760849233582817,39.175220602302403],[-94.763270218443893,39.177017073338533],[-94.765548008676902,39.178601241183621],[-94.769865677089797,39.181378974862362],[-94.776625242208794,39.185377422152975],[-94.781719944600326,39.188589588722891],[-94.786922858343416,39.192059125931934],[-94.795891766029939,39.197958581981787],[-94.797223612720785,39.198655219523076],[-94.799561488340814,39.199446308539066],[-94.801783151160635,39.200493885496236],[-94.803585315488164,39.201469333915384],[-94.804750173131126,39.202099600788863],[-94.807724932675072,39.203371800481825],[-94.810544720810668,39.204209655045354],[-94.811061343824846,39.204427655439979],[-94.8123909734054,39.204989117217039],[-94.817126945574643,39.206989526080413],[-94.819424641545595,39.208354851972189],[-94.820698418207783,39.20863426029608],[-94.822298419320092,39.209306987702398],[-94.823798419132146,39.209879715212551],[-94.82498023851177,39.2107433517385],[-94.826089329823205,39.211688806277657],[-94.82737114765068,39.212652442699479],[-94.830507512709843,39.215052442508636],[-94.830881914069934,39.215334686850518],[-94.839079933000221,39.220799658075997],[-94.850352687418066,39.234204356900371],[-94.858305251953936,39.244857709493381],[-94.866260153634329,39.255510581001538],[-94.874399092267865,39.267222589804184],[-94.882540661349921,39.278934100157933],[-94.885052460956771,39.2849932926595]]]},"properties":{"FID":6,"US_L3CODE":"40","US_L3NAME":"Central Irregular Plains","NA_L3CODE":"9.2.4","NA_L3NAME":"Central Irregular Plains","NA_L2CODE":"9.2","NA_L2NAME":"TEMPERATE PRAIRIES","NA_L1CODE":"9","NA_L1NAME":"GREAT PLAINS","STATE_NAME":"Kansas","EPA_REGION":6,"L3_KEY":"40  Central Irregular Plains","L2_KEY":"9.2  TEMPERATE PRAIRIES","L1_KEY":"9  GREAT PLAINS"}},{"type":"Feature","id":7,"geometry":{"type":"MultiPolygon","coordinates":[[[[-94.81133477995597,39.206770624412329],[-94.814298417354237,39.20714335154382],[-94.816534781005728,39.207643351380696],[-94.819289327318728,39.208325169207932],[-94.819424641545595,39.208354851972189],[-94.817126945574643,39.206989526080413],[-94.8123909734054,39.204989117217039],[-94.811061343824846,39.204427655439979],[-94.810544720810668,39.204209655045354],[-94.807724932675072,39.203371800481825],[-94.804750173131126,39.202099600788863],[-94.803585315488164,39.201469333915384],[-94.801783151160635,39.200493885496236],[-94.799561488340814,39.199446308539066],[-94.797223612720785,39.198655219523076],[-94.795891766029939,39.197958581981787],[-94.786922858343416,39.192059125931934],[-94.781719944600326,39.188589588722891],[-94.776625242208794,39.185377422152975],[-94.769865677089797,39.181378974862362],[-94.765548008676902,39.178601241183621],[-94.763270218443893,39.177017073338533],[-94.760849233582817,39.175220602302403],[-94.758415389910837,39.173572314710654],[-94.751174890485615,39.171620382019583],[-94.744264557865861,39.17001156063121],[-94.738257054359494,39.167985446422939],[-94.732579544486697,39.166303688311359],[-94.723654847861155,39.16475908188972],[-94.713847701975197,39.162520949167877],[-94.708387184064989,39.161268660515248],[-94.701199130908307,39.15965454723171],[-94.691393347042649,39.157415771951769],[-94.684709404488146,39.155806001333133],[-94.682705288128432,39.155272819654094],[-94.674447893684174,39.154073036482345],[-94.666304268829322,39.152790244786033],[-94.660624884578965,39.151361708732118],[-94.65651474974409,39.149778122322218],[-94.654737769853895,39.149075170938922],[-94.653063152094234,39.148886381112739],[-94.651511510588946,39.148099938671443],[-94.649354292610496,39.146794924510402],[-94.646599560169349,39.144543057048601],[-94.643642099070888,39.141176871614597],[-94.641776007148266,39.139275915162287],[-94.63927106786258,39.135659120350795],[-94.638069847402377,39.134107794165068],[-94.631479413157479,39.127709924340301],[-94.629829523446702,39.126239484773784],[-94.627526645049358,39.123820397722767],[-94.625107235195316,39.121656548778525],[-94.62423065185088,39.120706558538267],[-94.62034103248034,39.116476188091674],[-94.617486344269153,39.113708353601403],[-94.615513106843991,39.111635140785744],[-94.61452168225253,39.110855569977836],[-94.612864384580405,39.109810910155488],[-94.611098722390864,39.108594351518732],[-94.610334103407425,39.107646636232758],[-94.609022097547737,39.106092684612648],[-94.608029471270498,39.105683367870419],[-94.608304924034215,39.089257543580956],[-94.607243803955484,39.089484458950132],[-94.607243804346595,39.089697889108145],[-94.607243805106123,39.091206980496175],[-94.607171078036771,39.097043345312962],[-94.60716198703237,39.097897890660427],[-94.607152896554737,39.098652436438933],[-94.607152896250753,39.098879708517948],[-94.607143805447635,39.09906152693879],[-94.607125623333204,39.099243345214518],[-94.607034714157393,39.099825163905358],[-94.607143805620126,39.099961527192839],[-94.607143805664066,39.100206981996443],[-94.607143805718323,39.100425163260809],[-94.607080168948812,39.101506982270038],[-94.607089260347195,39.101806981739223],[-94.607143805767436,39.104506982559741],[-94.607243806938882,39.107243346280747],[-94.607243806902105,39.107470619625225],[-94.607243806114354,39.107943346349629],[-94.607271079103796,39.108443347094642],[-94.607280170679928,39.108779710534634],[-94.607298351686197,39.108934256080076],[-94.607343806884174,39.109906983152563],[-94.607343806730057,39.110379710991353],[-94.60733471615228,39.111379711229127],[-94.607325624682446,39.112570620699586],[-94.607361988409053,39.113452438322525],[-94.607252898471003,39.11621607577505],[-94.60704380759536,39.119406984790345],[-94.605743806980499,39.122206985263531],[-94.600443807153781,39.128506987130059],[-94.592480168322766,39.134888806657678],[-94.589698350665145,39.138961535060666],[-94.588089259343889,39.144179717303878],[-94.588207442167388,39.150234263723384],[-94.589952897029505,39.152470628006846],[-94.590571078916383,39.153261536844013],[-94.591943806859916,39.155006992181114],[-94.596043807710785,39.157706992303396],[-94.601743810216433,39.159606991949765],[-94.607489265710043,39.160897900738497],[-94.614880176739661,39.16019790029705],[-94.623507451673945,39.156788809059158],[-94.623616542956242,39.156743354005258],[-94.623725633960333,39.156716081676905],[-94.635943819069567,39.154006989445961],[-94.645271093722215,39.153116079709967],[-94.650598367699175,39.154097897084775],[-94.650743822871036,39.154106988191998],[-94.651143822066587,39.154206988834687],[-94.656107460375139,39.156088806671228],[-94.659934734440668,39.158879715570123],[-94.661325644006766,39.163434261758908],[-94.660325644213216,39.168061535263021],[-94.659534735693981,39.175088809726518],[-94.663843828590473,39.179106991704934],[-94.666943828877464,39.181006992223615],[-94.66914383047704,39.182006992310079],[-94.680343832900874,39.184306991989423],[-94.684052925733084,39.184079718867615],[-94.688980199004448,39.183061536245049],[-94.693680200031324,39.180852444907671],[-94.696371109347226,39.178988807821383],[-94.704580202447715,39.173561534000406],[-94.714143841419627,39.170406987419305],[-94.715116569064136,39.170270623347889],[-94.723643843891622,39.169006986812427],[-94.73654384682024,39.169206986179049],[-94.741943848985628,39.170206985738432],[-94.752343851249449,39.173206985875993],[-94.763143855224655,39.179906986563644],[-94.767580220444316,39.184216077657474],[-94.769789312484292,39.19006153264143],[-94.770143857728428,39.191643351179394],[-94.770207495012045,39.191797897013139],[-94.775543860104534,39.200606988780891],[-94.776407496677479,39.201816079893682],[-94.777043861281143,39.202616080031113],[-94.777843860715834,39.20353426217072],[-94.778725679923824,39.204252443585837],[-94.77941658875443,39.204806989785588],[-94.779898407335708,39.205116080298659],[-94.780762044261621,39.205579716815812],[-94.781525680698053,39.20615244386282],[-94.782471135747244,39.2065978987265],[-94.783162045160068,39.206970625556551],[-94.783689318305164,39.207125171816699],[-94.784652954239945,39.207334262073282],[-94.785607499670988,39.207616080239326],[-94.78693477302447,39.207834262270659],[-94.788589319226134,39.207961534646529],[-94.789580228922503,39.207834262081803],[-94.790989319616358,39.207797898506136],[-94.792907502314165,39.207579716769956],[-94.794416593470814,39.207370625624151],[-94.796234775997874,39.207088807480169],[-94.798607503519946,39.207125170987794],[-94.801943868300796,39.206806988427182],[-94.804862050357272,39.206734261335484],[-94.808098414698549,39.206634260943872],[-94.81133477995597,39.206770624412329]]],[[[-94.831689331843236,39.21594335150445],[-94.832298422112999,39.21674335217034],[-94.833243877370634,39.217516079352194],[-94.833562059326482,39.217797897570037],[-94.833962059278164,39.21840698868526],[-94.834307514583841,39.219143352412623],[-94.834843878084371,39.220261534485736],[-94.835062060362475,39.220661534194981],[-94.835107514922839,39.220961534541217],[-94.835125696621262,39.221097898337703],[-94.835271150653142,39.221852443787697],[-94.835207514677023,39.222506989278358],[-94.835034787849452,39.223261534996759],[-94.834907514976109,39.223852443638066],[-94.834616606290183,39.224425171241009],[-94.833989333567217,39.225452443910733],[-94.833189332613571,39.226316080752262],[-94.832407514999673,39.227225171532005],[-94.831334787625877,39.228525172525785],[-94.83038933258554,39.229852445408781],[-94.829398423303417,39.231325172723949],[-94.828516604691401,39.232679718323439],[-94.827798423639095,39.234006991498909],[-94.82706205916439,39.235497901229373],[-94.826489332052091,39.237125174148503],[-94.826116605071007,39.23829790169772],[-94.825816604887194,39.239479719851573],[-94.825780241312671,39.240661538561341],[-94.825671150435696,39.241734265742686],[-94.825752968494015,39.242725174628781],[-94.825962059385148,39.243606993638714],[-94.825962059450276,39.243888811848144],[-94.825971150941299,39.243952448057676],[-94.826180241565908,39.244861538653389],[-94.826516605946949,39.245797902538179],[-94.826580242620125,39.246343357371863],[-94.826825696408719,39.247352448739996],[-94.827080242717443,39.248125175743596],[-94.827143878675841,39.2483888120397],[-94.827225696785831,39.249052448273524],[-94.827498424339396,39.249897903425094],[-94.828007515817077,39.250843357608538],[-94.828580242618784,39.251852449368201],[-94.829207516373017,39.252870630904347],[-94.829898425114152,39.253943358253544],[-94.830707516377146,39.255034267511107],[-94.831480244615776,39.256279722012202],[-94.832152972470652,39.256888813445919],[-94.832516607980978,39.257388813045409],[-94.833125699378968,39.258061540533447],[-94.833943881605961,39.258934268153631],[-94.834643881533623,39.259561540476575],[-94.835016609132921,39.259943359353699],[-94.83564388277513,39.260488813931779],[-94.836089337195361,39.260870632052594],[-94.836725701224623,39.261461541204824],[-94.837371155657934,39.262006995301164],[-94.837862064641726,39.262425177278026],[-94.839080246770635,39.263370632254762],[-94.841125702477626,39.264852450642863],[-94.842998429763156,39.266279723151101],[-94.844643884797634,39.267397905140804],[-94.846325704557216,39.268488814251036],[-94.848134795310301,39.269352450650331],[-94.84971661463257,39.270134268898822],[-94.850571160172592,39.270606996610141],[-94.851316614757891,39.271016087308773],[-94.853143887921178,39.272006996179975],[-94.855189343402415,39.272934269179885],[-94.857080253491887,39.273834268968919],[-94.858843889837914,39.274516087199089],[-94.861225708865874,39.275416087449166],[-94.863525709167007,39.276297905264428],[-94.865462074117943,39.277097905892525],[-94.867571164646918,39.27785245141002],[-94.869398438748291,39.278425178274063],[-94.871162075585701,39.279016087582242],[-94.873498439952357,39.279670633096536],[-94.874825712772648,39.28017063303642],[-94.875062076522781,39.280316087163264],[-94.87832571336962,39.281143360312321],[-94.880425714215605,39.282070632780083],[-94.882580260719678,39.283334269716015],[-94.88471662525032,39.284743360739434],[-94.885052460956771,39.2849932926595],[-94.882540661349921,39.278934100157933],[-94.874399092267865,39.267222589804184],[-94.866260153634329,39.255510581001538],[-94.858305251953936,39.244857709493381],[-94.850352687418066,39.234204356900371],[-94.839079933000221,39.220799658075997],[-94.830881914069934,39.215334686850518],[-94.831689331843236,39.21594335150445]]],[[[-96.576808055482886,40.001261557907206],[-96.576671691265915,40.001061557146777],[-96.578143608751716,40.001086157418413],[-96.58102623877393,40.001134284112553],[-96.582153511092585,40.001143375357145],[-96.594108059723581,40.000916101962964],[-96.5951853133745,40.000919629139062],[-96.594843415414374,40.000106941380572],[-96.595340986865111,39.998562756412802],[-96.597253838086459,39.997001820771175],[-96.600961460752117,39.995142241248757],[-96.60213411275565,39.994423731112732],[-96.604154564390896,39.993187956450114],[-96.605423612063547,39.991435876233943],[-96.606494587626401,39.989723773758975],[-96.606264205611936,39.986828663121663],[-96.611701644943096,39.981851119016618],[-96.613729558293784,39.978762081992734],[-96.616290055349168,39.97546400497334],[-96.61938859557381,39.971834123727575],[-96.622845671647525,39.968450038258709],[-96.626922023230108,39.964624375845695],[-96.631335103417982,39.960061673375918],[-96.634348582269951,39.956604774999619],[-96.636885516315402,39.953701372697012],[-96.639270366581997,39.950854456081558],[-96.641887510391825,39.947840071018824],[-96.644899995956294,39.944382960778064],[-96.647510422264446,39.941485664835369],[-96.650760178626868,39.937746043759056],[-96.653694565597974,39.934341565724957],[-96.655941875102016,39.931260799170758],[-96.657886415690029,39.928281977267751],[-96.659863944278641,39.924673744383377],[-96.661467354787717,39.921116549671559],[-96.662826295265717,39.917945510784854],[-96.664530211744975,39.913871212976922],[-96.665780449716152,39.909955500306744],[-96.666890885946884,39.90586537096253],[-96.667623665258787,39.901870956530274],[-96.669506779195615,39.897233425915751],[-96.670974978140578,39.893380117070357],[-96.672566662063559,39.888614680724423],[-96.673787245445681,39.883837851378722],[-96.674296604315487,39.879839049824774],[-96.67468536269736,39.87531992870224],[-96.675342250005897,39.86995486994951],[-96.675804233812386,39.864063193293553],[-96.675980623520402,39.860742225598479],[-96.676301573345185,39.857487511481565],[-96.676768907027153,39.854289936629527],[-96.677491566485912,39.850471876195847],[-96.678133695999378,39.846763581574002],[-96.678499226637328,39.841270714843944],[-96.678803035449363,39.835547287362587],[-96.679151609143744,39.828969102528312],[-96.679188370698611,39.825469373224479],[-96.679385722478941,39.821752352436178],[-96.679463510836612,39.81607926551591],[-96.679677952752584,39.810637499785507],[-96.679641488740145,39.806447653493152],[-96.682437322776806,39.800538987275665],[-96.68427778580093,39.797724448316018],[-96.686111670473679,39.793536678795292],[-96.687277164266419,39.789465252315658],[-96.688073172799889,39.785570950523983],[-96.688351485071195,39.781900371823298],[-96.688925173052795,39.778060843565193],[-96.689352977115121,39.774740862570582],[-96.689631892723455,39.771417224852527],[-96.690207928734409,39.76809085240216],[-96.690561462104341,39.764651923551469],[-96.69076740903499,39.761502736102003],[-96.691194886993813,39.758119184690138],[-96.692425514922405,39.752504584304049],[-96.693735686908013,39.747800945528148],[-96.694680803487813,39.74430631311462],[-96.695773077789553,39.740462830162564],[-96.69693555041701,39.736108029144624],[-96.697729279011398,39.731979506104352],[-96.698227986831128,39.728255330458275],[-96.698508130383388,39.725161536281831],[-96.698325031158177,39.718630050585951],[-96.698305779632463,39.715022558899904],[-96.6979183650663,39.711874494014737],[-96.697076786856911,39.706776801579835],[-96.694751072040916,39.701401765382151],[-96.691756467776472,39.697063368354016],[-96.688906593555402,39.691357632186566],[-96.687820692974938,39.685898704823799],[-96.683774246819524,39.686696126932709],[-96.677315542554126,39.684171123333904],[-96.670174798016333,39.682329907894896],[-96.664898085367938,39.680931296950511],[-96.660354343368084,39.679280948857432],[-96.653401068653409,39.676041191074503],[-96.647688620945161,39.672800227358366],[-96.644361809158056,39.670934406492528],[-96.637441407446147,39.666821271599382],[-96.632744375105929,39.663861157084526],[-96.629359505930694,39.661651679698302],[-96.623982560635071,39.657613740768994],[-96.620346433963462,39.654422539498199],[-96.617490467060662,39.650390777378263],[-96.614744615787544,39.64555972809606],[-96.613287650502699,39.641737421913668],[-96.612241755209553,39.638670503154756],[-96.609104195704759,39.635952874291441],[-96.605496917701288,39.633792954552746],[-96.601514876730306,39.631737347744917],[-96.596407437945459,39.629997092973653],[-96.591273860802218,39.628826781659725],[-96.585553849071786,39.627524006723732],[-96.578728632819988,39.626079966749103],[-96.575134366439997,39.625591325171968],[-96.571879938314638,39.625148790713403],[-96.567730494173574,39.625152056291043],[-96.562970521093533,39.625538310083215],[-96.558416574632489,39.626275975262779],[-96.552280625878169,39.627295957431542],[-96.547658595339726,39.628161781295134],[-96.543014400589129,39.629239482371318],[-96.538222340225445,39.630313190267316],[-96.531286582918966,39.631959128127946],[-96.525693239710336,39.633846701725624],[-96.521531920033226,39.635250638263358],[-96.51594590462156,39.636595606296339],[-96.510472019385432,39.637753595186751],[-96.505369275765972,39.639540103468228],[-96.500859022791403,39.641267116157898],[-96.495756511970939,39.643337682854025],[-96.490875409518836,39.645236478499449],[-96.486512009258917,39.646790640824101],[-96.480372366444129,39.648977237156636],[-96.474380058080655,39.65070791144101],[-96.46979230949961,39.651742486737021],[-96.465499152006657,39.652208082762918],[-96.46076157576465,39.652216668348139],[-96.456541578955779,39.651935405014285],[-96.45113612902594,39.65148760093885],[-96.445212117539825,39.650289586562998],[-96.441063381614626,39.648635509626558],[-96.437062662368007,39.646349441400517],[-96.432246720660871,39.643607587488781],[-96.427875513920227,39.641038060663902],[-96.423504207836132,39.637949679218345],[-96.418094689025367,39.633145682178885],[-96.41505614475804,39.63011391399526],[-96.412166617467861,39.627135130594965],[-96.409794833537902,39.624276175815098],[-96.406237641167337,39.619984321273982],[-96.40312511878264,39.615748944304556],[-96.400531819870537,39.612429861257944],[-96.397938750244151,39.609168710550456],[-96.395863818182548,39.606248338922576],[-96.392826511513405,39.601783819813363],[-96.390381848635485,39.598409411575567],[-96.388307264449651,39.595204482180563],[-96.385862874831474,39.591312442444838],[-96.382752705967704,39.586787700363693],[-96.380309340458481,39.583926204746959],[-96.377719229395282,39.581236923319238],[-96.374906583813896,39.578434444213251],[-96.371502727766611,39.575515452472025],[-96.367877968648955,39.57294279736184],[-96.363439433281016,39.569850381194797],[-96.357374456371829,39.566019607300056],[-96.353898465222898,39.563845449430687],[-96.350644646879772,39.561956139580239],[-96.346281643056372,39.559726278300268],[-96.342289147339557,39.557725026341714],[-96.3384446429516,39.55594743928588],[-96.333712907295123,39.554059458346025],[-96.328759573489577,39.552229883391014],[-96.322994005374483,39.55051598517894],[-96.318115132098569,39.549259135213525],[-96.312350131273746,39.547657395150694],[-96.307398358556242,39.546452750650289],[-96.303111752671128,39.545709173985486],[-96.298824522290971,39.544965452284671],[-96.292542774147051,39.5439953916311],[-96.286112783324725,39.543138001541671],[-96.279757193238851,39.54238942918203],[-96.273771268588575,39.541993326698233],[-96.267415803534931,39.541415899008598],[-96.2607643524276,39.540786347571192],[-96.254039993566565,39.53986992416695],[-96.248424046411117,39.539007818492308],[-96.242438964255115,39.538032426816002],[-96.238080196581976,39.537343661752097],[-96.233203046602696,39.536655712887601],[-96.226996684611379,39.535678871785613],[-96.22138205418311,39.534818904135562],[-96.216727506340007,39.53395592070575],[-96.21177807120435,39.532922598296899],[-96.208011327031471,39.531773347973335],[-96.203579780279966,39.530743295866444],[-96.199517306708444,39.529650042829083],[-96.195159732438199,39.52850468049499],[-96.189399424166311,39.526721079764897],[-96.184083541586659,39.5248852256899],[-96.179137133792793,39.522765307008541],[-96.174192015799804,39.520298301583153],[-96.169913046642861,39.517545785780669],[-96.165855998382739,39.514617688897339],[-96.162024559109739,39.510263687231465],[-96.159225301606128,39.506825126242163],[-96.15553942368193,39.503501382684256],[-96.151780512448312,39.500228936221696],[-96.148980221505511,39.497710370731049],[-96.146030877721046,39.495587871586999],[-96.142490521796802,39.493636685196336],[-96.138213235797537,39.491337037982383],[-96.133198338183618,39.488871870450261],[-96.128700171320276,39.486517491310501],[-96.123169826421176,39.483705568782298],[-96.118671793717908,39.481521496713043],[-96.114320848396105,39.479513374056886],[-96.109749836109955,39.477385944991866],[-96.104956918448963,39.475203870993106],[-96.100458386687777,39.473478721078166],[-96.096475644749233,39.472212542471304],[-96.092272391346143,39.470715511651697],[-96.084470996229342,39.467532110750241],[-96.074545268210258,39.465215046701971],[-96.053126411772269,39.457938578559691],[-96.031711867279625,39.450658454636987],[-96.027225811359159,39.448435438212371],[-96.009185754371785,39.442262154576561],[-95.991148777784801,39.436086276919426],[-95.975175978892679,39.428347268437804],[-95.959206598172045,39.420606234813391],[-95.95398329558779,39.41807363428584],[-95.948372953342314,39.415260687911932],[-95.944578779534808,39.413358460752001],[-95.940826778309329,39.411476213843486],[-95.937038661752084,39.409575991218603],[-95.932857102165954,39.407478002744945],[-95.928156547978944,39.405119725401669],[-95.923602849203974,39.402834957856648],[-95.917622002730951,39.399834156709183],[-95.911210491417549,39.396616354561694],[-95.907110209783525,39.393126726194993],[-95.902671676293721,39.389348926989733],[-95.898795057915592,39.386048814386932],[-95.89510785806624,39.38291046873313],[-95.89098793881989,39.379402459102252],[-95.886821399826431,39.375855207757503],[-95.885382667392221,39.371126997589585],[-95.879723677134038,39.367342819148348],[-95.875442388843382,39.36074905853755],[-95.869865472627481,39.34612992263245],[-95.864290807875747,39.331510594899981],[-95.86191180052198,39.326469942098768],[-95.858533331464798,39.321013194861756],[-95.857090272319439,39.318926970749537],[-95.854499205565901,39.316446775467583],[-95.851407697932288,39.313459568754858],[-95.848536971017438,39.310471452091214],[-95.845588939061543,39.307313624842941],[-95.842870060753313,39.304492871060603],[-95.840222167901771,39.301557264443602],[-95.837498057811231,39.298506616144337],[-95.834844950737519,39.29534224257911],[-95.832264275677488,39.292121040727842],[-95.829402326013565,39.289415801455718],[-95.82594107400341,39.286261276470746],[-95.821957245540716,39.28277245406268],[-95.81849540359687,39.2795641869468],[-95.815416854730216,39.276976556579314],[-95.810327232486486,39.273332898176427],[-95.804799948232514,39.269808816859978],[-95.800098397840955,39.266962831069129],[-95.796597964762995,39.265123564075211],[-95.792794182759167,39.262891077997509],[-95.788685733575875,39.260205120859474],[-95.784874161414635,39.257630014599549],[-95.780846600345399,39.255226126436455],[-95.775420201386709,39.252730386056633],[-95.769998537147615,39.250408402855527],[-95.763666587404188,39.246892182391846],[-95.75824016618148,39.244341032699623],[-95.752373055972939,39.241790999935823],[-95.748278039667966,39.239563308594555],[-95.743439244410141,39.236943566909218],[-95.739940354996804,39.235043578920482],[-95.734295447169146,39.232492057365583],[-95.729403801918437,39.230732688207326],[-95.72548076007628,39.229527370559097],[-95.72111208720969,39.228102301735809],[-95.716814478650363,39.226563480135241],[-95.712150481923899,39.225081679454455],[-95.707859796317052,39.223825833060019],[-95.701139302484634,39.222373366832272],[-95.693632306681934,39.221849891487246],[-95.689584447011043,39.22156436488698],[-95.685538899463481,39.22138803833441],[-95.681272973762745,39.22121992900847],[-95.67670964533518,39.220883602152014],[-95.672446413820936,39.22082450179245],[-95.668406187047268,39.220880714509484],[-95.663780584298777,39.221059035530267],[-95.658575352188237,39.221588042714146],[-95.653812941233141,39.222228471935118],[-95.649127901056104,39.223032884962514],[-95.645030384118371,39.223833238831105],[-95.641084582246279,39.224860293516521],[-95.637214843894753,39.225996751014513],[-95.633052429491045,39.227199154291348],[-95.628158442240377,39.228581030587172],[-95.623556122812317,39.229846504224241],[-95.618295951506113,39.231289338563727],[-95.61325342938963,39.232614410234063],[-95.608141107380092,39.234111939690244],[-95.603318666975184,39.235436178324356],[-95.598792558457305,39.236870512811521],[-95.594414052020014,39.238356434302368],[-95.590256204582403,39.239840741307241],[-95.585804011591634,39.241331721417765],[-95.58091553212887,39.243053055808346],[-95.576025556713589,39.244719552214661],[-95.571283965494871,39.246441012313674],[-95.566688693603851,39.248160594154371],[-95.562314869678531,39.249932076650843],[-95.555610382294248,39.252769183483238],[-95.55007544412166,39.25530011161672],[-95.546509297439684,39.257058341545601],[-95.542943085366545,39.258820926457275],[-95.539233070694522,39.260757989996115],[-95.535449766071082,39.262696920811486],[-95.5315210479868,39.26474670543876],[-95.52788300035057,39.266626835720132],[-95.524315676340905,39.26838443478583],[-95.520893063261795,39.270030975712388],[-95.516522273243268,39.272089755694147],[-95.512297583569378,39.27408648272278],[-95.50771299876034,39.276492115946006],[-95.503854911990857,39.278485551767986],[-95.499566395890639,39.281000252079295],[-95.494989848784726,39.283860532190083],[-95.490195622848304,39.2868959533604],[-95.485613801194873,39.289524995211707],[-95.479712518155779,39.292403740449274],[-95.475989991259368,39.293879385008822],[-95.470073262468077,39.296009265711177],[-95.464228526833537,39.298084492169409],[-95.458599866328797,39.299923943710283],[-95.45230880258309,39.301772479968342],[-95.44586130698552,39.303164967085259],[-95.441752102906506,39.303728844442574],[-95.43763830000573,39.30406726513894],[-95.433521266815617,39.304230442055527],[-95.428222900526364,39.304175012803697],[-95.422629368705685,39.304070033548115],[-95.417619760290179,39.303728840357145],[-95.412310815820476,39.303100507747843],[-95.406997497897379,39.302246668670023],[-95.401899488449359,39.301103570850564],[-95.397096061089186,39.299955024021521],[-95.393028440791298,39.298799840677006],[-95.385558170743707,39.296651849785583],[-95.381416195349317,39.29543902684366],[-95.376610262973045,39.29412239266405],[-95.371508263513277,39.292690273138149],[-95.36626356096366,39.291491475624959],[-95.361466582889932,39.290629340381194],[-95.356448761869089,39.289767004187077],[-95.351067564682609,39.289141266494973],[-95.345758972071337,39.288450995302171],[-95.340379915209624,39.287937446569167],[-95.335144401181026,39.287195797118635],[-95.330278036228535,39.286559619098647],[-95.326004738688752,39.28614955363873],[-95.321803742723759,39.285678385567635],[-95.317754938034113,39.285493435629313],[-95.313483246004822,39.285195611418779],[-95.308771694960555,39.284960985643352],[-95.304062024913463,39.2848377294345],[-95.299720002259903,39.284711925232273],[-95.294792541202966,39.284764437429907],[-95.289945464924671,39.285215401925583],[-95.285029850423456,39.285955790910556],[-95.279601646198415,39.286869241846972],[-95.274179753699826,39.288128268733061],[-95.268908120131641,39.289614350131082],[-95.263637254282401,39.291153775895111],[-95.258367481044885,39.292756544440749],[-95.25273122399696,39.294474013849531],[-95.247460385986273,39.296071862112555],[-95.242702602525824,39.297551033148864],[-95.237578853014085,39.299149361063471],[-95.232894226601204,39.300627525544868],[-95.228502778901472,39.302044814357068],[-95.223890433463382,39.303461699138388],[-95.219499393231658,39.304937840536283],[-95.215625820131962,39.306578770588757],[-95.211318958960064,39.308737756564113],[-95.206646951000593,39.311074951417773],[-95.20175793935077,39.313698365267499],[-95.197308404296749,39.316201721731311],[-95.193002235462373,39.318477191089471],[-95.189062151439273,39.320632216709448],[-95.185414940107833,39.322728786562372],[-95.178846848180044,39.326338611536883],[-95.175344538836455,39.328318728607741],[-95.171987365681858,39.330182612748956],[-95.168483900296295,39.332104555947822],[-95.164979879072035,39.334025274914637],[-95.161547896152243,39.335832613779395],[-95.158264709404591,39.337754632952631],[-95.151838542650864,39.341188926546536],[-95.148040040655388,39.343174067699522],[-95.141543800103278,39.346897356336612],[-95.138258425641169,39.348759743811023],[-95.13482553175065,39.350619877963084],[-95.131244861362021,39.352429827158311],[-95.124153351186436,39.355870335189117],[-95.117274294914566,39.358793273657611],[-95.110976642423466,39.3611957657522],[-95.1042347205222,39.363489899717983],[-95.097636588858578,39.365550467658792],[-95.090889974950741,39.367559420443278],[-95.0849510005214,39.369441216425734],[-95.079741315977671,39.370804976508687],[-95.074817669324773,39.371590608374319],[-95.070700914937689,39.372141149215679],[-95.064302712494865,39.372827263407416],[-95.057903461772909,39.373453938150433],[-95.051136626864405,39.374141071990245],[-95.043857212536565,39.375062595127972],[-95.039667247477041,39.375667326593572],[-95.031744521867296,39.377274773089589],[-95.026595837299979,39.378640134249373],[-95.01947747404391,39.380642355499475],[-95.013830911093891,39.382577739640979],[-95.008550326836215,39.384336199516312],[-95.002976699025169,39.386270553347245],[-95.001322773736817,39.38695003685396],[-95.000041221313651,39.387477412827785],[-94.99853862606291,39.387815611636199],[-94.994335358525561,39.388720970928482],[-94.990137313747539,39.389250365326838],[-94.98665400129525,39.38931805146936],[-94.983170026190763,39.389385635042039],[-94.980519149438877,39.389546941104371],[-94.97829812007528,39.389717292430383],[-94.975088425430755,39.390065755333822],[-94.972870069809829,39.390047515847954],[-94.96867984532301,39.390012955798504],[-94.964245686460416,39.389788838423542],[-94.959575962328358,39.388810784258936],[-94.957850633943508,39.388796386963691],[-94.953915011501294,39.38820128101009],[-94.950965479027246,39.387613219502271],[-94.947178901005017,39.386792733619778],[-94.945559307736289,39.386441073693689],[-94.94286452899361,39.385291671273329],[-94.939923428013515,39.384140139393004],[-94.937223304830127,39.383366478342126],[-94.935972327480883,39.38314389206689],[-94.932798064271395,39.382578015413749],[-94.928823285939416,39.378944437146707],[-94.924123956227049,39.374672044915059],[-94.923156281500113,39.373426677109542],[-94.918890950045949,39.36631347097245],[-94.9162266323669,39.358733281336136],[-94.912445356709682,39.346306804594654],[-94.911345185605697,39.340107695218315],[-94.911111822902484,39.337772191922646],[-94.910397758495066,39.330627220389786],[-94.908244312086097,39.325729520811322],[-94.908190165225179,39.325618299753508],[-94.908452999749116,39.329779730320183],[-94.908634817802053,39.332552458192765],[-94.908662090440259,39.333570639706593],[-94.909016636914046,39.336907004316501],[-94.909125728260875,39.338534276956928],[-94.909643909694466,39.340643368243505],[-94.909889364808578,39.342734277894095],[-94.909980274410913,39.343479732458498],[-94.910362091799101,39.34474336848578],[-94.910362092032827,39.346052459924955],[-94.910653002171614,39.348343369761089],[-94.91057118359241,39.349670642821266],[-94.910325729612651,39.35129791507039],[-94.910262093372111,39.351570642445438],[-94.910025729586394,39.352552461260196],[-94.909416638448548,39.354261551982162],[-94.908343910591142,39.355652461976959],[-94.907307547528674,39.35674337148054],[-94.905898456437683,39.358134280359366],[-94.90410754614021,39.359188826130165],[-94.902507546081594,39.360388826681749],[-94.900662091152441,39.361361554213978],[-94.899034817735398,39.362434282042187],[-94.896843909106408,39.363143372892608],[-94.894616635118496,39.363634281695688],[-94.89093481567518,39.364034282048237],[-94.889307543552462,39.36485246447662],[-94.887525724763336,39.365797919046479],[-94.885225724367885,39.366916101288595],[-94.88373481466374,39.368161556638711],[-94.882325723772311,39.369652465226238],[-94.881371178382082,39.370388829803055],[-94.880325723111198,39.372452466138256],[-94.879734813994546,39.374297921511406],[-94.879489360170552,39.375007012251686],[-94.879098450180152,39.375707012176065],[-94.879062087027251,39.377497921967702],[-94.879289359512569,39.379788830896317],[-94.88013481496597,39.381925194971743],[-94.880207542933775,39.382097922618904],[-94.881180269801789,39.383552467565295],[-94.882143906490953,39.38535246860107],[-94.883780271509806,39.387543377335277],[-94.88523481678061,39.389407013793928],[-94.886998453774225,39.391034287288882],[-94.889125727220275,39.39214337815784],[-94.891853000599653,39.393179741687014],[-94.892853001406976,39.393397923459801],[-94.894989365825396,39.393570650671322],[-94.898553002895127,39.393452468617426],[-94.901834821801259,39.392807013777713],[-94.905816640860621,39.390661558608173],[-94.909589368919342,39.388870648628298],[-94.912380278517929,39.387788830649924],[-94.91586209766345,39.386352466415744],[-94.917816643251697,39.385670647739246],[-94.919234825320885,39.385179738359106],[-94.923116645398252,39.384497920010453],[-94.926834827709669,39.38465246522987],[-94.930571192482176,39.384943374490284],[-94.933662102646068,39.38555246496707],[-94.937162103787983,39.386534283304421],[-94.938207558201427,39.387116101318647],[-94.939707559021002,39.387961555791811],[-94.942043923582517,39.389507010916454],[-94.944080287832747,39.391597919873625],[-94.945589379663502,39.39386155706805],[-94.945780288853072,39.394407011063834],[-94.946243925317532,39.395552466060757],[-94.946416652124228,39.396670648289842],[-94.946880289148751,39.399525194097187],[-94.947016652735002,39.400716103006545],[-94.946625744262704,39.40327974001702],[-94.946880290121541,39.405316104495242],[-94.94748028987955,39.407070649592534],[-94.948171199646652,39.408388831681393],[-94.949689381522049,39.410207013657129],[-94.95121665569836,39.411716105046267],[-94.952962110074438,39.412861559758198],[-94.954825747002062,39.413852469011715],[-94.95739847482551,39.414616104647266],[-94.959562112074281,39.415279741412512],[-94.962143930707143,39.416034286553781],[-94.964525750451898,39.416643377895319],[-94.966071205604834,39.417297923580328],[-94.968153023788474,39.418288832377279],[-94.968980296625119,39.418888832107093],[-94.969834842820745,39.419507014170641],[-94.971571206950813,39.420607014753365],[-94.972962116309404,39.421716105323597],[-94.974016662621239,39.422907014905846],[-94.975134844562376,39.42435246918172],[-94.976134845588092,39.425870650955147],[-94.976616662867087,39.426707014662774],[-94.977125754435178,39.428434288224508],[-94.97741666405993,39.43086156118553],[-94.977898483009966,39.433334288576347],[-94.978807574482488,39.436252471430691],[-94.979243937434873,39.436843380427391],[-94.980525756668911,39.438579744087825],[-94.982153029868357,39.440561562305106],[-94.984798485395942,39.442707017464421],[-94.987498485961297,39.444625198943044],[-94.990180305850927,39.446197926418741],[-94.992862124810188,39.44727974471418],[-94.995780306917922,39.448179744631396],[-95.000253035868738,39.449216108015932],[-95.003380309034327,39.449897926011417],[-95.007716674038519,39.450779744239121],[-95.011725765700675,39.451716107890917],[-95.015834857886702,39.452816107766701],[-95.02203485979949,39.455461562859661],[-95.028507589814609,39.458297926618677],[-95.033416681416014,39.460879744493667],[-95.037507592854325,39.463697926760048],[-95.038689411603386,39.464652472094627],[-95.040789411866598,39.466397926818019],[-95.042162139473106,39.46803429079467],[-95.043443958476431,39.469597927333275],[-95.045725777310224,39.472461564138122],[-95.047143960018332,39.474979746016956],[-95.047925778698101,39.477425200772601],[-95.048380324573245,39.480425201351338],[-95.048543960931568,39.482825202383836],[-95.048771233534737,39.485570657011941],[-95.049171233851922,39.488961566669126],[-95.049707598802428,39.491897930434057],[-95.049853053717825,39.494425204122557],[-95.050562145196011,39.497525204166024],[-95.050943962862164,39.498270658699063],[-95.05218941860285,39.500007022868594],[-95.052953054286647,39.500743386748063],[-95.053489418207803,39.501361568606598],[-95.054807601444068,39.502607023494669],[-95.056389419969804,39.503979750543117],[-95.058062147162545,39.505234295677703],[-95.059471239200647,39.506152478208698],[-95.061116694302399,39.507025205201515],[-95.064616694860092,39.508397932588956],[-95.070807605576562,39.510670659650195],[-95.077453062646072,39.513561568557151],[-95.082725791058067,39.516716115036665],[-95.087598521093099,39.520361569838698],[-95.09270761270777,39.524252479015892],[-95.096907614348822,39.52782520633761],[-95.097425796683893,39.528261570466888],[-95.1013076165044,39.531670661405805],[-95.102898525991051,39.533352480200485],[-95.104598526947484,39.535152480379615],[-95.106334890321904,39.537325207688852],[-95.106607618511759,39.537661571311887],[-95.107062163935666,39.538361571361044],[-95.108071255728007,39.539925207862424],[-95.109316710488045,39.542288844645519],[-95.110371255946546,39.544570663430811],[-95.110401422702154,39.544651235040249],[-95.111862165775776,39.548552482073283],[-95.113125803083193,39.552116118426106],[-95.113562167489562,39.553952482589132],[-95.113616713040983,39.554879755474353],[-95.113489440353788,39.556852482954582],[-95.113280348888921,39.55817975600867],[-95.11306216777426,39.559197938321518],[-95.112862168105892,39.559734301473355],[-95.112671258685552,39.560216119775959],[-95.112043985516095,39.561861574902125],[-95.109853076143452,39.567825212517455],[-95.109225804007366,39.569397939665024],[-95.108262168044334,39.57183430370813],[-95.107462167550381,39.573852486473463],[-95.106416712979851,39.575261577781596],[-95.106271258575376,39.575388849938591],[-95.105180349183911,39.576388850921752],[-95.104953076356807,39.576597941438294],[-95.103234894306084,39.577788851081678],[-95.10319877220347,39.577807756717078],[-95.101289439259162,39.578807032816997],[-95.099098529442045,39.57969794242311],[-95.095743983551955,39.580625214969132],[-95.092162164293157,39.58112521550769],[-95.089525800050865,39.581034306614249],[-95.087443981345714,39.58058885215668],[-95.081180343119527,39.578352488505885],[-95.076698523335153,39.57677067048872],[-95.075216704821514,39.576434307216452],[-95.072171248806939,39.576134306821054],[-95.069325794300283,39.576225215961308],[-95.067107611876082,39.576507034757888],[-95.064525792582501,39.577125216741329],[-95.064289429182111,39.57723430792101],[-95.063398520118554,39.577479762300264],[-95.059525791196123,39.57914339921313],[-95.056907608650064,39.580570672650687],[-95.054807609301733,39.582497945534882],[-95.052853062919709,39.584807037031638],[-95.050598517793091,39.58757067355404],[-95.049280335468481,39.589588855648813],[-95.04851669915962,39.591143401908873],[-95.04771669902766,39.593452493176905],[-95.047171244378802,39.595125221096531],[-95.046698516857745,39.596761584899383],[-95.046680335331175,39.596870675695989],[-95.046371244360813,39.599561585264809],[-95.046453063342526,39.601616131316632],[-95.046834881555654,39.603197948905638],[-95.047325791056139,39.604679767816876],[-95.047916699936835,39.60629794932251],[-95.048843973474149,39.607861586102885],[-95.049562156033502,39.608988858934723],[-95.050480337331464,39.610161586337057],[-95.05188942930414,39.611988859729323],[-95.053016702031883,39.613970677607348],[-95.05361670227704,39.615325224074226],[-95.054243975226157,39.617297951503645],[-95.054580339343985,39.618607042329408],[-95.054962158623979,39.620070678820063],[-95.05516215878481,39.621661588515281],[-95.055025795206575,39.623325225188339],[-95.054980340394621,39.623534316016062],[-95.054934885525839,39.624997952199166],[-95.054271249599296,39.627752498798309],[-95.053371249945968,39.630352498504202],[-95.049525794613089,39.637879772737222],[-95.044562157238715,39.644379774761866],[-95.039053065679141,39.64964341164594],[-95.037471248006625,39.652916139982381],[-95.036325792336982,39.654361594841504],[-95.034489428538777,39.6568434131676],[-95.03143488317663,39.660488868401302],[-95.030734882511126,39.661970687248406],[-95.029362155793777,39.663207051273275],[-95.027653064600628,39.665461596991676],[-95.024598518153638,39.668488870701594],[-95.022972154096777,39.669648608642596],[-95.022443972895417,39.670025234521162],[-95.021525790244596,39.670661598125101],[-95.018325789900956,39.672879780958901],[-95.015316697830883,39.674270689919545],[-95.012253060868019,39.675125236124195],[-95.010550563617144,39.675466709264626],[-95.009034878889935,39.675770690699729],[-95.007034878268129,39.676043418234798],[-95.003216694878901,39.676316145497758],[-95.001389421484006,39.676488873167777],[-95.000253057767594,39.676597964396436],[-94.999680330737164,39.676543418459303],[-94.998780330643797,39.676452510008843],[-94.997934875802287,39.676397964352851],[-94.99711669400719,39.676434328053418],[-94.996316693321859,39.676461600966235],[-94.99553487525823,39.676479782556314],[-94.994880329254357,39.676525237004661],[-94.994162147456137,39.676561601054829],[-94.993753056817255,39.676570691865791],[-94.993562146943532,39.676579782495615],[-94.992625782940451,39.676688873574626],[-94.991834874405271,39.676788873579611],[-94.991134874152252,39.676834328235202],[-94.990225783320099,39.676943419383363],[-94.989280327547789,39.677007056264131],[-94.988416691686098,39.677107055738624],[-94.98778941837692,39.677197964683323],[-94.987198509699638,39.677261601408823],[-94.986462145314121,39.677379783660975],[-94.985689418349907,39.677552510495715],[-94.984843963345725,39.677725237656524],[-94.984162144881168,39.677861602138861],[-94.983580325949873,39.67805251099746],[-94.983025781400656,39.678188874706258],[-94.981562144044631,39.678643420637542],[-94.981134871744885,39.678897965916747],[-94.980734870782683,39.679043420675264],[-94.980107597952866,39.679343420827841],[-94.97940759879981,39.67963432970145],[-94.978671234353826,39.679997966416828],[-94.978207598440477,39.680261602682464],[-94.97777123384553,39.680525239374411],[-94.977307598269775,39.680788875096546],[-94.976753051992134,39.681125239290566],[-94.976334870828723,39.681379784938635],[-94.975825779241347,39.681761603204293],[-94.975453052500995,39.682061603349418],[-94.975153051484369,39.682416148386892],[-94.974843961026551,39.682707057822327],[-94.97471668825122,39.682861602953217],[-94.974353051551404,39.683252512628883],[-94.973916687710499,39.683716148514634],[-94.973407596594456,39.684207058210305],[-94.972862142421974,39.684770694406325],[-94.972525779110995,39.685152513102409],[-94.97212577909103,39.685525239944532],[-94.971771233342992,39.685970694977442],[-94.97132577912609,39.686416149747956],[-94.970971233450825,39.686861603637119],[-94.970689415095023,39.687252513353904],[-94.970589414588872,39.687534331473486],[-94.970362141947049,39.687925240717483],[-94.97012577798148,39.688525240945417],[-94.96991668803868,39.689061604492849],[-94.969771233210551,39.689679785996717],[-94.969534869047038,39.690497967924571],[-94.969343959805343,39.69073433205341],[-94.96928032410284,39.691107059653362],[-94.969216687189586,39.691525240900901],[-94.969153051271874,39.691970696344029],[-94.968989414651773,39.692961605541718],[-94.968962142662804,39.6934070595997],[-94.968925778262218,39.693788878022083],[-94.968880324268127,39.69427069600755],[-94.968862142594901,39.695588878400208],[-94.968889414722625,39.696052515022757],[-94.968862142280727,39.69646160608383],[-94.968925779446991,39.696961605737627],[-94.96888941606997,39.698207060961472],[-94.968862142581926,39.698670697223363],[-94.968798506975972,39.69912524220647],[-94.968571234850671,39.704797971117415],[-94.968462143233197,39.707407062485039],[-94.96854396154508,39.70801615332033],[-94.968634871191242,39.708479789360368],[-94.969853054265087,39.716061609376602],[-94.969998508544236,39.716770699545343],[-94.970143963641505,39.7176343361023],[-94.970253054388408,39.718434336537371],[-94.970380327645671,39.71946160976983],[-94.970671236033155,39.720961609441865],[-94.970943964340776,39.722207064631007],[-94.971089418636907,39.723152518889833],[-94.971134872859494,39.724388882990965],[-94.97122578195075,39.724988883303617],[-94.971343964685857,39.725716155825623],[-94.971334896223382,39.725929261031311],[-94.97132578310196,39.726143428774357],[-94.971325782406964,39.726434337453618],[-94.971325782123046,39.726916156121177],[-94.971362145878928,39.727388883085858],[-94.971325783352512,39.727997974107289],[-94.97124396490419,39.728661610789004],[-94.971216691719945,39.729316156895493],[-94.971098510191055,39.729925247110614],[-94.971007601136648,39.730243428950295],[-94.970943965296286,39.730670702585833],[-94.97081669155699,39.73107070228464],[-94.970689419183174,39.731379793288063],[-94.970607601420923,39.731679793170777],[-94.970425782755541,39.732125248033611],[-94.970207601260398,39.732479793434642],[-94.969916691439735,39.732861611724779],[-94.969689419119177,39.733216157531821],[-94.969425783186637,39.733616157430902],[-94.969198509576586,39.733934339336116],[-94.968907600905339,39.734307066156006],[-94.968571236931155,39.734725248556302],[-94.968289418960197,39.735125248537507],[-94.967871237056698,39.735588885064622],[-94.96764396483735,39.735888884713333],[-94.967389419415809,39.736243430843487],[-94.967162145971386,39.736588885048604],[-94.966780327753071,39.737061612836513],[-94.966625782730745,39.737443430805243],[-94.966271237313293,39.737807067504789],[-94.965980327756142,39.738207067457815],[-94.965707600241643,39.738607067774282],[-94.965325782819875,39.739070703998188],[-94.964962145282016,39.739425249599833],[-94.964589418430847,39.739788886284472],[-94.964271236726063,39.74011615857944],[-94.963962145520838,39.740370704652314],[-94.963789418435667,39.740397977233528],[-94.963180326982211,39.740897977119566],[-94.962671236091907,39.741343432020201],[-94.96217123663267,39.741679795406824],[-94.961562144665749,39.742052522578277],[-94.961034872306243,39.742434341459294],[-94.960089417268406,39.743070704674949],[-94.959553054247849,39.743379795888565],[-94.959071235261092,39.743679795726635],[-94.958489417889709,39.744016160110711],[-94.95795305322585,39.744370705570333],[-94.957498507584845,39.744579796541053],[-94.956925780734579,39.744916159878123],[-94.95635305272981,39.745152523665361],[-94.955771235479659,39.745507069126276],[-94.955289416728945,39.745697978202358],[-94.954843961933065,39.74577979677953],[-94.954380326032748,39.745861614790051],[-94.953834871362716,39.74588888794726],[-94.953243961522304,39.745952523759669],[-94.952634870888716,39.745970705547272],[-94.95222577912547,39.745952524310923],[-94.951725779238942,39.745925251763374],[-94.951162142984046,39.745907069941701],[-94.950562142631583,39.745843433567288],[-94.95035305114817,39.745816160588859],[-94.949862142660294,39.745743433288212],[-94.949725778980564,39.745716160553194],[-94.949589415415602,39.745734342363733],[-94.94925305117961,39.745679796602964],[-94.948734869548147,39.745597978862108],[-94.948662142029264,39.745588888255703],[-94.948171232880554,39.745470705859518],[-94.94755305121663,39.74534343302534],[-94.947544763508944,39.745340268480525],[-94.947053050755542,39.745152524340007],[-94.946525777403423,39.744979797370846],[-94.94598032315767,39.744788888046479],[-94.945371231889823,39.744607069679454],[-94.944753049620459,39.744388887864226],[-94.944316686814105,39.744161614704772],[-94.943898503986631,39.743934342321523],[-94.943434868125664,39.743697978905999],[-94.942862139792084,39.74342525170151],[-94.942080321377844,39.743070706026892],[-94.94149850310815,39.742734342503915],[-94.941025776146432,39.742434342718326],[-94.940480321281683,39.742179797097116],[-94.939998503472495,39.741934342016386],[-94.939225775490812,39.741588887736739],[-94.93860759341166,39.741197978460058],[-94.937998502469384,39.740852523734119],[-94.937371229985843,39.740479796948364],[-94.936716684168175,39.740097978277944],[-94.936162138020251,39.739697978749156],[-94.935643955775163,39.739325251438103],[-94.935180320050861,39.738943432563424],[-94.934698501807858,39.738643432578975],[-94.934080319578854,39.738188887899454],[-94.933598500977183,39.737843432625489],[-94.933053045822774,39.737507068781774],[-94.932480318260218,39.737107068774669],[-94.931916682384639,39.736707069538348],[-94.931416682130617,39.736352523950416],[-94.930907590887401,39.735997978285923],[-94.930425772587384,39.735679796308808],[-94.930016682098838,39.73537979637473],[-94.929407590622702,39.735007068940014],[-94.928825771976676,39.73466161425209],[-94.928416681283665,39.734452523670427],[-94.927789408636471,39.734079796294353],[-94.927389407821011,39.733788887206913],[-94.926880317476019,39.733507068826015],[-94.925371225799168,39.732707068886491],[-94.923853043075454,39.731870704895975],[-94.922207587732032,39.730979796329969],[-94.920816678204162,39.730179796261091],[-94.919580314285952,39.729534341704102],[-94.918334859086499,39.728797977508513],[-94.916943950404729,39.728188886747304],[-94.915880313311249,39.727788886552148],[-94.914889404387424,39.727379796206165],[-94.913580313242321,39.726916159939798],[-94.912753039731797,39.72658888643155],[-94.912234858068459,39.726461614102696],[-94.911689403137075,39.726270704948519],[-94.910753039070755,39.72605252297884],[-94.910080311810859,39.725788887185132],[-94.909307583925667,39.725597978020396],[-94.908671219930866,39.725488886614727],[-94.907853038011353,39.725279796262086],[-94.907098493145895,39.725125250540948],[-94.90702576548864,39.725107068462428],[-94.906143946514263,39.724961614064],[-94.905080309981813,39.724752523229419],[-94.90406212822046,39.724525250868659],[-94.903225764175232,39.724388887006853],[-94.902616673549772,39.724207068835959],[-94.90188030939774,39.724161614776875],[-94.901371218504167,39.724125250414289],[-94.901053035879386,39.72406161414613],[-94.900525763788636,39.724061614464112],[-94.899871218356822,39.724079796464672],[-94.899325763077741,39.724052523446055],[-94.89913485344789,39.724061614345139],[-94.898907581308464,39.724097977986851],[-94.898353036164025,39.724197978151743],[-94.891753034208421,39.724897978582447],[-94.884153031987893,39.726797979121443],[-94.881353030979582,39.72789798018389],[-94.875653029601025,39.730497980878297],[-94.870153029220674,39.734597981753041],[-94.862953027406547,39.742997983430705],[-94.860598482593659,39.748988893947129],[-94.860571209187086,39.74908889345317],[-94.860543936524849,39.749143439502994],[-94.860380300598479,39.749543438940293],[-94.859453027563205,39.753697985830982],[-94.860753029473571,39.763097986812213],[-94.86315303097966,39.767297987657372],[-94.865253031506327,39.770097987315346],[-94.867153032088694,39.771697987784393],[-94.869653032797487,39.772897987727184],[-94.871153032870609,39.772997987941345],[-94.871707578839292,39.772897988205294],[-94.872698487616574,39.772734351809525],[-94.873453033762374,39.772643441911733],[-94.874380306445843,39.772561624181911],[-94.875662125335396,39.772388896783795],[-94.876471215850856,39.772307077944106],[-94.877407580161531,39.772161623716144],[-94.878043944303798,39.772097987381009],[-94.878298489729303,39.772061623965222],[-94.878543944003027,39.772061624066396],[-94.878571217288041,39.772016168688566],[-94.878971217367493,39.771952533047958],[-94.880089398532689,39.771788896073431],[-94.880762126154337,39.77153435090429],[-94.881343945361564,39.771297986572385],[-94.881425762489584,39.771261622982855],[-94.881471217333086,39.771261623135274],[-94.881880308528793,39.771134350405816],[-94.882553035957358,39.770943441390685],[-94.883453036332057,39.770561623364266],[-94.883934854057074,39.770188895527092],[-94.893653038665349,39.764216167255263],[-94.893662129438155,39.764207075697222],[-94.893734856234261,39.764170712480372],[-94.893925766214537,39.764043439325874],[-94.894043947860922,39.763970712155214],[-94.894080311641233,39.763952530448208],[-94.895053038984997,39.76336162132101],[-94.895098493558436,39.763297984676399],[-94.895198493577837,39.763234348352618],[-94.895280311087603,39.763216166860516],[-94.895516675051852,39.763107075632611],[-94.895689402589596,39.763007075570798],[-94.895834856836245,39.762897984728923],[-94.895953038595536,39.762816166196401],[-94.896143947715146,39.762725257241023],[-94.896280311641291,39.762625257637389],[-94.896607584862252,39.762479802649139],[-94.896889402927414,39.762370711632038],[-94.897007584400257,39.762307075857635],[-94.89711667585884,39.762243439472606],[-94.89726212966977,39.762143439342545],[-94.897453039297176,39.762034348308099],[-94.897562129948838,39.761970711542659],[-94.897725766448346,39.761888893789703],[-94.897880312136763,39.761779802928544],[-94.897980311821783,39.761743438692925],[-94.898143948507311,39.761661620412227],[-94.89848940301205,39.761570711747389],[-94.898589403263159,39.761534347931857],[-94.899325766660894,39.761216165933959],[-94.899662130239562,39.761134347818015],[-94.899934858260238,39.76104343884144],[-94.900216676016242,39.760925257130125],[-94.900462131233965,39.760897984203844],[-94.900653039887217,39.760797984282299],[-94.900862130444708,39.760734347497952],[-94.901053039514778,39.76064343838906],[-94.901262131212633,39.760607075165176],[-94.901516676875374,39.760543438362511],[-94.901689404025518,39.760479802116976],[-94.901853040117928,39.760416165467277],[-94.902062131272956,39.760334347485632],[-94.90228031346517,39.760270711209749],[-94.902462130825214,39.760225256849942],[-94.902680313511041,39.760161619891335],[-94.902862131757402,39.760097983953884],[-94.903034858086116,39.760061620073913],[-94.903162131555177,39.759997984088891],[-94.903307585920615,39.759970711013764],[-94.903416676864254,39.759934347046091],[-94.903662130916445,39.759907075037908],[-94.903771222176971,39.759861620263827],[-94.90388031389223,39.759843438697594],[-94.903962131690278,39.759779801781121],[-94.904207585725388,39.759779802008502],[-94.904607586679887,39.759743438461328],[-94.904825768524404,39.759652528975231],[-94.905080313312297,39.759616165444143],[-94.905453040901477,39.759525256388983],[-94.9057075870235,39.759525256285457],[-94.90596213206679,39.759488892761517],[-94.906253041390912,39.759425256641983],[-94.906680313721765,39.759425256086132],[-94.906971222726,39.75938889248156],[-94.907225768481524,39.759379801476598],[-94.90753486009298,39.759379801700533],[-94.907816678110009,39.759316164887565],[-94.908216677871565,39.759316165240854],[-94.908671223590275,39.759297983185974],[-94.908843950784785,39.75925252890336],[-94.909098496865212,39.759234347181042],[-94.909434859812563,39.759252528888972],[-94.909689405730276,39.759234346859785],[-94.910153041893139,39.759252529053263],[-94.910843951542617,39.759234346456999],[-94.910953043030574,39.759188892638512],[-94.911871224430342,39.759316164839838],[-94.91229849724192,39.759343438052198],[-94.91335304328453,39.759679801295718],[-94.914171225225118,39.759934346817353],[-94.914489407670857,39.760052528770068],[-94.914716680148302,39.760097982907048],[-94.914862134655479,39.760188892511721],[-94.915007588717231,39.760270710558139],[-94.915180316318313,39.760325255469077],[-94.915371225564556,39.760416164956688],[-94.915516680060733,39.760479801427778],[-94.915689407712335,39.760561619793236],[-94.915771225594412,39.760607073656516],[-94.915871225346407,39.760643437958301],[-94.916025771260166,39.760670710126831],[-94.91638031719188,39.760788891856599],[-94.916607589990079,39.760879801269098],[-94.916798498160645,39.760943437977716],[-94.917016680739337,39.761070710434325],[-94.917225771124066,39.761170710178234],[-94.917407589646075,39.761252528792888],[-94.917598499411838,39.761343437560697],[-94.917853044537111,39.761461619514755],[-94.917998498729631,39.761588891913171],[-94.918189407837886,39.761697983441564],[-94.918398499214007,39.761788892524159],[-94.918616680954699,39.761888892485921],[-94.918816681801204,39.762016164793607],[-94.919098499572172,39.762143437768437],[-94.919389408121305,39.76227071078862],[-94.919707591123114,39.762416165224153],[-94.919898499617204,39.762543437811189],[-94.920271227216503,39.762752529028013],[-94.920380317746435,39.762834347283025],[-94.920489408853001,39.762988892103763],[-94.920607590956877,39.763007074610684],[-94.920698500226308,39.762943438099086],[-94.921080318395909,39.763279801595317],[-94.92140759078957,39.763470710991569],[-94.922189410180238,39.763952528573149],[-94.922843955650904,39.76433434697757],[-94.923516683079313,39.764770711085418],[-94.923953046125987,39.765025256313947],[-94.924653046307697,39.765470710339279],[-94.925789411229346,39.766243437628354],[-94.926234864942984,39.766497983167881],[-94.92690759249119,39.767025256485184],[-94.927353047995197,39.76732525595812],[-94.927962138319856,39.767779801570171],[-94.928189411230122,39.767970710507299],[-94.928353048247189,39.768097983539832],[-94.928625775527209,39.768270710794368],[-94.928925775493738,39.768479802121121],[-94.929243957345619,39.768734346985411],[-94.92966213889801,39.769107074972133],[-94.929662139228242,39.769252529385433],[-94.929871230294921,39.769470711446615],[-94.930080320870175,39.769616165501667],[-94.930489412604729,39.769907074499528],[-94.930962139624583,39.770288893282675],[-94.931325776719717,39.770607074609906],[-94.931680321337168,39.770961620730432],[-94.932171231319757,39.771407075326998],[-94.932571230908565,39.771843438593557],[-94.933162140279464,39.772479802252931],[-94.933580322538802,39.772879802338444],[-94.933789413349729,39.773134348110609],[-94.934271231715115,39.773652529896388],[-94.934689413905701,39.774288893356136],[-94.934962141031818,39.774670711311835],[-94.935153050208754,39.775152529691589],[-94.93530759639178,39.775616166077441],[-94.935389414398287,39.776334348281885],[-94.935516686978076,39.777007075456972],[-94.935598505466089,39.777697984514546],[-94.935643959893326,39.77835253003667],[-94.93578941500833,39.778916167258949],[-94.935771232868973,39.779461621274017],[-94.935743960316842,39.780052530442141],[-94.935707596593559,39.780625258285369],[-94.93561668811104,39.781152531268461],[-94.935489414813887,39.78205253141553],[-94.935362142583799,39.782607076450546],[-94.935216687580379,39.783134349015469],[-94.935007596486031,39.783697986217014],[-94.934571232574541,39.784325258604994],[-94.934025778851208,39.785088894852031],[-94.933371233067021,39.785725259192446],[-94.932734868644999,39.786288895192591],[-94.932125778531017,39.786661622685685],[-94.931616687024729,39.787007077554989],[-94.931280323115104,39.787261622658441],[-94.930971232818649,39.787461622901219],[-94.930816687437726,39.787616168442128],[-94.930698505224427,39.787652532063625],[-94.930489413694929,39.787779804677996],[-94.930334868912922,39.787907077928061],[-94.930080323783116,39.788034350583416],[-94.929916686474911,39.788116168762798],[-94.929825777739893,39.788161623621441],[-94.929662141431365,39.788288896177235],[-94.929307595659949,39.788452532378564],[-94.928843959114317,39.788661623631988],[-94.928234868390035,39.788943441364346],[-94.927562140514226,39.789216168785423],[-94.926689413352051,39.78946162372192],[-94.926234867348512,39.789597987188841],[-94.925616686403359,39.789761623562896],[-94.924925776025333,39.789861623457625],[-94.923680321226271,39.789997987398067],[-94.922253048953294,39.790143442303233],[-94.921743958081848,39.79018889707411],[-94.920653048745038,39.790125260274692],[-94.919553047865477,39.790307079145833],[-94.918480320570509,39.790270715274801],[-94.916216683691545,39.790207079355888],[-94.913771228723093,39.790225261242597],[-94.911480318832915,39.790225261045954],[-94.908107590822596,39.790334352260039],[-94.904634862263407,39.790370716191809],[-94.901853042678482,39.790461625710982],[-94.899225769713567,39.790561625236684],[-94.897280314140644,39.790770716549233],[-94.895598496029464,39.79094344427174],[-94.894207586461434,39.79102526206124],[-94.892971222290669,39.791107080481943],[-94.891834858759793,39.791279807961729],[-94.890298494201701,39.791634353793249],[-94.889153039617156,39.792061626211101],[-94.888507585588144,39.792325263041469],[-94.88781667567504,39.792607081074941],[-94.886816675831639,39.793061626438437],[-94.886280311482693,39.793252536153311],[-94.885771220793231,39.793507081172059],[-94.885307584412615,39.793825263617336],[-94.884943948342084,39.794052535922702],[-94.884525765722984,39.794261627403479],[-94.884089402783061,39.794243444783305],[-94.883834857160778,39.794452536246006],[-94.883707583668354,39.794607081286728],[-94.883471220417633,39.794797990970054],[-94.883180311154987,39.795025263783671],[-94.882889402476593,39.79536162744467],[-94.882571220705714,39.795616172650014],[-94.882298492499345,39.795807082166078],[-94.882080311708435,39.796034354249223],[-94.881980310555988,39.796079809065617],[-94.88198031147715,39.796125264174222],[-94.881871220256215,39.796207081783471],[-94.881753038805883,39.796325263949491],[-94.881616675129564,39.796479809048748],[-94.88149849294237,39.796607081655111],[-94.881262129526462,39.796961627480144],[-94.881153038197056,39.797134354758448],[-94.880943947409079,39.797343446233498],[-94.880653038139783,39.797897991124749],[-94.877653037590022,39.803597992420798],[-94.876353037534514,39.806897992986386],[-94.876253037897513,39.807397993477288],[-94.875953038988158,39.813297994380626],[-94.876553039587876,39.820597995086693],[-94.876416675396356,39.820770722601019],[-94.876416675990896,39.82098890450397],[-94.876507585315451,39.821470722858876],[-94.876589403112874,39.821888904818977],[-94.876671220870378,39.822525268823355],[-94.876907585779037,39.823216177961754],[-94.877053040148283,39.82376163245042],[-94.877343949039755,39.824461632470396],[-94.877343949426532,39.824479814026745],[-94.877616676464569,39.824979814487818],[-94.877953040409082,39.8255070870932],[-94.878298495375546,39.826034359782902],[-94.878680312775487,39.826525269308696],[-94.881016678370813,39.828925269250796],[-94.884362133385494,39.831588905717858],[-94.884380315730368,39.831597996554834],[-94.884507587544164,39.831661633191217],[-94.884653042524576,39.83174345129931],[-94.884862133788261,39.831861632762383],[-94.885153043318127,39.831988905689556],[-94.885434860557211,39.832125269231149],[-94.885689407197773,39.832288906124866],[-94.885962134222808,39.832461633093779],[-94.886353043653614,39.832725269883326],[-94.886634861210965,39.832943451487992],[-94.886943953068069,39.833107087623965],[-94.889498498225649,39.834034360522821],[-94.890480317329036,39.834225269660976],[-94.89268940889184,39.834388906171107],[-94.89528940925446,39.834434359814097],[-94.897289409949664,39.834397996609738],[-94.899180320011212,39.834143450517828],[-94.901362138277179,39.833970723345672],[-94.903162139349121,39.8338616321847],[-94.905307593568992,39.833988904721124],[-94.909953050341457,39.834434359144453],[-94.911762140864838,39.834707086207743],[-94.916925778544851,39.836143450147091],[-94.91808032486135,39.836561632135059],[-94.919898507354446,39.837679814017513],[-94.922107599386024,39.838816177091587],[-94.923762144482595,39.839679813587949],[-94.926162145503028,39.841325268217581],[-94.928543964926646,39.843152541372277],[-94.93073487445875,39.844797996262933],[-94.934843966434428,39.847952541946341],[-94.935807604093768,39.848643451010652],[-94.936625785286495,39.849152541867447],[-94.937662149727046,39.849788905349484],[-94.938062149328573,39.85017981457024],[-94.938843968716114,39.850988906055548],[-94.939771241774963,39.851934360475333],[-94.940607604866386,39.853025269978808],[-94.9417439691167,39.854816179232444],[-94.94231669714685,39.855970724193305],[-94.942571242523499,39.856607088310781],[-94.942571242569755,39.857107088488796],[-94.942689424733899,39.857661633703934],[-94.942753061266529,39.858434361241372],[-94.942716697004428,39.859461634098132],[-94.942416697359263,39.861070725008531],[-94.941980333897789,39.86205254392484],[-94.941307606729794,39.863343453507099],[-94.940753060780025,39.864416180441829],[-94.939707606703237,39.865934363183683],[-94.938798515712108,39.866961635749291],[-94.938080333703425,39.867588908778863],[-94.937307605897288,39.868188908834789],[-94.93658942434196,39.868752544840291],[-94.934207605804872,39.870388909669003],[-94.933425786882864,39.871025272625616],[-94.932080331854806,39.872079818883371],[-94.931471240663072,39.872607091436308],[-94.930907604983247,39.873152546166452],[-94.930480332288738,39.873570728500631],[-94.929434876808685,39.874998001480698],[-94.928471240776474,39.876352546789875],[-94.927834877647484,39.877825274390474],[-94.927262150453274,39.880261638483248],[-94.927216695400134,39.881979820788054],[-94.927362150886196,39.883970729958094],[-94.927907604694397,39.886116184595309],[-94.92958033356598,39.888761640182558],[-94.931371242890535,39.890516185716976],[-94.934498516517323,39.893370731341911],[-94.935971244927515,39.894361640596344],[-94.937498517426704,39.895179822429618],[-94.940007609445914,39.89647982225334],[-94.943871246909794,39.898134367752711],[-94.946807611362757,39.899107094970276],[-94.949353067095359,39.899843458371286],[-94.951543976247862,39.900543458679053],[-94.954162159144957,39.90114345831298],[-94.956180341660655,39.901443458541856],[-94.957725796541936,39.901616185982078],[-94.959280343100204,39.901679822405548],[-94.961416706676701,39.901398003762992],[-94.963353070656595,39.90114345808594],[-94.965398525786483,39.900607093858468],[-94.968816708396702,39.899761639547513],[-94.970689436690961,39.899243457506422],[-94.97329852803486,39.898588911810691],[-94.975807619662348,39.897898002024718],[-94.977753074570202,39.897479820167632],[-94.979598529112849,39.897179820427219],[-94.981162166240907,39.89691618344105],[-94.983380349021104,39.896779819693009],[-94.985089440342918,39.896698001637077],[-94.986980348868812,39.896679819787884],[-94.988934895243219,39.896743455435477],[-94.990289440851086,39.897016182974248],[-94.991825805400239,39.897443455894617],[-94.993389441897378,39.897916183240596],[-94.993980351328759,39.898088910648049],[-94.99562580621685,39.898488910137267],[-94.997643989322086,39.899098001148161],[-95.000262171421753,39.899616182586634],[-95.001353081402925,39.899907091493624],[-95.002453081179794,39.90018890964091],[-95.003825808616469,39.900407092114534],[-95.005334899757003,39.900579818680839],[-95.006825809759306,39.900607091655758],[-95.008453082985397,39.900607091711677],[-95.00992581107073,39.900452545962672],[-95.011171265597,39.900288909331039],[-95.013162174820181,39.899961637053529],[-95.014971266681613,39.899334363316278],[-95.016325812334273,39.898770727135165],[-95.017471267184973,39.89816163572187],[-95.018753085386251,39.897379817711055],[-95.020080358319277,39.896307089762814],[-95.021162176201813,39.894907090162981],[-95.021907631055811,39.893979816867393],[-95.022025813171879,39.893834362266553],[-95.023016722046876,39.892825271572477],[-95.023734904702891,39.892043453032564],[-95.024398541235243,39.891207089440165],[-95.025253086224495,39.889707089197699],[-95.02574399588778,39.888134361099851],[-95.025953085674146,39.886752542466795],[-95.025971267431558,39.885552542267583],[-95.02596217687892,39.884352542784548],[-95.025853086267432,39.883397997116518],[-95.025616722407705,39.882261632996865],[-95.025362176737801,39.880697996631717],[-95.025234903876481,39.879888905221037],[-95.02512581195603,39.878843450539733],[-95.025262176009761,39.877697995590331],[-95.025434903496347,39.876716177837935],[-95.025789448154157,39.875761631965268],[-95.026098539087172,39.874997995543907],[-95.027943994563913,39.871534358375378],[-95.029307631348104,39.870143449179764],[-95.032062177374073,39.8683434487615],[-95.03505308677461,39.866816175208335],[-95.037771268540226,39.865552538970348],[-95.042153088532274,39.864816174967487],[-95.046789452725477,39.864716174241742],[-95.052544000105215,39.864379810694146],[-95.056580364407793,39.863788901128942],[-95.060580366380435,39.863370718837643],[-95.066034912890856,39.862852536566614],[-95.07251673195114,39.862288900015244],[-95.077571279347509,39.861879807912679],[-95.081544007983226,39.861725262291614],[-95.085007645026096,39.861888899258233],[-95.0877894641648,39.862552535109806],[-95.090162192222309,39.863152535023488],[-95.091589464889864,39.863616171111119],[-95.096316739787213,39.865588899106626],[-95.101753104925677,39.867752535487057],[-95.105916742734109,39.869170716998411],[-95.108398561236882,39.869788898346634],[-95.110316743368216,39.870152535138644],[-95.111425834304015,39.870388898953763],[-95.116453108739691,39.871397989093978],[-95.120353109419796,39.872125261841106],[-95.123607656399642,39.872879807583686],[-95.1252622022797,39.873352535036389],[-95.128171294057637,39.874170716821808],[-95.129389476039123,39.874643443929756],[-95.130162204298756,39.875007080073637],[-95.131398567895459,39.875488898099746],[-95.132707659075834,39.875934353235174],[-95.134753114566863,39.876861625841961],[-95.137098569660182,39.878361625991303],[-95.138434933357033,39.879507079880888],[-95.13968947912241,39.880597989901588],[-95.140607661628323,39.881697989359274],[-95.141444026054174,39.882988899226447],[-95.142234935360875,39.884725262602764],[-95.142725844218006,39.885897990529514],[-95.143262208641275,39.88777980909876],[-95.1434076632043,39.889361627349238],[-95.143234936208131,39.890988899801059],[-95.142871300456321,39.892725264343547],[-95.142725844994388,39.893697991688072],[-95.142453118686603,39.895425264660027],[-95.142571299827353,39.897997992390039],[-95.142953118791482,39.899897992146187],[-95.143444028373452,39.901061629147847],[-95.14380766503696,39.901925265416033],[-95.145153120072237,39.903343447229062],[-95.146062211162473,39.904188902383808],[-95.147625847615643,39.905061629344416],[-95.149662211643218,39.905952538289007],[-95.151380394158224,39.906443448029265],[-95.153198577364236,39.906852538221337],[-95.15356221338115,39.906934356482701],[-95.154053122005834,39.907043447087403],[-95.15603494166028,39.907252538128084],[-95.157771305020475,39.907252538324634],[-95.159844033122013,39.906988902117874],[-95.160398578857794,39.906816174324078],[-95.161644033912324,39.906416174032486],[-95.163853124429892,39.905570719723372],[-95.16652585264336,39.904470718896086],[-95.169325853143533,39.903152537261683],[-95.172307672612533,39.902034354654667],[-95.175762219107099,39.90082526358546],[-95.177662218866061,39.900334354056817],[-95.179462219198285,39.900070717167424],[-95.181234946865047,39.900007081095112],[-95.181389492609512,39.900007081272896],[-95.183380402701772,39.900007081091381],[-95.185980402962898,39.900025262796014],[-95.187407676345543,39.900007081018096],[-95.189571313446166,39.899961625638682],[-95.191262223112773,39.900207080513617],[-95.193825860168332,39.90069798926482],[-95.196253133673679,39.901507080456966],[-95.197871315962047,39.902107080737963],[-95.198882933413842,39.902522901779918],[-95.199353134250828,39.902716171102782],[-95.199789497549631,39.902934353579539],[-95.200807679795389,39.903452535100264],[-95.201944043999475,39.904061626014105],[-95.202844044862147,39.904970716986135],[-95.203453136106859,39.905634353514202],[-95.204353136026654,39.906561626354375],[-95.20574404608999,39.908279808309452],[-95.206207682653087,39.90956162672277],[-95.206316773351929,39.910870718049622],[-95.206334954845033,39.912125263202846],[-95.206266850097748,39.912550922167561],[-95.20618950053786,39.913034354671481],[-95.206034955394713,39.91409799082907],[-95.205753137415471,39.915179809779367],[-95.20534404634104,39.916288900662977],[-95.204825864904123,39.917179809792493],[-95.204380409935212,39.918134355608082],[-95.20370768305358,39.919152537043679],[-95.203071318536487,39.920297992046322],[-95.20255313680768,39.921261628613472],[-95.202016773812488,39.922443447326877],[-95.201580410137467,39.924016174838222],[-95.20110768214542,39.925488902586082],[-95.200871318552345,39.926925266066327],[-95.200698591592584,39.928161630213566],[-95.200680410307939,39.929107084944803],[-95.200734955526784,39.931025267105085],[-95.201053137588673,39.932879812494626],[-95.201289501645959,39.934197994809928],[-95.201789501667861,39.935061630966153],[-95.202198592619595,39.93576163138178],[-95.203153139028345,39.937207085549716],[-95.204434957803443,39.938952540596695],[-95.205434957680964,39.939597994812772],[-95.206353139779509,39.94007072281601],[-95.207416777182885,39.940461631609942],[-95.208807686291507,39.940888904071471],[-95.209789504477939,39.941516177480267],[-95.210925868309729,39.941907086157549],[-95.21176223289271,39.942334359048701],[-95.212844051210197,39.94279799553734],[-95.213744051094707,39.943216177174925],[-95.214744051746706,39.943525268179677],[-95.216453143308115,39.943961631833197],[-95.21801677976751,39.9441252678726],[-95.220216780522065,39.944443449768258],[-95.221625871365347,39.944370722134515],[-95.227498600810591,39.944034358490015],[-95.231125874208843,39.943788903368556],[-95.23469860299393,39.943834357582581],[-95.236771330770679,39.943943448292636],[-95.238371330765403,39.944261630256307],[-95.24138951352478,39.944961630124254],[-95.243816786857138,39.945825266894616],[-95.24505315122056,39.946334357845316],[-95.245416787501114,39.946479812342439],[-95.24796224252556,39.947688903260236],[-95.250262243430114,39.948652539063033],[-95.251153152881813,39.949343449018336],[-95.252725880976328,39.950679812587467],[-95.255071336017977,39.952452539590126],[-95.256680427936658,39.953897994633827],[-95.257662246152449,39.954897994482891],[-95.258571337502872,39.956079812766276],[-95.259898610591989,39.957870722030691],[-95.261862247961744,39.960625267794619],[-95.264680430370447,39.963888904806204],[-95.266334976552926,39.965743450701773],[-95.26989861494593,39.969407086989634],[-95.272344069899319,39.971043450718838],[-95.274762251840485,39.972125269331812],[-95.279762253792484,39.974034360095359],[-95.283944073578155,39.975470723309449],[-95.28456839205333,39.975686582129512],[-95.285653164942715,39.976061633120509],[-95.289725893689422,39.977716178600097],[-95.295525895178116,39.980507087296154],[-95.299116805453323,39.982534359863394],[-95.300407715327381,39.983079814948191],[-95.301034988375022,39.983370723460219],[-95.301562260283674,39.983607087065373],[-95.302516806856204,39.984361633361743],[-95.303389533824813,39.985216178880997],[-95.304180443452736,39.986025269590471],[-95.305953171948559,39.98778890626366],[-95.30711680839147,39.989125269657478],[-95.307789536227233,39.990625269940587],[-95.308189536564655,39.992434361384532],[-95.308412655837984,39.993737378005406],[-95.308416809578517,39.993761634191237],[-95.308371355223557,39.995216179529535],[-95.308225900375831,39.997052543708918],[-95.308153173495342,39.998952544472388],[-95.308162263746496,39.999052543905364],[-95.30829862794549,40.000007090085631],[-95.309616810540234,40.000007089410921],[-95.32208044940333,40.000007088900496],[-95.32234336096856,40.000007093148227],[-95.32645317864052,40.000007088788266],[-95.329616815373953,40.000007088404608],[-95.331062269949754,40.000007088576993],[-95.331207724422185,40.000016179050192],[-95.331380451666561,40.00000708840534],[-95.339907727606231,40.000007087571163],[-95.345507729109215,40.000007087460908],[-95.346016820096565,39.999925269333019],[-95.34931682011468,39.999907086869527],[-95.350607729773841,39.99991617803591],[-95.359553187447361,40.000016177859635],[-95.359580459406374,40.000034359576723],[-95.361107732713478,39.999925268552559],[-95.367971371294161,39.999952540411925],[-95.368671371744398,39.999925267519991],[-95.368853189076631,39.999934358554569],[-95.371862281734664,40.000007086059739],[-95.375262282706203,40.000007085637272],[-95.393216832043734,40.00024344862247],[-95.398507743348233,40.000225266089934],[-95.407216835602384,40.000188901760296],[-95.415807747395291,40.00016162843729],[-95.421380476155335,40.000143446903415],[-95.426689568824855,40.000170718672997],[-95.43443502508633,40.000207082424417],[-95.437353208322577,40.000225263756917],[-95.452062302875291,40.000297990298272],[-95.456571395304081,40.000325262191559],[-95.46149866891551,39.999725262326514],[-95.461662304817963,39.999825262116254],[-95.461898668301089,39.999916171132014],[-95.462153214858716,39.999961625624067],[-95.463280487024946,39.999970716751548],[-95.463753214321898,39.99997071699228],[-95.465907760585125,39.999997989390891],[-95.473380490531198,40.000052533916296],[-95.475180490904947,40.000052534156637],[-95.482735038653757,40.000088897409888],[-95.49012594944972,40.000116169633955],[-95.501589589015452,40.000125259454791],[-95.509098681033265,40.000125259400697],[-95.520671412180945,40.000143440186463],[-95.524889594533022,40.000161621880764],[-95.527653231533932,40.000152530782664],[-95.528116868058945,40.000188894779519],[-95.535698688328836,40.000188893798487],[-95.538453234671849,40.000161621331074],[-95.539325961728593,40.000207075630136],[-95.539962325733327,40.000207075273316],[-95.540289599360648,40.00002525778136],[-95.540462326605322,39.99993434800863],[-95.54078050829898,39.99994343945626],[-95.540953235379604,40.000007075506915],[-95.541435053357702,40.000116166649136],[-95.54182596351292,40.000197984954127],[-95.542107780929342,40.000216166364517],[-95.546389600558854,40.000197984059817],[-95.556835057814624,40.000207074250163],[-95.558189603937691,40.000216165281103],[-95.564589605716648,40.000243438001796],[-95.565316878288144,40.000188892555173],[-95.56566233340962,40.000216165075649],[-95.568462333940289,40.000216165285728],[-95.583044155214751,40.000234346018473],[-95.592044158531436,40.000225254485414],[-95.595916885921582,40.000252526817526],[-95.602080524764403,40.000270708303113],[-95.614798709912478,40.000297979992659],[-95.620871438543517,40.000297980313185],[-95.623980530058304,40.000270706673696],[-95.625125985534069,40.000261616128185],[-95.627098712362894,40.000279797775896],[-95.633625986880489,40.000307069744018],[-95.639780534138438,40.000297978595192],[-95.642311266639737,40.00029800177893],[-95.644635081683731,40.000297978021401],[-95.645425990157264,40.000297977947653],[-95.646007809361649,40.00032525115197],[-95.646280536784701,40.000370705204205],[-95.648535081790271,40.000370705626729],[-95.648880536454811,40.000352523419636],[-95.658753266794648,40.00031615923772],[-95.663325995763572,40.000288886208232],[-95.67139872519941,40.000307067286926],[-95.673071452284262,40.000316158189506],[-95.675425998332656,40.000316157924331],[-95.692198730808371,40.000370702870498],[-95.708571462152506,40.000397974730745],[-95.709280552704612,40.000407065517756],[-95.711162371744905,40.000425247070076],[-95.727926012520442,40.000443427998128],[-95.728635103385912,40.000434336789255],[-95.73031692264837,40.000443427949833],[-95.734116922868125,40.000425246121488],[-95.740880561881369,40.000488882036677],[-95.746853290570968,40.00045251770122],[-95.749026018178611,40.000443426453835],[-95.750289654728149,40.000443426323464],[-95.761335112226192,40.000434335268771],[-95.768253296432761,40.000443425567475],[-95.773153297345104,40.000434334369636],[-95.773580570215131,40.00042524370734],[-95.774916933864759,40.000425243130515],[-95.784598755159536,40.000425242611435],[-95.787844210524199,40.000461606170084],[-95.788171482576658,40.000452515088824],[-95.79717148597949,40.00046160541369],[-95.798344213126128,40.000479787113676],[-95.803344214078578,40.000470696127415],[-95.805226032586745,40.000488877466992],[-95.8071169422319,40.000488878000304],[-95.826016947207378,40.000516149564547],[-95.831607858625574,40.000543421691077],[-95.833289677314411,40.000543421866894],[-95.83445331384118,40.000497966885831],[-95.844889680219325,40.000534329851263],[-95.855680592258039,40.000634329239908],[-95.867553322550791,40.000697965273922],[-95.875280597091091,40.00051614637939],[-95.882926054131744,40.000597963795819],[-95.883126053868054,40.000607054953306],[-95.88768060027671,40.000616145434236],[-95.89742605764971,40.000607053685243],[-95.901562422417072,40.000597962671755],[-95.90950787905777,40.000597962132979],[-95.928007884174249,40.000543415348041],[-95.928126065660578,40.000588870318282],[-95.928326066275886,40.000597961029186],[-95.930216975290406,40.000561597457967],[-95.943462433214776,40.000570687769446],[-95.953589708562149,40.000579777590147],[-95.954044254066375,40.000597959259657],[-95.956589710076045,40.000579777331872],[-95.957762437509331,40.000570686634347],[-95.963544256353472,40.000579777261393],[-95.966026076108889,40.000597959197641],[-95.966744257599601,40.00061614090454],[-95.96954425814603,40.00060704936481],[-95.971244259127232,40.000597958641954],[-95.972998804888434,40.000607049112695],[-95.977080624110897,40.000588867576418],[-95.983035171268511,40.000597957889525],[-95.991844264882019,40.000625229815945],[-95.996026083740432,40.000652502275372],[-96.000307903545732,40.000661593047809],[-96.007080631733373,40.000661592350227],[-96.007998814187928,40.00067068353637],[-96.008280632217506,40.000625228820567],[-96.009153360388396,40.000634319919754],[-96.0106806327763,40.000661592642636],[-96.014726088100247,40.000670682973215],[-96.024489727156677,40.000707045825031],[-96.024898818842701,40.000716136733793],[-96.036080639225986,40.00070704516898],[-96.03761700371966,40.000688863337452],[-96.049735189373337,40.000725226024407],[-96.051698825841726,40.000734317082284],[-96.066553374851551,40.000670679503173],[-96.081453379063291,40.000743406048279],[-96.082571561396577,40.000743406424142],[-96.086144288891646,40.000743405813537],[-96.090144289894567,40.000716132756082],[-96.102198839265483,40.000688859296403],[-96.105198840469953,40.000743404411267],[-96.108762476994855,40.000734313784285],[-96.109289749915959,40.00072522301403],[-96.110326113629952,40.000743404464913],[-96.119226116686562,40.000743403627943],[-96.123962481260833,40.000770676083896],[-96.125344299424114,40.000752494536755],[-96.125862481245534,40.000716130545754],[-96.125980663091795,40.000670676604138],[-96.136562484923331,40.000461584595087],[-96.146898850991334,40.000479765585595],[-96.154553398537359,40.000688856307349],[-96.154671580372806,40.000743401847323],[-96.161626127881604,40.000743401343072],[-96.161817036951874,40.000752492298588],[-96.163035219365796,40.000743401532958],[-96.163371582594138,40.000743400806549],[-96.16390794622707,40.000752492093625],[-96.180553405130198,40.000807036751752],[-96.18272613281944,40.000807036607476],[-96.189662498602701,40.000834309122446],[-96.199407955758957,40.000852489741668],[-96.20157159318326,40.000834308304498],[-96.216253414312433,40.000825215843967],[-96.220226143410144,40.000852488348293],[-96.22375341625937,40.000852488064339],[-96.234953419252562,40.000925214979823],[-96.236771601701221,40.000925214468737],[-96.237226147538436,40.000934306040953],[-96.237707966271785,40.000916123527645],[-96.239198875964462,40.000897942067098],[-96.242571602991362,40.000852487314937],[-96.242789785580442,40.000861577787042],[-96.24708978700157,40.000879760038693],[-96.251007968853884,40.000879759069207],[-96.258235243845149,40.000870668107083],[-96.275053430487674,40.000870666699591],[-96.277044339779124,40.000870666916811],[-96.295944344421201,40.000843393223541],[-96.299807981970417,40.000825210546921],[-96.300889800438796,40.000825211218945],[-96.301171619158069,40.000807029021352],[-96.301880709546339,40.000707029110536],[-96.302998892162151,40.000597937861045],[-96.303689801186465,40.000588846749928],[-96.303971619862182,40.000607029073052],[-96.305080711355842,40.000834301529302],[-96.307507984837557,40.000879756043467],[-96.313871622900322,40.000897937837358],[-96.314826168564082,40.000897937072409],[-96.331471627407382,40.000970663200292],[-96.333717082692161,40.000943390403421],[-96.337880720025936,40.000925208883629],[-96.34075344715329,40.000943390118074],[-96.342144356710222,40.000943390195289],[-96.342598902511597,40.000943390433449],[-96.34312617498469,40.00094338976119],[-96.348635267369303,40.000943389568874],[-96.349898904473207,40.000970662426887],[-96.35072617814717,40.000961571916108],[-96.351062541828554,40.000961571052116],[-96.353598905725718,40.000961571670857],[-96.354780723720651,40.000952480499443],[-96.356635269615069,40.000970662348386],[-96.369308000368463,40.000988842651516],[-96.370108000976529,40.000988842991667],[-96.375408001667168,40.000988842408859],[-96.388162550958029,40.000997932575139],[-96.388853460828528,40.000997932442161],[-96.407071646550136,40.00099793144139],[-96.407862556217438,40.000997931789193],[-96.408453465361234,40.000988840304849],[-96.425953470575678,40.000997930900205],[-96.426662561593943,40.000997930263281],[-96.444817111709256,40.000988837984352],[-96.445471656535972,40.000979747515828],[-96.448453475466025,40.000961565214709],[-96.463735297813045,40.000997928165106],[-96.466417117200308,40.000970655251578],[-96.467217117839454,40.000988836875479],[-96.467544390683074,40.001043382728966],[-96.467808026642842,40.001088836843984],[-96.468444390916659,40.001279745997138],[-96.468726208988315,40.00134338208607],[-96.469108026554608,40.001279745901059],[-96.470126209197048,40.000997927593126],[-96.472098936322809,40.001007018118614],[-96.482617121671012,40.000988835891583],[-96.500353489664249,40.001007017152986],[-96.501453489603705,40.001016107926773],[-96.507653491915534,40.001016107113777],[-96.520344404585728,40.001043379092927],[-96.52712622459228,40.001061560947335],[-96.53056258852105,40.000988832959699],[-96.531744407636836,40.001197923981906],[-96.532398952993802,40.001125196717403],[-96.539180772876861,40.001025196365802],[-96.539544409692539,40.001097923213742],[-96.557808050646528,40.001143376680155],[-96.558889869135911,40.000979740435824],[-96.559271687601907,40.001016103835752],[-96.576808055482886,40.001261557907206]]]]},"properties":{"FID":7,"US_L3CODE":"47","US_L3NAME":"Western Corn Belt Plains","NA_L3CODE":"9.2.3","NA_L3NAME":"Western Corn Belt Plains","NA_L2CODE":"9.2","NA_L2NAME":"TEMPERATE PRAIRIES","NA_L1CODE":"9","NA_L1NAME":"GREAT PLAINS","STATE_NAME":"Kansas","EPA_REGION":7,"L3_KEY":"47  Western Corn Belt Plains","L2_KEY":"9.2  TEMPERATE PRAIRIES","L1_KEY":"9  GREAT PLAINS"}}]}